Build started 18/07/2026 3:26:44 PM.
Logging verbosity is set to: Detailed.     0>Process = "C:\Program Files\dotnet\dotnet.exe"
       MSBuild executable path = "C:\Program Files\dotnet\sdk\8.0.423\MSBuild.dll"
       Command line arguments = "C:\Program Files\dotnet\sdk\8.0.423\MSBuild.dll -maxcpucount -verbosity:m -nologo -restore -consoleloggerparameters:Summary -verbosity:normal MdToPdf/MdToPdf.csproj -fileLogger -distributedlogger:Microsoft.DotNet.Tools.MSBuild.MSBuildLogger,C:\Program Files\dotnet\sdk\8.0.423\dotnet.dll*Microsoft.DotNet.Tools.MSBuild.MSBuildForwardingLogger,C:\Program Files\dotnet\sdk\8.0.423\dotnet.dll"
       Current directory = "C:\Users\Tony\.gemini\antigravity\scratch\marksmith"
       MSBuild version = "17.11.48+02bf66295"
       Based on the Windows registry key LongPathsEnabled, the LongPaths feature is disabled.
       The SDK "Microsoft.NET.Sdk" was successfully resolved by the "DefaultSdkResolver" resolver to location "C:\Program Files\dotnet\sdk\8.0.423\Sdks\Microsoft.NET.Sdk\Sdk" and version "".
       Assembly loaded during Evaluation: Microsoft.NET.StringTools, Version=1.0.0.0, Culture=neutral, PublicKeyToken=b03f5f7f11d50a3a (location: C:\Program Files\dotnet\sdk\8.0.423\Microsoft.NET.StringTools.dll, MVID: a6df08db-4589-427d-8720-dbb53fdf37b0, AssemblyLoadContext: Default)
       Property 'MSBuildExtensionsPath' with value 'C:\Program Files\dotnet\sdk\8.0.423\' expanded from the environment.
       Property reassignment: $(MSBuildProjectExtensionsPath)="C:\Users\Tony\.gemini\antigravity\scratch\marksmith\MdToPdf\obj\" (previous value: "obj\") at C:\Program Files\dotnet\sdk\8.0.423\Current\Microsoft.Common.props (60,5)
       Property 'MSBuildUserExtensionsPath' with value 'C:\Users\Tony\AppData\Local\Microsoft\MSBuild' expanded from the environment.
       Property reassignment: $(AssemblySearchPaths)="{CandidateAssemblyFiles};{HintPathFromItem}" (previous value: "{CandidateAssemblyFiles}") at C:\Program Files\dotnet\sdk\8.0.423\Sdks\Microsoft.NET.Sdk\targets\Microsoft.NET.Sdk.props (91,5)
       Property reassignment: $(AssemblySearchPaths)="{CandidateAssemblyFiles};{HintPathFromItem};{TargetFrameworkDirectory}" (previous value: "{CandidateAssemblyFiles};{HintPathFromItem}") at C:\Program Files\dotnet\sdk\8.0.423\Sdks\Microsoft.NET.Sdk\targets\Microsoft.NET.Sdk.props (92,5)
       Property reassignment: $(AssemblySearchPaths)="{CandidateAssemblyFiles};{HintPathFromItem};{TargetFrameworkDirectory};{RawFileName}" (previous value: "{CandidateAssemblyFiles};{HintPathFromItem};{TargetFrameworkDirectory}") at C:\Program Files\dotnet\sdk\8.0.423\Sdks\Microsoft.NET.Sdk\targets\Microsoft.NET.Sdk.props (93,5)
       The "DefaultSdkResolver" resolver attempted to resolve the SDK "Microsoft.NET.SDK.WorkloadAutoImportPropsLocator".
       Warnings: null
       Errors: MSB4276: The default SDK resolver failed to resolve SDK "Microsoft.NET.SDK.WorkloadAutoImportPropsLocator" because directory "C:\Program Files\dotnet\sdk\8.0.423\Sdks\Microsoft.NET.SDK.WorkloadAutoImportPropsLocator\Sdk" did not exist.
       Assembly loaded during Evaluation: Microsoft.Build.NuGetSdkResolver, Version=6.11.2.1, Culture=neutral, PublicKeyToken=31bf3856ad364e35 (location: C:\Program Files\dotnet\sdk\8.0.423\Microsoft.Build.NuGetSdkResolver.dll, MVID: 27ccb095-2c92-40dc-8ceb-3c408f94bba3, AssemblyLoadContext: MSBuild plugin C:\Program Files\dotnet\sdk\8.0.423\Microsoft.Build.NuGetSdkResolver.dll)
       Assembly loaded during Evaluation: Microsoft.NET.Sdk.WorkloadMSBuildSdkResolver, Version=8.0.423.0, Culture=neutral, PublicKeyToken=31bf3856ad364e35 (location: C:\Program Files\dotnet\sdk\8.0.423\Microsoft.NET.Sdk.WorkloadMSBuildSdkResolver.dll, MVID: 61e1ad19-0ff5-428d-97c3-01b6d68a94b6, AssemblyLoadContext: MSBuild plugin C:\Program Files\dotnet\sdk\8.0.423\Microsoft.NET.Sdk.WorkloadMSBuildSdkResolver.dll)
       Assembly loaded during Evaluation: System.Reflection.Metadata, Version=8.0.0.0, Culture=neutral, PublicKeyToken=b03f5f7f11d50a3a (location: C:\Program Files\dotnet\shared\Microsoft.NETCore.App\8.0.29\System.Reflection.Metadata.dll, MVID: 1edb09ec-b264-43ab-af6a-01f4a0d32780, AssemblyLoadContext: Default)
       Assembly loaded during Evaluation: Microsoft.DotNet.Cli.Utils, Version=8.0.423.0, Culture=neutral, PublicKeyToken=adb9793829ddae60 (location: C:\Program Files\dotnet\sdk\8.0.423\Microsoft.DotNet.Cli.Utils.dll, MVID: 86c6bacf-50dd-4e97-ac7b-3ba9b712f38f, AssemblyLoadContext: MSBuild plugin C:\Program Files\dotnet\sdk\8.0.423\Microsoft.NET.Sdk.WorkloadMSBuildSdkResolver.dll)
       Assembly loaded during Evaluation: Microsoft.NET.Sdk.WorkloadManifestReader, Version=8.0.423.0, Culture=neutral, PublicKeyToken=adb9793829ddae60 (location: C:\Program Files\dotnet\sdk\8.0.423\Microsoft.NET.Sdk.WorkloadManifestReader.dll, MVID: 82dd9be4-aca8-414f-a373-818c0124206e, AssemblyLoadContext: MSBuild plugin C:\Program Files\dotnet\sdk\8.0.423\Microsoft.NET.Sdk.WorkloadMSBuildSdkResolver.dll)
       Assembly loaded during Evaluation: Microsoft.Deployment.DotNet.Releases, Version=2.0.0.0, Culture=neutral, PublicKeyToken=31bf3856ad364e35 (location: C:\Program Files\dotnet\sdk\8.0.423\Microsoft.Deployment.DotNet.Releases.dll, MVID: 34f9f9be-a352-437d-b864-e54aac6740dd, AssemblyLoadContext: MSBuild plugin C:\Program Files\dotnet\sdk\8.0.423\Microsoft.NET.Sdk.WorkloadMSBuildSdkResolver.dll)
       The SDK "Microsoft.NET.SDK.WorkloadAutoImportPropsLocator" was successfully resolved by the "Microsoft.DotNet.MSBuildWorkloadSdkResolver" resolver to location "null" and version "null".
       Property reassignment: $(TargetsForTfmSpecificContentInPackage)=";PackTool;_PackProjectToolValidation" (previous value: ";PackTool") at C:\Program Files\dotnet\sdk\8.0.423\Sdks\Microsoft.NET.Sdk\targets\Microsoft.NET.PackProjectTool.props (15,5)
       Property reassignment: $(OutputType)="WinExe" (previous value: "Library") at C:\Users\Tony\.gemini\antigravity\scratch\marksmith\MdToPdf\MdToPdf.csproj (4,5)
       Property reassignment: $(AssemblyName)="Marksmith" (previous value: "MdToPdf") at C:\Users\Tony\.gemini\antigravity\scratch\marksmith\MdToPdf\MdToPdf.csproj (9,5)
       Property reassignment: $(Platforms)="x86;x64;arm64" (previous value: "AnyCPU") at C:\Users\Tony\.gemini\antigravity\scratch\marksmith\MdToPdf\MdToPdf.csproj (15,5)
       Property reassignment: $(Platform)="x64" (previous value: "AnyCPU") at C:\Users\Tony\.gemini\antigravity\scratch\marksmith\MdToPdf\MdToPdf.csproj (19,5)
       Property reassignment: $(DefineConstants)="TRACE;DISABLE_XAML_GENERATED_MAIN" (previous value: "TRACE") at C:\Users\Tony\.gemini\antigravity\scratch\marksmith\MdToPdf\MdToPdf.csproj (26,5)
       Property reassignment: $(PublishProfileImported)="false" (previous value: "true") at C:\Program Files\dotnet\sdk\8.0.423\Sdks\Microsoft.NET.Sdk\targets\Microsoft.NET.Sdk.ImportPublishProfile.targets (28,5)
       Assembly loaded during Evaluation: NuGet.Frameworks, Version=6.11.2.1, Culture=neutral, PublicKeyToken=31bf3856ad364e35 (location: C:\Program Files\dotnet\sdk\8.0.423\NuGet.Frameworks.dll, MVID: 69f2c13d-a9f1-4a43-bb62-e18b47d48034, AssemblyLoadContext: Assembly.LoadFile(C:\Program Files\dotnet\sdk\8.0.423\NuGet.Frameworks.dll))
       Property reassignment: $(TargetPlatformIdentifier)="Windows" (previous value: "windows") at C:\Program Files\dotnet\sdk\8.0.423\Sdks\Microsoft.NET.Sdk\targets\Microsoft.NET.TargetFrameworkInference.targets (71,5)
       Property reassignment: $(DefaultItemExcludes)=";bin\x64\Debug\/**;obj\x64\Debug\/**" (previous value: ";bin\x64\Debug\/**") at C:\Program Files\dotnet\sdk\8.0.423\Sdks\Microsoft.NET.Sdk\targets\Microsoft.NET.DefaultOutputPaths.targets (122,5)
       Property reassignment: $(OutputPath)="bin\x64\Debug\net8.0-windows10.0.19041.0\" (previous value: "bin\x64\Debug\") at C:\Program Files\dotnet\sdk\8.0.423\Sdks\Microsoft.NET.Sdk\targets\Microsoft.NET.DefaultOutputPaths.targets (137,5)
       Property reassignment: $(IntermediateOutputPath)="obj\x64\Debug\net8.0-windows10.0.19041.0\" (previous value: "obj\x64\Debug\") at C:\Program Files\dotnet\sdk\8.0.423\Sdks\Microsoft.NET.Sdk\targets\Microsoft.NET.DefaultOutputPaths.targets (142,5)
       The "DefaultSdkResolver" resolver attempted to resolve the SDK "Microsoft.NET.SDK.WorkloadManifestTargetsLocator".
       Warnings: null
       Errors: MSB4276: The default SDK resolver failed to resolve SDK "Microsoft.NET.SDK.WorkloadManifestTargetsLocator" because directory "C:\Program Files\dotnet\sdk\8.0.423\Sdks\Microsoft.NET.SDK.WorkloadManifestTargetsLocator\Sdk" did not exist.
       The SDK "Microsoft.NET.SDK.WorkloadManifestTargetsLocator" was successfully resolved by the "Microsoft.DotNet.MSBuildWorkloadSdkResolver" resolver to location "C:\Program Files\dotnet\sdk-manifests\8.0.100\microsoft.net.sdk.android\34.0.43" and version "null".
       Property reassignment: $(IntermediateOutputPath)="obj\x64\Debug\net8.0-windows10.0.19041.0\win-x64\" (previous value: "obj\x64\Debug\net8.0-windows10.0.19041.0\") at C:\Program Files\dotnet\sdk\8.0.423\Sdks\Microsoft.NET.Sdk\targets\Microsoft.NET.RuntimeIdentifierInference.targets (329,5)
       Property reassignment: $(OutputPath)="bin\x64\Debug\net8.0-windows10.0.19041.0\win-x64\" (previous value: "bin\x64\Debug\net8.0-windows10.0.19041.0\") at C:\Program Files\dotnet\sdk\8.0.423\Sdks\Microsoft.NET.Sdk\targets\Microsoft.NET.RuntimeIdentifierInference.targets (330,5)
       Property reassignment: $(_FrameworkIdentifierForImplicitDefine)="NET" (previous value: "NETCOREAPP") at C:\Program Files\dotnet\sdk\8.0.423\Sdks\Microsoft.NET.Sdk\targets\Microsoft.NET.Sdk.BeforeCommon.targets (187,5)
       Property reassignment: $(_FrameworkVersionForImplicitDefine)="8_0" (previous value: "8.0") at C:\Program Files\dotnet\sdk\8.0.423\Sdks\Microsoft.NET.Sdk\targets\Microsoft.NET.Sdk.BeforeCommon.targets (192,5)
       Property reassignment: $(CommandLineArgsForDesignTimeEvaluation)="-langversion:latest -define:TRACE;DISABLE_XAML_GENERATED_MAIN" (previous value: "-langversion:latest") at C:\Program Files\dotnet\sdk\8.0.423\Roslyn\Microsoft.CSharp.Core.targets (200,5)
       Assembly loaded during Evaluation: Microsoft.Build.Utilities.Core, Version=15.1.0.0, Culture=neutral, PublicKeyToken=b03f5f7f11d50a3a (location: C:\Program Files\dotnet\sdk\8.0.423\Microsoft.Build.Utilities.Core.dll, MVID: 3ef2c93a-1391-4e37-a4e3-a5d04b06a824, AssemblyLoadContext: Default)
       Property reassignment: $(_DebugSymbolsProduced)="true" (previous value: "false") at C:\Program Files\dotnet\sdk\8.0.423\Microsoft.Common.CurrentVersion.targets (175,5)
       Property reassignment: $(_DocumentationFileProduced)="false" (previous value: "true") at C:\Program Files\dotnet\sdk\8.0.423\Microsoft.Common.CurrentVersion.targets (185,5)
       Property reassignment: $(MSBuildCopyMarkerName)="MdToPdf.csproj.Up2Date" (previous value: "MdToPdf.csproj") at C:\Program Files\dotnet\sdk\8.0.423\Microsoft.Common.CurrentVersion.targets (393,5)
       Property reassignment: $(ProcessorArchitecture)="amd64" (previous value: "x64") at C:\Program Files\dotnet\sdk\8.0.423\Microsoft.Common.CurrentVersion.targets (528,5)
       Property reassignment: $(DelaySign)="" (previous value: "false") at C:\Program Files\dotnet\sdk\8.0.423\Microsoft.Common.CurrentVersion.targets (580,5)
       Property 'LOCALAPPDATA' with value 'C:\Users\Tony\AppData\Local' expanded from the environment.
       Property reassignment: $(_SGenGenerateSerializationAssembliesConfig)="Auto" (previous value: "") at C:\Program Files\dotnet\sdk\8.0.423\Microsoft.Common.CurrentVersion.targets (3896,5)
       Property reassignment: $(_SGenGenerateSerializationAssembliesConfig)="Off" (previous value: "Auto") at C:\Program Files\dotnet\sdk\8.0.423\Microsoft.Common.CurrentVersion.targets (3897,5)
       Property reassignment: $(_TargetsThatPrepareProjectReferences)="
             AssignProjectConfiguration;
             _SplitProjectReferencesByFileExistence
           " (previous value: "_SplitProjectReferencesByFileExistence") at C:\Program Files\dotnet\sdk\8.0.423\Microsoft.Common.CurrentVersion.targets (5099,5)
       Property 'MSBuildExtensionsPath32' with value 'C:\Program Files\dotnet\sdk\8.0.423' expanded from the environment.
       Assembly loaded during Evaluation: System.Threading.Tasks.Parallel, Version=8.0.0.0, Culture=neutral, PublicKeyToken=b03f5f7f11d50a3a (location: C:\Program Files\dotnet\shared\Microsoft.NETCore.App\8.0.29\System.Threading.Tasks.Parallel.dll, MVID: 27ca0a1b-677e-44ad-9f16-d5c2bf7d58ff, AssemblyLoadContext: Default)
       Property reassignment: $(ProjectAssetsFile)="C:\Users\Tony\.gemini\antigravity\scratch\marksmith\MdToPdf\obj\project.assets.json" (previous value: "C:\Users\Tony\.gemini\antigravity\scratch\marksmith\MdToPdf\obj\/project.assets.json") at C:\Program Files\dotnet\sdk\8.0.423\Sdks\Microsoft.NET.Sdk\targets\Microsoft.PackageDependencyResolution.targets (24,5)
       Property reassignment: $(ProjectAssetsCacheFile)="C:\Users\Tony\.gemini\antigravity\scratch\marksmith\MdToPdf\obj\x64\Debug\net8.0-windows10.0.19041.0\win-x64\MdToPdf.assets.cache" (previous value: "obj\x64\Debug\net8.0-windows10.0.19041.0\win-x64\MdToPdf.assets.cache") at C:\Program Files\dotnet\sdk\8.0.423\Sdks\Microsoft.NET.Sdk\targets\Microsoft.PackageDependencyResolution.targets (29,5)
       Property reassignment: $(ResolveAssemblyReferencesDependsOn)="
             
             ResolveProjectReferences;
             FindInvalidProjectReferences;
             GetFrameworkPaths;
             GetReferenceAssemblyPaths;
             PrepareForBuild;
             ResolveSDKReferences;
             ExpandSDKReferences;
           ;
             ResolvePackageDependenciesForBuild;
             _HandlePackageFileConflicts;
           " (previous value: "
             ResolveProjectReferences;
             FindInvalidProjectReferences;
             GetFrameworkPaths;
             GetReferenceAssemblyPaths;
             PrepareForBuild;
             ResolveSDKReferences;
             ExpandSDKReferences;
           ") at C:\Program Files\dotnet\sdk\8.0.423\Sdks\Microsoft.NET.Sdk\targets\Microsoft.PackageDependencyResolution.targets (80,5)
       Property reassignment: $(PrepareResourcesDependsOn)="
             ResolvePackageDependenciesForBuild;
             _HandlePackageFileConflicts;
             
             ;
             PrepareResourceNames;
             ResGen;
             CompileLicxFiles
           
           " (previous value: "
             ;
             PrepareResourceNames;
             ResGen;
             CompileLicxFiles
           ") at C:\Program Files\dotnet\sdk\8.0.423\Sdks\Microsoft.NET.Sdk\targets\Microsoft.PackageDependencyResolution.targets (86,5)
       Property reassignment: $(DefaultItemExcludes)=";bin\x64\Debug\/**;obj\x64\Debug\/**;bin\/**" (previous value: ";bin\x64\Debug\/**;obj\x64\Debug\/**") at C:\Program Files\dotnet\sdk\8.0.423\Sdks\Microsoft.NET.Sdk\targets\Microsoft.NET.Sdk.DefaultItems.targets (27,5)
       Property reassignment: $(DefaultItemExcludes)=";bin\x64\Debug\/**;obj\x64\Debug\/**;bin\/**;obj\/**" (previous value: ";bin\x64\Debug\/**;obj\x64\Debug\/**;bin\/**") at C:\Program Files\dotnet\sdk\8.0.423\Sdks\Microsoft.NET.Sdk\targets\Microsoft.NET.Sdk.DefaultItems.targets (29,5)
       Property reassignment: $(DefaultItemExcludes)=";bin\x64\Debug\/**;obj\x64\Debug\/**;bin\/**;obj\/**;**/*.user" (previous value: ";bin\x64\Debug\/**;obj\x64\Debug\/**;bin\/**;obj\/**") at C:\Program Files\dotnet\sdk\8.0.423\Sdks\Microsoft.NET.Sdk\targets\Microsoft.NET.Sdk.DefaultItems.targets (32,5)
       Property reassignment: $(DefaultItemExcludes)=";bin\x64\Debug\/**;obj\x64\Debug\/**;bin\/**;obj\/**;**/*.user;**/*.*proj" (previous value: ";bin\x64\Debug\/**;obj\x64\Debug\/**;bin\/**;obj\/**;**/*.user") at C:\Program Files\dotnet\sdk\8.0.423\Sdks\Microsoft.NET.Sdk\targets\Microsoft.NET.Sdk.DefaultItems.targets (33,5)
       Property reassignment: $(DefaultItemExcludes)=";bin\x64\Debug\/**;obj\x64\Debug\/**;bin\/**;obj\/**;**/*.user;**/*.*proj;**/*.sln" (previous value: ";bin\x64\Debug\/**;obj\x64\Debug\/**;bin\/**;obj\/**;**/*.user;**/*.*proj") at C:\Program Files\dotnet\sdk\8.0.423\Sdks\Microsoft.NET.Sdk\targets\Microsoft.NET.Sdk.DefaultItems.targets (34,5)
       Property reassignment: $(DefaultItemExcludes)=";bin\x64\Debug\/**;obj\x64\Debug\/**;bin\/**;obj\/**;**/*.user;**/*.*proj;**/*.sln;**/*.vssscc" (previous value: ";bin\x64\Debug\/**;obj\x64\Debug\/**;bin\/**;obj\/**;**/*.user;**/*.*proj;**/*.sln") at C:\Program Files\dotnet\sdk\8.0.423\Sdks\Microsoft.NET.Sdk\targets\Microsoft.NET.Sdk.DefaultItems.targets (35,5)
       Property reassignment: $(DefaultItemExcludes)=";bin\x64\Debug\/**;obj\x64\Debug\/**;bin\/**;obj\/**;**/*.user;**/*.*proj;**/*.sln;**/*.vssscc;**/.DS_Store" (previous value: ";bin\x64\Debug\/**;obj\x64\Debug\/**;bin\/**;obj\/**;**/*.user;**/*.*proj;**/*.sln;**/*.vssscc") at C:\Program Files\dotnet\sdk\8.0.423\Sdks\Microsoft.NET.Sdk\targets\Microsoft.NET.Sdk.DefaultItems.targets (36,5)
       Property reassignment: $(ResolveAssemblyReferencesDependsOn)="
             
             
             ResolveProjectReferences;
             FindInvalidProjectReferences;
             GetFrameworkPaths;
             GetReferenceAssemblyPaths;
             PrepareForBuild;
             ResolveSDKReferences;
             ExpandSDKReferences;
           ;
             ResolvePackageDependenciesForBuild;
             _HandlePackageFileConflicts;
           ;
             ResolveTargetingPackAssets;
           " (previous value: "
             
             ResolveProjectReferences;
             FindInvalidProjectReferences;
             GetFrameworkPaths;
             GetReferenceAssemblyPaths;
             PrepareForBuild;
             ResolveSDKReferences;
             ExpandSDKReferences;
           ;
             ResolvePackageDependenciesForBuild;
             _HandlePackageFileConflicts;
           ") at C:\Program Files\dotnet\sdk\8.0.423\Sdks\Microsoft.NET.Sdk\targets\Microsoft.NET.Sdk.FrameworkReferenceResolution.targets (14,5)
       Property reassignment: $(_GenerateRuntimeConfigurationPropertyInputsCache)="C:\Users\Tony\.gemini\antigravity\scratch\marksmith\MdToPdf\obj\x64\Debug\net8.0-windows10.0.19041.0\win-x64\MdToPdf.genruntimeconfig.cache" (previous value: "obj\x64\Debug\net8.0-windows10.0.19041.0\win-x64\MdToPdf.genruntimeconfig.cache") at C:\Program Files\dotnet\sdk\8.0.423\Sdks\Microsoft.NET.Sdk\targets\Microsoft.NET.Sdk.targets (44,5)
       Property reassignment: $(_GeneratePublishDependencyFilePropertyInputsCache)="C:\Users\Tony\.gemini\antigravity\scratch\marksmith\MdToPdf\obj\x64\Debug\net8.0-windows10.0.19041.0\win-x64\MdToPdf.genpublishdeps.cache" (previous value: "obj\x64\Debug\net8.0-windows10.0.19041.0\win-x64\MdToPdf.genpublishdeps.cache") at C:\Program Files\dotnet\sdk\8.0.423\Sdks\Microsoft.NET.Sdk\targets\Microsoft.NET.Sdk.targets (46,5)
       Property reassignment: $(_GenerateSingleFileBundlePropertyInputsCache)="C:\Users\Tony\.gemini\antigravity\scratch\marksmith\MdToPdf\obj\x64\Debug\net8.0-windows10.0.19041.0\win-x64\MdToPdf.genbundle.cache" (previous value: "obj\x64\Debug\net8.0-windows10.0.19041.0\win-x64\MdToPdf.genbundle.cache") at C:\Program Files\dotnet\sdk\8.0.423\Sdks\Microsoft.NET.Sdk\targets\Microsoft.NET.Sdk.targets (48,5)
       Property reassignment: $(GenerateRuntimeConfigDevFile)="false" (previous value: "true") at C:\Program Files\dotnet\sdk\8.0.423\Sdks\Microsoft.NET.Sdk\targets\Microsoft.NET.Sdk.targets (81,5)
       Property 'USERPROFILE' with value 'C:\Users\Tony' expanded from the environment.
       Property reassignment: $(_DefaultUserProfileRuntimeStorePath)="C:\Users\Tony" (previous value: "") at C:\Program Files\dotnet\sdk\8.0.423\Sdks\Microsoft.NET.Sdk\targets\Microsoft.NET.Sdk.targets (97,5)
       Property reassignment: $(_DefaultUserProfileRuntimeStorePath)="C:\Users\Tony\.dotnet\store" (previous value: "C:\Users\Tony") at C:\Program Files\dotnet\sdk\8.0.423\Sdks\Microsoft.NET.Sdk\targets\Microsoft.NET.Sdk.targets (98,5)
       Property reassignment: $(AvailablePlatforms)="Any CPU,x86,x64,ARM32" (previous value: "Any CPU,x86,x64") at C:\Program Files\dotnet\sdk\8.0.423\Sdks\Microsoft.NET.Sdk\targets\Microsoft.NET.Sdk.targets (136,5)
       Property reassignment: $(AvailablePlatforms)="Any CPU,x86,x64,ARM32,ARM64" (previous value: "Any CPU,x86,x64,ARM32") at C:\Program Files\dotnet\sdk\8.0.423\Sdks\Microsoft.NET.Sdk\targets\Microsoft.NET.Sdk.targets (140,5)
       Property reassignment: $(CoreBuildDependsOn)="
             _CheckForBuildWithNoBuild;
             
             BuildOnlySettings;
             PrepareForBuild;
             PreBuildEvent;
             ResolveReferences;
             PrepareResources;
             ResolveKeySource;
             Compile;
             ExportWindowsMDFile;
             UnmanagedUnregistration;
             GenerateSerializationAssemblies;
             CreateSatelliteAssemblies;
             GenerateManifests;
             GetTargetPath;
             PrepareForRun;
             UnmanagedRegistration;
             IncrementalClean;
             PostBuildEvent
           ;
             GenerateBuildDependencyFile;
             GenerateBuildRuntimeConfigurationFiles
           " (previous value: "
             BuildOnlySettings;
             PrepareForBuild;
             PreBuildEvent;
             ResolveReferences;
             PrepareResources;
             ResolveKeySource;
             Compile;
             ExportWindowsMDFile;
             UnmanagedUnregistration;
             GenerateSerializationAssemblies;
             CreateSatelliteAssemblies;
             GenerateManifests;
             GetTargetPath;
             PrepareForRun;
             UnmanagedRegistration;
             IncrementalClean;
             PostBuildEvent
           ") at C:\Program Files\dotnet\sdk\8.0.423\Sdks\Microsoft.NET.Sdk\targets\Microsoft.NET.Sdk.targets (197,5)
       Property reassignment: $(CoreCleanDependsOn)="
             _SdkBeforeClean;
             
           " (previous value: "") at C:\Program Files\dotnet\sdk\8.0.423\Sdks\Microsoft.NET.Sdk\targets\Microsoft.NET.Sdk.targets (206,5)
       Property reassignment: $(RebuildDependsOn)="
             _SdkBeforeRebuild;
             
             BeforeRebuild;
             Clean;
             Build;
             AfterRebuild;
           
           " (previous value: "
             BeforeRebuild;
             Clean;
             Build;
             AfterRebuild;
           ") at C:\Program Files\dotnet\sdk\8.0.423\Sdks\Microsoft.NET.Sdk\targets\Microsoft.NET.Sdk.targets (213,5)
       Property reassignment: $(CompileDependsOn)="
             
             ResolveReferences;
             ResolveKeySource;
             SetWin32ManifestProperties;
             _SetPreferNativeArm64Win32ManifestProperties;
             FindReferenceAssembliesForReferences;
             _GenerateCompileInputs;
             BeforeCompile;
             _TimeStampBeforeCompile;
             _GenerateCompileDependencyCache;
             CoreCompile;
             _TimeStampAfterCompile;
             AfterCompile;
           ;
             _CreateAppHost;
             _CreateComHost;
             _GetIjwHostPaths;
           " (previous value: "
             ResolveReferences;
             ResolveKeySource;
             SetWin32ManifestProperties;
             _SetPreferNativeArm64Win32ManifestProperties;
             FindReferenceAssembliesForReferences;
             _GenerateCompileInputs;
             BeforeCompile;
             _TimeStampBeforeCompile;
             _GenerateCompileDependencyCache;
             CoreCompile;
             _TimeStampAfterCompile;
             AfterCompile;
           ") at C:\Program Files\dotnet\sdk\8.0.423\Sdks\Microsoft.NET.Sdk\targets\Microsoft.NET.Sdk.targets (679,5)
       Property reassignment: $(CreateSatelliteAssembliesDependsOn)="
             
             ;
             _GenerateSatelliteAssemblyInputs;
             ComputeIntermediateSatelliteAssemblies;
             GenerateSatelliteAssemblies
           ;
             CoreGenerateSatelliteAssemblies
           " (previous value: "
             ;
             _GenerateSatelliteAssemblyInputs;
             ComputeIntermediateSatelliteAssemblies;
             GenerateSatelliteAssemblies
           ") at C:\Program Files\dotnet\sdk\8.0.423\Sdks\Microsoft.NET.Sdk\targets\Microsoft.NET.Sdk.targets (1065,5)
       Property reassignment: $(SourceLinkUrlInitializerTargets)=";_InitializeGitHubSourceLinkUrl;_InitializeGitLabSourceLinkUrl" (previous value: ";_InitializeGitHubSourceLinkUrl") at C:\Program Files\dotnet\sdk\8.0.423\Sdks\Microsoft.SourceLink.GitLab\build\Microsoft.SourceLink.GitLab.targets (12,5)
       Property reassignment: $(SourceControlManagerUrlTranslationTargets)=";TranslateGitHubUrlsInSourceControlInformation;TranslateGitLabUrlsInSourceControlInformation" (previous value: ";TranslateGitHubUrlsInSourceControlInformation") at C:\Program Files\dotnet\sdk\8.0.423\Sdks\Microsoft.SourceLink.GitLab\build\Microsoft.SourceLink.GitLab.targets (13,5)
       Property reassignment: $(SourceLinkUrlInitializerTargets)=";_InitializeGitHubSourceLinkUrl;_InitializeGitLabSourceLinkUrl;_InitializeAzureReposGitSourceLinkUrl" (previous value: ";_InitializeGitHubSourceLinkUrl;_InitializeGitLabSourceLinkUrl") at C:\Program Files\dotnet\sdk\8.0.423\Sdks\Microsoft.SourceLink.AzureRepos.Git\build\Microsoft.SourceLink.AzureRepos.Git.targets (12,5)
       Property reassignment: $(SourceControlManagerUrlTranslationTargets)=";TranslateGitHubUrlsInSourceControlInformation;TranslateGitLabUrlsInSourceControlInformation;TranslateAzureReposGitUrlsInSourceControlInformation" (previous value: ";TranslateGitHubUrlsInSourceControlInformation;TranslateGitLabUrlsInSourceControlInformation") at C:\Program Files\dotnet\sdk\8.0.423\Sdks\Microsoft.SourceLink.AzureRepos.Git\build\Microsoft.SourceLink.AzureRepos.Git.targets (13,5)
       Property reassignment: $(SourceLinkUrlInitializerTargets)=";_InitializeGitHubSourceLinkUrl;_InitializeGitLabSourceLinkUrl;_InitializeAzureReposGitSourceLinkUrl;_InitializeBitbucketGitSourceLinkUrl" (previous value: ";_InitializeGitHubSourceLinkUrl;_InitializeGitLabSourceLinkUrl;_InitializeAzureReposGitSourceLinkUrl") at C:\Program Files\dotnet\sdk\8.0.423\Sdks\Microsoft.SourceLink.Bitbucket.Git\build\Microsoft.SourceLink.Bitbucket.Git.targets (12,5)
       Property reassignment: $(SourceControlManagerUrlTranslationTargets)=";TranslateGitHubUrlsInSourceControlInformation;TranslateGitLabUrlsInSourceControlInformation;TranslateAzureReposGitUrlsInSourceControlInformation;TranslateBitbucketGitUrlsInSourceControlInformation" (previous value: ";TranslateGitHubUrlsInSourceControlInformation;TranslateGitLabUrlsInSourceControlInformation;TranslateAzureReposGitUrlsInSourceControlInformation") at C:\Program Files\dotnet\sdk\8.0.423\Sdks\Microsoft.SourceLink.Bitbucket.Git\build\Microsoft.SourceLink.Bitbucket.Git.targets (13,5)
       Property reassignment: $(DesignerRuntimeImplementationProjectOutputGroupDependsOn)="
             
             ;
             
             ;
             BuildOnlySettings;
             PrepareForBuild;
             AssignTargetPaths;
             ResolveReferences
           
           ;
             _GenerateDesignerDepsFile;
             _GenerateDesignerRuntimeConfigFile;
             GetCopyToOutputDirectoryItems;
             _GatherDesignerShadowCopyFiles;
           " (previous value: "
             ;
             
             ;
             BuildOnlySettings;
             PrepareForBuild;
             AssignTargetPaths;
             ResolveReferences
           
           ") at C:\Program Files\dotnet\sdk\8.0.423\Sdks\Microsoft.NET.Sdk\targets\Microsoft.NET.DesignerSupport.targets (21,5)
       Property reassignment: $(_GenerateToolsSettingsFileCacheFile)="C:\Users\Tony\.gemini\antigravity\scratch\marksmith\MdToPdf\obj\x64\Debug\net8.0-windows10.0.19041.0\win-x64\MdToPdf.toolssettingsinput.cache" (previous value: "obj\x64\Debug\net8.0-windows10.0.19041.0\win-x64\MdToPdf.toolssettingsinput.cache") at C:\Program Files\dotnet\sdk\8.0.423\Sdks\Microsoft.NET.Sdk\targets\Microsoft.NET.PackTool.targets (68,5)
       Property reassignment: $(_ShimInputCacheFile)="C:\Users\Tony\.gemini\antigravity\scratch\marksmith\MdToPdf\obj\x64\Debug\net8.0-windows10.0.19041.0\win-x64\MdToPdf.shiminput.cache" (previous value: "obj\x64\Debug\net8.0-windows10.0.19041.0\win-x64\MdToPdf.shiminput.cache") at C:\Program Files\dotnet\sdk\8.0.423\Sdks\Microsoft.NET.Sdk\targets\Microsoft.NET.PackTool.targets (137,5)
       Property reassignment: $(_ShimCreatedSentinelFile)="C:\Users\Tony\.gemini\antigravity\scratch\marksmith\MdToPdf\obj\x64\Debug\net8.0-windows10.0.19041.0\win-x64\MdToPdf.shimcreated.sentinel" (previous value: "obj\x64\Debug\net8.0-windows10.0.19041.0\win-x64\MdToPdf.shimcreated.sentinel") at C:\Program Files\dotnet\sdk\8.0.423\Sdks\Microsoft.NET.Sdk\targets\Microsoft.NET.PackTool.targets (139,5)
       Property reassignment: $(DefineConstants)="TRACE;DISABLE_XAML_GENERATED_MAIN;DEBUG" (previous value: "TRACE;DISABLE_XAML_GENERATED_MAIN") at C:\Program Files\dotnet\sdk\8.0.423\Sdks\Microsoft.NET.Sdk\targets\Microsoft.NET.Sdk.CSharp.targets (31,5)
       Property reassignment: $(DefineConstants)="TRACE;DISABLE_XAML_GENERATED_MAIN;DEBUG;NET;NET8_0;NETCOREAPP" (previous value: "TRACE;DISABLE_XAML_GENERATED_MAIN;DEBUG") at C:\Program Files\dotnet\sdk\8.0.423\Sdks\Microsoft.NET.Sdk\targets\Microsoft.NET.Sdk.CSharp.targets (34,5)
       Property reassignment: $(WarningsAsErrors)=";NU1605;SYSLIB0011" (previous value: ";NU1605") at C:\Program Files\dotnet\sdk\8.0.423\Sdks\Microsoft.NET.Sdk\targets\Microsoft.NET.Sdk.CSharp.targets (48,5)
       Property reassignment: $(PackageDescription)="Package Description" (previous value: "") at C:\Program Files\dotnet\sdk\8.0.423\Sdks\NuGet.Build.Tasks.Pack\build\NuGet.Build.Tasks.Pack.targets (34,5)
       Property reassignment: $(GenerateNuspecDependsOn)="Build;_LoadPackInputItems; _GetTargetFrameworksOutput; _WalkEachTargetPerFramework; _GetPackageFiles; " (previous value: "_LoadPackInputItems; _GetTargetFrameworksOutput; _WalkEachTargetPerFramework; _GetPackageFiles; ") at C:\Program Files\dotnet\sdk\8.0.423\Sdks\NuGet.Build.Tasks.Pack\build\NuGet.Build.Tasks.Pack.targets (59,5)
       Property reassignment: $(_IsNotSetContainersTargetsDir)="true" (previous value: "false") at C:\Program Files\dotnet\sdk\8.0.423\Sdks\Microsoft.NET.Sdk\Sdk\Sdk.targets (59,5)
       Property reassignment: $(_IsSDKContainerAllowedVersion)="true" (previous value: "false") at C:\Program Files\dotnet\sdk\8.0.423\Containers\build\Microsoft.NET.Build.Containers.targets (5,5)
       Property reassignment: $(_ContainerIsTargetingNet8TFM)="true" (previous value: "false") at C:\Program Files\dotnet\sdk\8.0.423\Containers\build\Microsoft.NET.Build.Containers.targets (15,5)
       Assembly loaded during Evaluation: System.Reflection.Emit.Lightweight, Version=8.0.0.0, Culture=neutral, PublicKeyToken=b03f5f7f11d50a3a (location: C:\Program Files\dotnet\shared\Microsoft.NETCore.App\8.0.29\System.Reflection.Emit.Lightweight.dll, MVID: c5917045-1101-4fb0-9e3a-03cc84007b7c, AssemblyLoadContext: Default)
       Assembly loaded during Evaluation: System.Reflection.Emit.ILGeneration, Version=8.0.0.0, Culture=neutral, PublicKeyToken=b03f5f7f11d50a3a (location: C:\Program Files\dotnet\shared\Microsoft.NETCore.App\8.0.29\System.Reflection.Emit.ILGeneration.dll, MVID: e3bd385b-8761-4b5d-943b-0e8a9fb639a2, AssemblyLoadContext: Default)
       Assembly loaded during Evaluation: System.Reflection.Primitives, Version=8.0.0.0, Culture=neutral, PublicKeyToken=b03f5f7f11d50a3a (location: C:\Program Files\dotnet\shared\Microsoft.NETCore.App\8.0.29\System.Reflection.Primitives.dll, MVID: af0167c7-5482-45f4-a8fa-6faebbecde5c, AssemblyLoadContext: Default)
       Overriding target "ResolveFrameworkReferences" in project "C:\Program Files\dotnet\sdk\8.0.423\Microsoft.Common.CurrentVersion.targets" with target "ResolveFrameworkReferences" from project "C:\Program Files\dotnet\sdk\8.0.423\Sdks\Microsoft.NET.Sdk\targets\Microsoft.NET.Sdk.FrameworkReferenceResolution.targets".
       Overriding target "Run" in project "C:\Program Files\dotnet\sdk\8.0.423\Microsoft.Common.CurrentVersion.targets" with target "Run" from project "C:\Program Files\dotnet\sdk\8.0.423\Sdks\Microsoft.NET.Sdk\targets\Microsoft.NET.Sdk.targets".
       Overriding target "GenerateSupportedTargetFrameworkAlias" in project "C:\Program Files\dotnet\sdk\8.0.423\Microsoft.Common.CurrentVersion.targets" with target "GenerateSupportedTargetFrameworkAlias" from project "C:\Program Files\dotnet\sdk\8.0.423\Sdks\Microsoft.NET.Sdk\targets\Microsoft.NET.Sdk.targets".
       Overriding target "GetReferenceAssemblyPaths" in project "C:\Program Files\dotnet\sdk\8.0.423\Microsoft.Common.CurrentVersion.targets" with target "GetReferenceAssemblyPaths" from project "C:\Program Files\dotnet\sdk\8.0.423\Sdks\Microsoft.NET.Sdk\targets\Microsoft.NET.DisableStandardFrameworkResolution.targets".
       Overriding target "GetFrameworkPaths" in project "C:\Program Files\dotnet\sdk\8.0.423\Microsoft.Common.CurrentVersion.targets" with target "GetFrameworkPaths" from project "C:\Program Files\dotnet\sdk\8.0.423\Sdks\Microsoft.NET.Sdk\targets\Microsoft.NET.DisableStandardFrameworkResolution.targets".
       Overriding target "DesignerRuntimeImplementationProjectOutputGroup" in project "C:\Program Files\dotnet\sdk\8.0.423\Microsoft.Common.CurrentVersion.targets" with target "DesignerRuntimeImplementationProjectOutputGroup" from project "C:\Program Files\dotnet\sdk\8.0.423\Sdks\Microsoft.NET.Sdk\targets\Microsoft.NET.DesignerSupport.targets".
       Overriding target "Publish" in project "C:\Program Files\dotnet\sdk\8.0.423\Microsoft.Common.CurrentVersion.targets" with target "Publish" from project "C:\Program Files\dotnet\sdk\8.0.423\Sdks\Microsoft.NET.Sdk\targets\Microsoft.NET.Publish.targets".
       Overriding target "ResolveReadyToRunCompilers" in project "C:\Program Files\dotnet\sdk\8.0.423\Sdks\Microsoft.NET.Sdk\targets\Microsoft.NET.CrossGen.targets" with target "ResolveReadyToRunCompilers" from project "C:\Program Files\dotnet\sdk\8.0.423\Sdks\Microsoft.NET.Sdk\targets\Microsoft.NET.Publish.targets".
       Overriding target "GetCopyToPublishDirectoryItems" in project "C:\Program Files\dotnet\sdk\8.0.423\Microsoft.Common.CurrentVersion.targets" with target "GetCopyToPublishDirectoryItems" from project "C:\Program Files\dotnet\sdk\8.0.423\Sdks\Microsoft.NET.Sdk\targets\Microsoft.NET.Publish.targets".
     1>Project "C:\Users\Tony\.gemini\antigravity\scratch\marksmith\MdToPdf\MdToPdf.csproj" on node 1 (Restore target(s)).
     1>Target "_LoadRestoreGraphEntryPoints" in file "C:\Program Files\dotnet\sdk\8.0.423\NuGet.targets" from project "C:\Users\Tony\.gemini\antigravity\scratch\marksmith\MdToPdf\MdToPdf.csproj" (target "_FilterRestoreGraphProjectInputItems" depends on it):
     1>Task "GetRestoreSolutionProjectsTask" skipped, due to false condition; ( $(MSBuildProjectFullPath.EndsWith('.metaproj')) == 'true' AND @(RestoreGraphProjectInputItems) == '' ) was evaluated as ( False == 'true' AND C:\Users\Tony\.gemini\antigravity\scratch\marksmith\MdToPdf\MdToPdf.csproj == '' ).
     1>Done building target "_LoadRestoreGraphEntryPoints" in project "MdToPdf.csproj".
     1>Target "_FilterRestoreGraphProjectInputItems" in file "C:\Program Files\dotnet\sdk\8.0.423\NuGet.targets" from project "C:\Users\Tony\.gemini\antigravity\scratch\marksmith\MdToPdf\MdToPdf.csproj" (target "_GenerateRestoreGraph" depends on it):
       Using "RemoveDuplicates" task from assembly "Microsoft.Build.Tasks.Core, Version=15.1.0.0, Culture=neutral, PublicKeyToken=b03f5f7f11d50a3a".
       Task "RemoveDuplicates"
       Done executing task "RemoveDuplicates".
       Using "MSBuild" task from assembly "Microsoft.Build.Tasks.Core, Version=15.1.0.0, Culture=neutral, PublicKeyToken=b03f5f7f11d50a3a".
       Task "MSBuild"
         Global Properties:
           ExcludeRestorePackageImports=true
     0>Property 'MSBuildExtensionsPath' with value 'C:\Program Files\dotnet\sdk\8.0.423\' expanded from the environment.
       Property reassignment: $(MSBuildProjectExtensionsPath)="C:\Users\Tony\.gemini\antigravity\scratch\marksmith\MdToPdf\obj\" (previous value: "obj\") at C:\Program Files\dotnet\sdk\8.0.423\Current\Microsoft.Common.props (60,5)
       Property 'MSBuildUserExtensionsPath' with value 'C:\Users\Tony\AppData\Local\Microsoft\MSBuild' expanded from the environment.
       Property reassignment: $(AssemblySearchPaths)="{CandidateAssemblyFiles};{HintPathFromItem}" (previous value: "{CandidateAssemblyFiles}") at C:\Program Files\dotnet\sdk\8.0.423\Sdks\Microsoft.NET.Sdk\targets\Microsoft.NET.Sdk.props (91,5)
       Property reassignment: $(AssemblySearchPaths)="{CandidateAssemblyFiles};{HintPathFromItem};{TargetFrameworkDirectory}" (previous value: "{CandidateAssemblyFiles};{HintPathFromItem}") at C:\Program Files\dotnet\sdk\8.0.423\Sdks\Microsoft.NET.Sdk\targets\Microsoft.NET.Sdk.props (92,5)
       Property reassignment: $(AssemblySearchPaths)="{CandidateAssemblyFiles};{HintPathFromItem};{TargetFrameworkDirectory};{RawFileName}" (previous value: "{CandidateAssemblyFiles};{HintPathFromItem};{TargetFrameworkDirectory}") at C:\Program Files\dotnet\sdk\8.0.423\Sdks\Microsoft.NET.Sdk\targets\Microsoft.NET.Sdk.props (93,5)
       Property reassignment: $(TargetsForTfmSpecificContentInPackage)=";PackTool;_PackProjectToolValidation" (previous value: ";PackTool") at C:\Program Files\dotnet\sdk\8.0.423\Sdks\Microsoft.NET.Sdk\targets\Microsoft.NET.PackProjectTool.props (15,5)
       Property reassignment: $(OutputType)="WinExe" (previous value: "Library") at C:\Users\Tony\.gemini\antigravity\scratch\marksmith\MdToPdf\MdToPdf.csproj (4,5)
       Property reassignment: $(AssemblyName)="Marksmith" (previous value: "MdToPdf") at C:\Users\Tony\.gemini\antigravity\scratch\marksmith\MdToPdf\MdToPdf.csproj (9,5)
       Property reassignment: $(Platforms)="x86;x64;arm64" (previous value: "AnyCPU") at C:\Users\Tony\.gemini\antigravity\scratch\marksmith\MdToPdf\MdToPdf.csproj (15,5)
       Property reassignment: $(Platform)="x64" (previous value: "AnyCPU") at C:\Users\Tony\.gemini\antigravity\scratch\marksmith\MdToPdf\MdToPdf.csproj (19,5)
       Property reassignment: $(DefineConstants)="TRACE;DISABLE_XAML_GENERATED_MAIN" (previous value: "TRACE") at C:\Users\Tony\.gemini\antigravity\scratch\marksmith\MdToPdf\MdToPdf.csproj (26,5)
       Property reassignment: $(PublishProfileImported)="false" (previous value: "true") at C:\Program Files\dotnet\sdk\8.0.423\Sdks\Microsoft.NET.Sdk\targets\Microsoft.NET.Sdk.ImportPublishProfile.targets (28,5)
       Property reassignment: $(TargetPlatformIdentifier)="Windows" (previous value: "windows") at C:\Program Files\dotnet\sdk\8.0.423\Sdks\Microsoft.NET.Sdk\targets\Microsoft.NET.TargetFrameworkInference.targets (71,5)
       Property reassignment: $(DefaultItemExcludes)=";bin\x64\Debug\/**;obj\x64\Debug\/**" (previous value: ";bin\x64\Debug\/**") at C:\Program Files\dotnet\sdk\8.0.423\Sdks\Microsoft.NET.Sdk\targets\Microsoft.NET.DefaultOutputPaths.targets (122,5)
       Property reassignment: $(OutputPath)="bin\x64\Debug\net8.0-windows10.0.19041.0\" (previous value: "bin\x64\Debug\") at C:\Program Files\dotnet\sdk\8.0.423\Sdks\Microsoft.NET.Sdk\targets\Microsoft.NET.DefaultOutputPaths.targets (137,5)
       Property reassignment: $(IntermediateOutputPath)="obj\x64\Debug\net8.0-windows10.0.19041.0\" (previous value: "obj\x64\Debug\") at C:\Program Files\dotnet\sdk\8.0.423\Sdks\Microsoft.NET.Sdk\targets\Microsoft.NET.DefaultOutputPaths.targets (142,5)
       Property reassignment: $(IntermediateOutputPath)="obj\x64\Debug\net8.0-windows10.0.19041.0\win-x64\" (previous value: "obj\x64\Debug\net8.0-windows10.0.19041.0\") at C:\Program Files\dotnet\sdk\8.0.423\Sdks\Microsoft.NET.Sdk\targets\Microsoft.NET.RuntimeIdentifierInference.targets (329,5)
       Property reassignment: $(OutputPath)="bin\x64\Debug\net8.0-windows10.0.19041.0\win-x64\" (previous value: "bin\x64\Debug\net8.0-windows10.0.19041.0\") at C:\Program Files\dotnet\sdk\8.0.423\Sdks\Microsoft.NET.Sdk\targets\Microsoft.NET.RuntimeIdentifierInference.targets (330,5)
       Property reassignment: $(_FrameworkIdentifierForImplicitDefine)="NET" (previous value: "NETCOREAPP") at C:\Program Files\dotnet\sdk\8.0.423\Sdks\Microsoft.NET.Sdk\targets\Microsoft.NET.Sdk.BeforeCommon.targets (187,5)
       Property reassignment: $(_FrameworkVersionForImplicitDefine)="8_0" (previous value: "8.0") at C:\Program Files\dotnet\sdk\8.0.423\Sdks\Microsoft.NET.Sdk\targets\Microsoft.NET.Sdk.BeforeCommon.targets (192,5)
       Property reassignment: $(CommandLineArgsForDesignTimeEvaluation)="-langversion:latest -define:TRACE;DISABLE_XAML_GENERATED_MAIN" (previous value: "-langversion:latest") at C:\Program Files\dotnet\sdk\8.0.423\Roslyn\Microsoft.CSharp.Core.targets (200,5)
       Property reassignment: $(_DebugSymbolsProduced)="true" (previous value: "false") at C:\Program Files\dotnet\sdk\8.0.423\Microsoft.Common.CurrentVersion.targets (175,5)
       Property reassignment: $(_DocumentationFileProduced)="false" (previous value: "true") at C:\Program Files\dotnet\sdk\8.0.423\Microsoft.Common.CurrentVersion.targets (185,5)
       Property reassignment: $(MSBuildCopyMarkerName)="MdToPdf.csproj.Up2Date" (previous value: "MdToPdf.csproj") at C:\Program Files\dotnet\sdk\8.0.423\Microsoft.Common.CurrentVersion.targets (393,5)
       Property reassignment: $(ProcessorArchitecture)="amd64" (previous value: "x64") at C:\Program Files\dotnet\sdk\8.0.423\Microsoft.Common.CurrentVersion.targets (528,5)
       Property reassignment: $(DelaySign)="" (previous value: "false") at C:\Program Files\dotnet\sdk\8.0.423\Microsoft.Common.CurrentVersion.targets (580,5)
       Property 'LOCALAPPDATA' with value 'C:\Users\Tony\AppData\Local' expanded from the environment.
       Property reassignment: $(_SGenGenerateSerializationAssembliesConfig)="Auto" (previous value: "") at C:\Program Files\dotnet\sdk\8.0.423\Microsoft.Common.CurrentVersion.targets (3896,5)
       Property reassignment: $(_SGenGenerateSerializationAssembliesConfig)="Off" (previous value: "Auto") at C:\Program Files\dotnet\sdk\8.0.423\Microsoft.Common.CurrentVersion.targets (3897,5)
       Property reassignment: $(_TargetsThatPrepareProjectReferences)="
             AssignProjectConfiguration;
             _SplitProjectReferencesByFileExistence
           " (previous value: "_SplitProjectReferencesByFileExistence") at C:\Program Files\dotnet\sdk\8.0.423\Microsoft.Common.CurrentVersion.targets (5099,5)
       Property 'MSBuildExtensionsPath32' with value 'C:\Program Files\dotnet\sdk\8.0.423' expanded from the environment.
       Property reassignment: $(ProjectAssetsFile)="C:\Users\Tony\.gemini\antigravity\scratch\marksmith\MdToPdf\obj\project.assets.json" (previous value: "C:\Users\Tony\.gemini\antigravity\scratch\marksmith\MdToPdf\obj\/project.assets.json") at C:\Program Files\dotnet\sdk\8.0.423\Sdks\Microsoft.NET.Sdk\targets\Microsoft.PackageDependencyResolution.targets (24,5)
       Property reassignment: $(ProjectAssetsCacheFile)="C:\Users\Tony\.gemini\antigravity\scratch\marksmith\MdToPdf\obj\x64\Debug\net8.0-windows10.0.19041.0\win-x64\MdToPdf.assets.cache" (previous value: "obj\x64\Debug\net8.0-windows10.0.19041.0\win-x64\MdToPdf.assets.cache") at C:\Program Files\dotnet\sdk\8.0.423\Sdks\Microsoft.NET.Sdk\targets\Microsoft.PackageDependencyResolution.targets (29,5)
       Property reassignment: $(ResolveAssemblyReferencesDependsOn)="
             
             ResolveProjectReferences;
             FindInvalidProjectReferences;
             GetFrameworkPaths;
             GetReferenceAssemblyPaths;
             PrepareForBuild;
             ResolveSDKReferences;
             ExpandSDKReferences;
           ;
             ResolvePackageDependenciesForBuild;
             _HandlePackageFileConflicts;
           " (previous value: "
             ResolveProjectReferences;
             FindInvalidProjectReferences;
             GetFrameworkPaths;
             GetReferenceAssemblyPaths;
             PrepareForBuild;
             ResolveSDKReferences;
             ExpandSDKReferences;
           ") at C:\Program Files\dotnet\sdk\8.0.423\Sdks\Microsoft.NET.Sdk\targets\Microsoft.PackageDependencyResolution.targets (80,5)
       Property reassignment: $(PrepareResourcesDependsOn)="
             ResolvePackageDependenciesForBuild;
             _HandlePackageFileConflicts;
             
             ;
             PrepareResourceNames;
             ResGen;
             CompileLicxFiles
           
           " (previous value: "
             ;
             PrepareResourceNames;
             ResGen;
             CompileLicxFiles
           ") at C:\Program Files\dotnet\sdk\8.0.423\Sdks\Microsoft.NET.Sdk\targets\Microsoft.PackageDependencyResolution.targets (86,5)
       Property reassignment: $(DefaultItemExcludes)=";bin\x64\Debug\/**;obj\x64\Debug\/**;bin\/**" (previous value: ";bin\x64\Debug\/**;obj\x64\Debug\/**") at C:\Program Files\dotnet\sdk\8.0.423\Sdks\Microsoft.NET.Sdk\targets\Microsoft.NET.Sdk.DefaultItems.targets (27,5)
       Property reassignment: $(DefaultItemExcludes)=";bin\x64\Debug\/**;obj\x64\Debug\/**;bin\/**;obj\/**" (previous value: ";bin\x64\Debug\/**;obj\x64\Debug\/**;bin\/**") at C:\Program Files\dotnet\sdk\8.0.423\Sdks\Microsoft.NET.Sdk\targets\Microsoft.NET.Sdk.DefaultItems.targets (29,5)
       Property reassignment: $(DefaultItemExcludes)=";bin\x64\Debug\/**;obj\x64\Debug\/**;bin\/**;obj\/**;**/*.user" (previous value: ";bin\x64\Debug\/**;obj\x64\Debug\/**;bin\/**;obj\/**") at C:\Program Files\dotnet\sdk\8.0.423\Sdks\Microsoft.NET.Sdk\targets\Microsoft.NET.Sdk.DefaultItems.targets (32,5)
       Property reassignment: $(DefaultItemExcludes)=";bin\x64\Debug\/**;obj\x64\Debug\/**;bin\/**;obj\/**;**/*.user;**/*.*proj" (previous value: ";bin\x64\Debug\/**;obj\x64\Debug\/**;bin\/**;obj\/**;**/*.user") at C:\Program Files\dotnet\sdk\8.0.423\Sdks\Microsoft.NET.Sdk\targets\Microsoft.NET.Sdk.DefaultItems.targets (33,5)
       Property reassignment: $(DefaultItemExcludes)=";bin\x64\Debug\/**;obj\x64\Debug\/**;bin\/**;obj\/**;**/*.user;**/*.*proj;**/*.sln" (previous value: ";bin\x64\Debug\/**;obj\x64\Debug\/**;bin\/**;obj\/**;**/*.user;**/*.*proj") at C:\Program Files\dotnet\sdk\8.0.423\Sdks\Microsoft.NET.Sdk\targets\Microsoft.NET.Sdk.DefaultItems.targets (34,5)
       Property reassignment: $(DefaultItemExcludes)=";bin\x64\Debug\/**;obj\x64\Debug\/**;bin\/**;obj\/**;**/*.user;**/*.*proj;**/*.sln;**/*.vssscc" (previous value: ";bin\x64\Debug\/**;obj\x64\Debug\/**;bin\/**;obj\/**;**/*.user;**/*.*proj;**/*.sln") at C:\Program Files\dotnet\sdk\8.0.423\Sdks\Microsoft.NET.Sdk\targets\Microsoft.NET.Sdk.DefaultItems.targets (35,5)
       Property reassignment: $(DefaultItemExcludes)=";bin\x64\Debug\/**;obj\x64\Debug\/**;bin\/**;obj\/**;**/*.user;**/*.*proj;**/*.sln;**/*.vssscc;**/.DS_Store" (previous value: ";bin\x64\Debug\/**;obj\x64\Debug\/**;bin\/**;obj\/**;**/*.user;**/*.*proj;**/*.sln;**/*.vssscc") at C:\Program Files\dotnet\sdk\8.0.423\Sdks\Microsoft.NET.Sdk\targets\Microsoft.NET.Sdk.DefaultItems.targets (36,5)
       Property reassignment: $(ResolveAssemblyReferencesDependsOn)="
             
             
             ResolveProjectReferences;
             FindInvalidProjectReferences;
             GetFrameworkPaths;
             GetReferenceAssemblyPaths;
             PrepareForBuild;
             ResolveSDKReferences;
             ExpandSDKReferences;
           ;
             ResolvePackageDependenciesForBuild;
             _HandlePackageFileConflicts;
           ;
             ResolveTargetingPackAssets;
           " (previous value: "
             
             ResolveProjectReferences;
             FindInvalidProjectReferences;
             GetFrameworkPaths;
             GetReferenceAssemblyPaths;
             PrepareForBuild;
             ResolveSDKReferences;
             ExpandSDKReferences;
           ;
             ResolvePackageDependenciesForBuild;
             _HandlePackageFileConflicts;
           ") at C:\Program Files\dotnet\sdk\8.0.423\Sdks\Microsoft.NET.Sdk\targets\Microsoft.NET.Sdk.FrameworkReferenceResolution.targets (14,5)
       Property reassignment: $(_GenerateRuntimeConfigurationPropertyInputsCache)="C:\Users\Tony\.gemini\antigravity\scratch\marksmith\MdToPdf\obj\x64\Debug\net8.0-windows10.0.19041.0\win-x64\MdToPdf.genruntimeconfig.cache" (previous value: "obj\x64\Debug\net8.0-windows10.0.19041.0\win-x64\MdToPdf.genruntimeconfig.cache") at C:\Program Files\dotnet\sdk\8.0.423\Sdks\Microsoft.NET.Sdk\targets\Microsoft.NET.Sdk.targets (44,5)
       Property reassignment: $(_GeneratePublishDependencyFilePropertyInputsCache)="C:\Users\Tony\.gemini\antigravity\scratch\marksmith\MdToPdf\obj\x64\Debug\net8.0-windows10.0.19041.0\win-x64\MdToPdf.genpublishdeps.cache" (previous value: "obj\x64\Debug\net8.0-windows10.0.19041.0\win-x64\MdToPdf.genpublishdeps.cache") at C:\Program Files\dotnet\sdk\8.0.423\Sdks\Microsoft.NET.Sdk\targets\Microsoft.NET.Sdk.targets (46,5)
       Property reassignment: $(_GenerateSingleFileBundlePropertyInputsCache)="C:\Users\Tony\.gemini\antigravity\scratch\marksmith\MdToPdf\obj\x64\Debug\net8.0-windows10.0.19041.0\win-x64\MdToPdf.genbundle.cache" (previous value: "obj\x64\Debug\net8.0-windows10.0.19041.0\win-x64\MdToPdf.genbundle.cache") at C:\Program Files\dotnet\sdk\8.0.423\Sdks\Microsoft.NET.Sdk\targets\Microsoft.NET.Sdk.targets (48,5)
       Property reassignment: $(GenerateRuntimeConfigDevFile)="false" (previous value: "true") at C:\Program Files\dotnet\sdk\8.0.423\Sdks\Microsoft.NET.Sdk\targets\Microsoft.NET.Sdk.targets (81,5)
       Property 'USERPROFILE' with value 'C:\Users\Tony' expanded from the environment.
       Property reassignment: $(_DefaultUserProfileRuntimeStorePath)="C:\Users\Tony" (previous value: "") at C:\Program Files\dotnet\sdk\8.0.423\Sdks\Microsoft.NET.Sdk\targets\Microsoft.NET.Sdk.targets (97,5)
       Property reassignment: $(_DefaultUserProfileRuntimeStorePath)="C:\Users\Tony\.dotnet\store" (previous value: "C:\Users\Tony") at C:\Program Files\dotnet\sdk\8.0.423\Sdks\Microsoft.NET.Sdk\targets\Microsoft.NET.Sdk.targets (98,5)
       Property reassignment: $(AvailablePlatforms)="Any CPU,x86,x64,ARM32" (previous value: "Any CPU,x86,x64") at C:\Program Files\dotnet\sdk\8.0.423\Sdks\Microsoft.NET.Sdk\targets\Microsoft.NET.Sdk.targets (136,5)
       Property reassignment: $(AvailablePlatforms)="Any CPU,x86,x64,ARM32,ARM64" (previous value: "Any CPU,x86,x64,ARM32") at C:\Program Files\dotnet\sdk\8.0.423\Sdks\Microsoft.NET.Sdk\targets\Microsoft.NET.Sdk.targets (140,5)
       Property reassignment: $(CoreBuildDependsOn)="
             _CheckForBuildWithNoBuild;
             
             BuildOnlySettings;
             PrepareForBuild;
             PreBuildEvent;
             ResolveReferences;
             PrepareResources;
             ResolveKeySource;
             Compile;
             ExportWindowsMDFile;
             UnmanagedUnregistration;
             GenerateSerializationAssemblies;
             CreateSatelliteAssemblies;
             GenerateManifests;
             GetTargetPath;
             PrepareForRun;
             UnmanagedRegistration;
             IncrementalClean;
             PostBuildEvent
           ;
             GenerateBuildDependencyFile;
             GenerateBuildRuntimeConfigurationFiles
           " (previous value: "
             BuildOnlySettings;
             PrepareForBuild;
             PreBuildEvent;
             ResolveReferences;
             PrepareResources;
             ResolveKeySource;
             Compile;
             ExportWindowsMDFile;
             UnmanagedUnregistration;
             GenerateSerializationAssemblies;
             CreateSatelliteAssemblies;
             GenerateManifests;
             GetTargetPath;
             PrepareForRun;
             UnmanagedRegistration;
             IncrementalClean;
             PostBuildEvent
           ") at C:\Program Files\dotnet\sdk\8.0.423\Sdks\Microsoft.NET.Sdk\targets\Microsoft.NET.Sdk.targets (197,5)
       Property reassignment: $(CoreCleanDependsOn)="
             _SdkBeforeClean;
             
           " (previous value: "") at C:\Program Files\dotnet\sdk\8.0.423\Sdks\Microsoft.NET.Sdk\targets\Microsoft.NET.Sdk.targets (206,5)
       Property reassignment: $(RebuildDependsOn)="
             _SdkBeforeRebuild;
             
             BeforeRebuild;
             Clean;
             Build;
             AfterRebuild;
           
           " (previous value: "
             BeforeRebuild;
             Clean;
             Build;
             AfterRebuild;
           ") at C:\Program Files\dotnet\sdk\8.0.423\Sdks\Microsoft.NET.Sdk\targets\Microsoft.NET.Sdk.targets (213,5)
       Property reassignment: $(CompileDependsOn)="
             
             ResolveReferences;
             ResolveKeySource;
             SetWin32ManifestProperties;
             _SetPreferNativeArm64Win32ManifestProperties;
             FindReferenceAssembliesForReferences;
             _GenerateCompileInputs;
             BeforeCompile;
             _TimeStampBeforeCompile;
             _GenerateCompileDependencyCache;
             CoreCompile;
             _TimeStampAfterCompile;
             AfterCompile;
           ;
             _CreateAppHost;
             _CreateComHost;
             _GetIjwHostPaths;
           " (previous value: "
             ResolveReferences;
             ResolveKeySource;
             SetWin32ManifestProperties;
             _SetPreferNativeArm64Win32ManifestProperties;
             FindReferenceAssembliesForReferences;
             _GenerateCompileInputs;
             BeforeCompile;
             _TimeStampBeforeCompile;
             _GenerateCompileDependencyCache;
             CoreCompile;
             _TimeStampAfterCompile;
             AfterCompile;
           ") at C:\Program Files\dotnet\sdk\8.0.423\Sdks\Microsoft.NET.Sdk\targets\Microsoft.NET.Sdk.targets (679,5)
       Property reassignment: $(CreateSatelliteAssembliesDependsOn)="
             
             ;
             _GenerateSatelliteAssemblyInputs;
             ComputeIntermediateSatelliteAssemblies;
             GenerateSatelliteAssemblies
           ;
             CoreGenerateSatelliteAssemblies
           " (previous value: "
             ;
             _GenerateSatelliteAssemblyInputs;
             ComputeIntermediateSatelliteAssemblies;
             GenerateSatelliteAssemblies
           ") at C:\Program Files\dotnet\sdk\8.0.423\Sdks\Microsoft.NET.Sdk\targets\Microsoft.NET.Sdk.targets (1065,5)
       Property reassignment: $(SourceLinkUrlInitializerTargets)=";_InitializeGitHubSourceLinkUrl;_InitializeGitLabSourceLinkUrl" (previous value: ";_InitializeGitHubSourceLinkUrl") at C:\Program Files\dotnet\sdk\8.0.423\Sdks\Microsoft.SourceLink.GitLab\build\Microsoft.SourceLink.GitLab.targets (12,5)
       Property reassignment: $(SourceControlManagerUrlTranslationTargets)=";TranslateGitHubUrlsInSourceControlInformation;TranslateGitLabUrlsInSourceControlInformation" (previous value: ";TranslateGitHubUrlsInSourceControlInformation") at C:\Program Files\dotnet\sdk\8.0.423\Sdks\Microsoft.SourceLink.GitLab\build\Microsoft.SourceLink.GitLab.targets (13,5)
       Property reassignment: $(SourceLinkUrlInitializerTargets)=";_InitializeGitHubSourceLinkUrl;_InitializeGitLabSourceLinkUrl;_InitializeAzureReposGitSourceLinkUrl" (previous value: ";_InitializeGitHubSourceLinkUrl;_InitializeGitLabSourceLinkUrl") at C:\Program Files\dotnet\sdk\8.0.423\Sdks\Microsoft.SourceLink.AzureRepos.Git\build\Microsoft.SourceLink.AzureRepos.Git.targets (12,5)
       Property reassignment: $(SourceControlManagerUrlTranslationTargets)=";TranslateGitHubUrlsInSourceControlInformation;TranslateGitLabUrlsInSourceControlInformation;TranslateAzureReposGitUrlsInSourceControlInformation" (previous value: ";TranslateGitHubUrlsInSourceControlInformation;TranslateGitLabUrlsInSourceControlInformation") at C:\Program Files\dotnet\sdk\8.0.423\Sdks\Microsoft.SourceLink.AzureRepos.Git\build\Microsoft.SourceLink.AzureRepos.Git.targets (13,5)
       Property reassignment: $(SourceLinkUrlInitializerTargets)=";_InitializeGitHubSourceLinkUrl;_InitializeGitLabSourceLinkUrl;_InitializeAzureReposGitSourceLinkUrl;_InitializeBitbucketGitSourceLinkUrl" (previous value: ";_InitializeGitHubSourceLinkUrl;_InitializeGitLabSourceLinkUrl;_InitializeAzureReposGitSourceLinkUrl") at C:\Program Files\dotnet\sdk\8.0.423\Sdks\Microsoft.SourceLink.Bitbucket.Git\build\Microsoft.SourceLink.Bitbucket.Git.targets (12,5)
       Property reassignment: $(SourceControlManagerUrlTranslationTargets)=";TranslateGitHubUrlsInSourceControlInformation;TranslateGitLabUrlsInSourceControlInformation;TranslateAzureReposGitUrlsInSourceControlInformation;TranslateBitbucketGitUrlsInSourceControlInformation" (previous value: ";TranslateGitHubUrlsInSourceControlInformation;TranslateGitLabUrlsInSourceControlInformation;TranslateAzureReposGitUrlsInSourceControlInformation") at C:\Program Files\dotnet\sdk\8.0.423\Sdks\Microsoft.SourceLink.Bitbucket.Git\build\Microsoft.SourceLink.Bitbucket.Git.targets (13,5)
       Property reassignment: $(DesignerRuntimeImplementationProjectOutputGroupDependsOn)="
             
             ;
             
             ;
             BuildOnlySettings;
             PrepareForBuild;
             AssignTargetPaths;
             ResolveReferences
           
           ;
             _GenerateDesignerDepsFile;
             _GenerateDesignerRuntimeConfigFile;
             GetCopyToOutputDirectoryItems;
             _GatherDesignerShadowCopyFiles;
           " (previous value: "
             ;
             
             ;
             BuildOnlySettings;
             PrepareForBuild;
             AssignTargetPaths;
             ResolveReferences
           
           ") at C:\Program Files\dotnet\sdk\8.0.423\Sdks\Microsoft.NET.Sdk\targets\Microsoft.NET.DesignerSupport.targets (21,5)
       Property reassignment: $(_GenerateToolsSettingsFileCacheFile)="C:\Users\Tony\.gemini\antigravity\scratch\marksmith\MdToPdf\obj\x64\Debug\net8.0-windows10.0.19041.0\win-x64\MdToPdf.toolssettingsinput.cache" (previous value: "obj\x64\Debug\net8.0-windows10.0.19041.0\win-x64\MdToPdf.toolssettingsinput.cache") at C:\Program Files\dotnet\sdk\8.0.423\Sdks\Microsoft.NET.Sdk\targets\Microsoft.NET.PackTool.targets (68,5)
       Property reassignment: $(_ShimInputCacheFile)="C:\Users\Tony\.gemini\antigravity\scratch\marksmith\MdToPdf\obj\x64\Debug\net8.0-windows10.0.19041.0\win-x64\MdToPdf.shiminput.cache" (previous value: "obj\x64\Debug\net8.0-windows10.0.19041.0\win-x64\MdToPdf.shiminput.cache") at C:\Program Files\dotnet\sdk\8.0.423\Sdks\Microsoft.NET.Sdk\targets\Microsoft.NET.PackTool.targets (137,5)
       Property reassignment: $(_ShimCreatedSentinelFile)="C:\Users\Tony\.gemini\antigravity\scratch\marksmith\MdToPdf\obj\x64\Debug\net8.0-windows10.0.19041.0\win-x64\MdToPdf.shimcreated.sentinel" (previous value: "obj\x64\Debug\net8.0-windows10.0.19041.0\win-x64\MdToPdf.shimcreated.sentinel") at C:\Program Files\dotnet\sdk\8.0.423\Sdks\Microsoft.NET.Sdk\targets\Microsoft.NET.PackTool.targets (139,5)
       Property reassignment: $(DefineConstants)="TRACE;DISABLE_XAML_GENERATED_MAIN;DEBUG" (previous value: "TRACE;DISABLE_XAML_GENERATED_MAIN") at C:\Program Files\dotnet\sdk\8.0.423\Sdks\Microsoft.NET.Sdk\targets\Microsoft.NET.Sdk.CSharp.targets (31,5)
       Property reassignment: $(DefineConstants)="TRACE;DISABLE_XAML_GENERATED_MAIN;DEBUG;NET;NET8_0;NETCOREAPP" (previous value: "TRACE;DISABLE_XAML_GENERATED_MAIN;DEBUG") at C:\Program Files\dotnet\sdk\8.0.423\Sdks\Microsoft.NET.Sdk\targets\Microsoft.NET.Sdk.CSharp.targets (34,5)
       Property reassignment: $(WarningsAsErrors)=";NU1605;SYSLIB0011" (previous value: ";NU1605") at C:\Program Files\dotnet\sdk\8.0.423\Sdks\Microsoft.NET.Sdk\targets\Microsoft.NET.Sdk.CSharp.targets (48,5)
       Property reassignment: $(PackageDescription)="Package Description" (previous value: "") at C:\Program Files\dotnet\sdk\8.0.423\Sdks\NuGet.Build.Tasks.Pack\build\NuGet.Build.Tasks.Pack.targets (34,5)
       Property reassignment: $(GenerateNuspecDependsOn)="Build;_LoadPackInputItems; _GetTargetFrameworksOutput; _WalkEachTargetPerFramework; _GetPackageFiles; " (previous value: "_LoadPackInputItems; _GetTargetFrameworksOutput; _WalkEachTargetPerFramework; _GetPackageFiles; ") at C:\Program Files\dotnet\sdk\8.0.423\Sdks\NuGet.Build.Tasks.Pack\build\NuGet.Build.Tasks.Pack.targets (59,5)
       Property reassignment: $(_IsNotSetContainersTargetsDir)="true" (previous value: "false") at C:\Program Files\dotnet\sdk\8.0.423\Sdks\Microsoft.NET.Sdk\Sdk\Sdk.targets (59,5)
       Property reassignment: $(_IsSDKContainerAllowedVersion)="true" (previous value: "false") at C:\Program Files\dotnet\sdk\8.0.423\Containers\build\Microsoft.NET.Build.Containers.targets (5,5)
       Property reassignment: $(_ContainerIsTargetingNet8TFM)="true" (previous value: "false") at C:\Program Files\dotnet\sdk\8.0.423\Containers\build\Microsoft.NET.Build.Containers.targets (15,5)
       Overriding target "ResolveFrameworkReferences" in project "C:\Program Files\dotnet\sdk\8.0.423\Microsoft.Common.CurrentVersion.targets" with target "ResolveFrameworkReferences" from project "C:\Program Files\dotnet\sdk\8.0.423\Sdks\Microsoft.NET.Sdk\targets\Microsoft.NET.Sdk.FrameworkReferenceResolution.targets".
       Overriding target "Run" in project "C:\Program Files\dotnet\sdk\8.0.423\Microsoft.Common.CurrentVersion.targets" with target "Run" from project "C:\Program Files\dotnet\sdk\8.0.423\Sdks\Microsoft.NET.Sdk\targets\Microsoft.NET.Sdk.targets".
       Overriding target "GenerateSupportedTargetFrameworkAlias" in project "C:\Program Files\dotnet\sdk\8.0.423\Microsoft.Common.CurrentVersion.targets" with target "GenerateSupportedTargetFrameworkAlias" from project "C:\Program Files\dotnet\sdk\8.0.423\Sdks\Microsoft.NET.Sdk\targets\Microsoft.NET.Sdk.targets".
       Overriding target "GetReferenceAssemblyPaths" in project "C:\Program Files\dotnet\sdk\8.0.423\Microsoft.Common.CurrentVersion.targets" with target "GetReferenceAssemblyPaths" from project "C:\Program Files\dotnet\sdk\8.0.423\Sdks\Microsoft.NET.Sdk\targets\Microsoft.NET.DisableStandardFrameworkResolution.targets".
       Overriding target "GetFrameworkPaths" in project "C:\Program Files\dotnet\sdk\8.0.423\Microsoft.Common.CurrentVersion.targets" with target "GetFrameworkPaths" from project "C:\Program Files\dotnet\sdk\8.0.423\Sdks\Microsoft.NET.Sdk\targets\Microsoft.NET.DisableStandardFrameworkResolution.targets".
       Overriding target "DesignerRuntimeImplementationProjectOutputGroup" in project "C:\Program Files\dotnet\sdk\8.0.423\Microsoft.Common.CurrentVersion.targets" with target "DesignerRuntimeImplementationProjectOutputGroup" from project "C:\Program Files\dotnet\sdk\8.0.423\Sdks\Microsoft.NET.Sdk\targets\Microsoft.NET.DesignerSupport.targets".
       Overriding target "Publish" in project "C:\Program Files\dotnet\sdk\8.0.423\Microsoft.Common.CurrentVersion.targets" with target "Publish" from project "C:\Program Files\dotnet\sdk\8.0.423\Sdks\Microsoft.NET.Sdk\targets\Microsoft.NET.Publish.targets".
       Overriding target "ResolveReadyToRunCompilers" in project "C:\Program Files\dotnet\sdk\8.0.423\Sdks\Microsoft.NET.Sdk\targets\Microsoft.NET.CrossGen.targets" with target "ResolveReadyToRunCompilers" from project "C:\Program Files\dotnet\sdk\8.0.423\Sdks\Microsoft.NET.Sdk\targets\Microsoft.NET.Publish.targets".
       Overriding target "GetCopyToPublishDirectoryItems" in project "C:\Program Files\dotnet\sdk\8.0.423\Microsoft.Common.CurrentVersion.targets" with target "GetCopyToPublishDirectoryItems" from project "C:\Program Files\dotnet\sdk\8.0.423\Sdks\Microsoft.NET.Sdk\targets\Microsoft.NET.Publish.targets".
     1>Project "C:\Users\Tony\.gemini\antigravity\scratch\marksmith\MdToPdf\MdToPdf.csproj" (1) is building "C:\Users\Tony\.gemini\antigravity\scratch\marksmith\MdToPdf\MdToPdf.csproj" (1:2) on node 1 (_IsProjectRestoreSupported target(s)).
   1:2>Target "_IsProjectRestoreSupported" in file "C:\Program Files\dotnet\sdk\8.0.423\NuGet.targets" from project "C:\Users\Tony\.gemini\antigravity\scratch\marksmith\MdToPdf\MdToPdf.csproj" (entry point):
   1:2>Done building target "_IsProjectRestoreSupported" in project "MdToPdf.csproj".
   1:2>Done Building Project "C:\Users\Tony\.gemini\antigravity\scratch\marksmith\MdToPdf\MdToPdf.csproj" (_IsProjectRestoreSupported target(s)).
     1>Done executing task "MSBuild".
       Task "MSBuild" skipped, due to false condition; ( '$(RestoreUseSkipNonexistentTargets)' != 'true' ) was evaluated as ( 'true' != 'true' ).
       Assembly loaded during TaskRun: NuGet.Build.Tasks, Version=6.11.2.1, Culture=neutral, PublicKeyToken=31bf3856ad364e35 (location: C:\Program Files\dotnet\sdk\8.0.423\NuGet.Build.Tasks.dll, MVID: 3f3a6e89-b56d-43da-8480-71aeb94f0e02, AssemblyLoadContext: MSBuild plugin C:\Program Files\dotnet\sdk\8.0.423\NuGet.Build.Tasks.dll)
       Assembly loaded during TaskRun: NuGet.Common, Version=6.11.2.1, Culture=neutral, PublicKeyToken=31bf3856ad364e35 (location: C:\Program Files\dotnet\sdk\8.0.423\NuGet.Common.dll, MVID: 15376c23-a43e-4971-b931-008e4d673049, AssemblyLoadContext: MSBuild plugin C:\Program Files\dotnet\sdk\8.0.423\NuGet.Build.Tasks.dll)
       Assembly loaded during TaskRun: NuGet.Commands, Version=6.11.2.1, Culture=neutral, PublicKeyToken=31bf3856ad364e35 (location: C:\Program Files\dotnet\sdk\8.0.423\NuGet.Commands.dll, MVID: ff044f7d-8bd9-4bc1-89f4-801a22469c8a, AssemblyLoadContext: MSBuild plugin C:\Program Files\dotnet\sdk\8.0.423\NuGet.Build.Tasks.dll)
       Assembly loaded during TaskRun: NuGet.ProjectModel, Version=6.11.2.1, Culture=neutral, PublicKeyToken=31bf3856ad364e35 (location: C:\Program Files\dotnet\sdk\8.0.423\NuGet.ProjectModel.dll, MVID: 755a1321-399c-4749-8017-d641fe1d10e2, AssemblyLoadContext: MSBuild plugin C:\Program Files\dotnet\sdk\8.0.423\NuGet.Build.Tasks.dll)
       Using "WarnForInvalidProjectsTask" task from assembly "C:\Program Files\dotnet\sdk\8.0.423\NuGet.Build.Tasks.dll".
       Task "WarnForInvalidProjectsTask"
       Done executing task "WarnForInvalidProjectsTask".
     1>Done building target "_FilterRestoreGraphProjectInputItems" in project "MdToPdf.csproj".
       Target "_FilterRestoreGraphProjectInputItems" skipped. Previously built successfully.
     1>Target "_GetAllRestoreProjectPathItems" in file "C:\Program Files\dotnet\sdk\8.0.423\NuGet.targets" from project "C:\Users\Tony\.gemini\antigravity\scratch\marksmith\MdToPdf\MdToPdf.csproj" (target "_GenerateRestoreGraph" depends on it):
       Using "NuGetMessageTask" task from assembly "C:\Program Files\dotnet\sdk\8.0.423\NuGet.Build.Tasks.dll".
       Task "NuGetMessageTask"
         Determining projects to restore...
       Done executing task "NuGetMessageTask".
       Task "MSBuild"
         Global Properties:
           ExcludeRestorePackageImports=true
     1>Project "C:\Users\Tony\.gemini\antigravity\scratch\marksmith\MdToPdf\MdToPdf.csproj" (1) is building "C:\Users\Tony\.gemini\antigravity\scratch\marksmith\MdToPdf\MdToPdf.csproj" (1:3) on node 1 (_GenerateRestoreProjectPathWalk target(s)).
   1:3>Target "_GenerateRestoreProjectPathItemsAllFrameworks" skipped, due to false condition; ( '$(TargetFrameworks)' != '' ) was evaluated as ( '' != '' ).
   1:3>Target "_GenerateRestoreProjectPathItemsPerFramework" in file "C:\Program Files\dotnet\sdk\8.0.423\NuGet.targets" from project "C:\Users\Tony\.gemini\antigravity\scratch\marksmith\MdToPdf\MdToPdf.csproj" (target "_GenerateRestoreProjectPathItemsCurrentProject" depends on it):
       Using "ConvertToAbsolutePath" task from assembly "Microsoft.Build.Tasks.Core, Version=15.1.0.0, Culture=neutral, PublicKeyToken=b03f5f7f11d50a3a".
       Task "ConvertToAbsolutePath"
       Done executing task "ConvertToAbsolutePath".
   1:3>Done building target "_GenerateRestoreProjectPathItemsPerFramework" in project "MdToPdf.csproj".
   1:3>Target "_GenerateRestoreProjectPathItemsCurrentProject" in file "C:\Program Files\dotnet\sdk\8.0.423\NuGet.targets" from project "C:\Users\Tony\.gemini\antigravity\scratch\marksmith\MdToPdf\MdToPdf.csproj" (target "_GenerateRestoreProjectPathItems" depends on it):
   1:3>Done building target "_GenerateRestoreProjectPathItemsCurrentProject" in project "MdToPdf.csproj".
   1:3>Target "_GenerateRestoreProjectPathItems" in file "C:\Program Files\dotnet\sdk\8.0.423\NuGet.targets" from project "C:\Users\Tony\.gemini\antigravity\scratch\marksmith\MdToPdf\MdToPdf.csproj" (target "_GenerateRestoreProjectPathWalk" depends on it):
       Task "RemoveDuplicates"
       Done executing task "RemoveDuplicates".
   1:3>Done building target "_GenerateRestoreProjectPathItems" in project "MdToPdf.csproj".
   1:3>Target "_GenerateRestoreProjectPathWalk" in file "C:\Program Files\dotnet\sdk\8.0.423\NuGet.targets" from project "C:\Users\Tony\.gemini\antigravity\scratch\marksmith\MdToPdf\MdToPdf.csproj" (entry point):
       Task "MSBuild"
         Global Properties:
           ExcludeRestorePackageImports=true
     0>Property 'MSBuildExtensionsPath' with value 'C:\Program Files\dotnet\sdk\8.0.423\' expanded from the environment.
       Property reassignment: $(MSBuildProjectExtensionsPath)="C:\Users\Tony\.gemini\antigravity\scratch\marksmith\MdToPdf.Core\obj\" (previous value: "obj\") at C:\Program Files\dotnet\sdk\8.0.423\Current\Microsoft.Common.props (60,5)
       Property 'MSBuildUserExtensionsPath' with value 'C:\Users\Tony\AppData\Local\Microsoft\MSBuild' expanded from the environment.
       Property reassignment: $(AssemblySearchPaths)="{CandidateAssemblyFiles};{HintPathFromItem}" (previous value: "{CandidateAssemblyFiles}") at C:\Program Files\dotnet\sdk\8.0.423\Sdks\Microsoft.NET.Sdk\targets\Microsoft.NET.Sdk.props (91,5)
       Property reassignment: $(AssemblySearchPaths)="{CandidateAssemblyFiles};{HintPathFromItem};{TargetFrameworkDirectory}" (previous value: "{CandidateAssemblyFiles};{HintPathFromItem}") at C:\Program Files\dotnet\sdk\8.0.423\Sdks\Microsoft.NET.Sdk\targets\Microsoft.NET.Sdk.props (92,5)
       Property reassignment: $(AssemblySearchPaths)="{CandidateAssemblyFiles};{HintPathFromItem};{TargetFrameworkDirectory};{RawFileName}" (previous value: "{CandidateAssemblyFiles};{HintPathFromItem};{TargetFrameworkDirectory}") at C:\Program Files\dotnet\sdk\8.0.423\Sdks\Microsoft.NET.Sdk\targets\Microsoft.NET.Sdk.props (93,5)
       Property reassignment: $(TargetsForTfmSpecificContentInPackage)=";PackTool;_PackProjectToolValidation" (previous value: ";PackTool") at C:\Program Files\dotnet\sdk\8.0.423\Sdks\Microsoft.NET.Sdk\targets\Microsoft.NET.PackProjectTool.props (15,5)
       Property reassignment: $(RootNamespace)="MdToPdf" (previous value: "MdToPdf.Core") at C:\Users\Tony\.gemini\antigravity\scratch\marksmith\MdToPdf.Core\MdToPdf.Core.csproj (9,5)
       Property reassignment: $(PublishProfileImported)="false" (previous value: "true") at C:\Program Files\dotnet\sdk\8.0.423\Sdks\Microsoft.NET.Sdk\targets\Microsoft.NET.Sdk.ImportPublishProfile.targets (28,5)
       Property reassignment: $(TargetPlatformVersion)="" (previous value: "0.0") at C:\Program Files\dotnet\sdk\8.0.423\Sdks\Microsoft.NET.Sdk\targets\Microsoft.NET.TargetFrameworkInference.targets (69,5)
       Property reassignment: $(DefaultItemExcludes)=";bin\Debug\/**;obj\Debug\/**" (previous value: ";bin\Debug\/**") at C:\Program Files\dotnet\sdk\8.0.423\Sdks\Microsoft.NET.Sdk\targets\Microsoft.NET.DefaultOutputPaths.targets (122,5)
       Property reassignment: $(OutputPath)="bin\Debug\net8.0\" (previous value: "bin\Debug\") at C:\Program Files\dotnet\sdk\8.0.423\Sdks\Microsoft.NET.Sdk\targets\Microsoft.NET.DefaultOutputPaths.targets (137,5)
       Property reassignment: $(IntermediateOutputPath)="obj\Debug\net8.0\" (previous value: "obj\Debug\") at C:\Program Files\dotnet\sdk\8.0.423\Sdks\Microsoft.NET.Sdk\targets\Microsoft.NET.DefaultOutputPaths.targets (142,5)
       Property reassignment: $(_FrameworkIdentifierForImplicitDefine)="NET" (previous value: "NETCOREAPP") at C:\Program Files\dotnet\sdk\8.0.423\Sdks\Microsoft.NET.Sdk\targets\Microsoft.NET.Sdk.BeforeCommon.targets (187,5)
       Property reassignment: $(_FrameworkVersionForImplicitDefine)="8_0" (previous value: "8.0") at C:\Program Files\dotnet\sdk\8.0.423\Sdks\Microsoft.NET.Sdk\targets\Microsoft.NET.Sdk.BeforeCommon.targets (192,5)
       Property reassignment: $(CommandLineArgsForDesignTimeEvaluation)="-langversion:latest -define:TRACE" (previous value: "-langversion:latest") at C:\Program Files\dotnet\sdk\8.0.423\Roslyn\Microsoft.CSharp.Core.targets (200,5)
       Property reassignment: $(_DebugSymbolsProduced)="true" (previous value: "false") at C:\Program Files\dotnet\sdk\8.0.423\Microsoft.Common.CurrentVersion.targets (175,5)
       Property reassignment: $(_DocumentationFileProduced)="false" (previous value: "true") at C:\Program Files\dotnet\sdk\8.0.423\Microsoft.Common.CurrentVersion.targets (185,5)
       Property reassignment: $(MSBuildCopyMarkerName)="MdToPdf..A84DC3B6" (previous value: "MdToPdf.Core.csproj") at C:\Program Files\dotnet\sdk\8.0.423\Microsoft.Common.CurrentVersion.targets (392,5)
       Property reassignment: $(MSBuildCopyMarkerName)="MdToPdf..A84DC3B6.Up2Date" (previous value: "MdToPdf..A84DC3B6") at C:\Program Files\dotnet\sdk\8.0.423\Microsoft.Common.CurrentVersion.targets (393,5)
       Property reassignment: $(ProcessorArchitecture)="msil" (previous value: "") at C:\Program Files\dotnet\sdk\8.0.423\Microsoft.Common.CurrentVersion.targets (541,5)
       Property reassignment: $(DelaySign)="" (previous value: "false") at C:\Program Files\dotnet\sdk\8.0.423\Microsoft.Common.CurrentVersion.targets (580,5)
       Property 'LOCALAPPDATA' with value 'C:\Users\Tony\AppData\Local' expanded from the environment.
       Property reassignment: $(_SGenGenerateSerializationAssembliesConfig)="Auto" (previous value: "") at C:\Program Files\dotnet\sdk\8.0.423\Microsoft.Common.CurrentVersion.targets (3896,5)
       Property reassignment: $(_SGenGenerateSerializationAssembliesConfig)="Off" (previous value: "Auto") at C:\Program Files\dotnet\sdk\8.0.423\Microsoft.Common.CurrentVersion.targets (3897,5)
       Property reassignment: $(_TargetsThatPrepareProjectReferences)="
             AssignProjectConfiguration;
             _SplitProjectReferencesByFileExistence
           " (previous value: "_SplitProjectReferencesByFileExistence") at C:\Program Files\dotnet\sdk\8.0.423\Microsoft.Common.CurrentVersion.targets (5099,5)
       Property 'MSBuildExtensionsPath32' with value 'C:\Program Files\dotnet\sdk\8.0.423' expanded from the environment.
       Property reassignment: $(ProjectAssetsFile)="C:\Users\Tony\.gemini\antigravity\scratch\marksmith\MdToPdf.Core\obj\project.assets.json" (previous value: "C:\Users\Tony\.gemini\antigravity\scratch\marksmith\MdToPdf.Core\obj\/project.assets.json") at C:\Program Files\dotnet\sdk\8.0.423\Sdks\Microsoft.NET.Sdk\targets\Microsoft.PackageDependencyResolution.targets (24,5)
       Property reassignment: $(ProjectAssetsCacheFile)="C:\Users\Tony\.gemini\antigravity\scratch\marksmith\MdToPdf.Core\obj\Debug\net8.0\MdToPdf.Core.assets.cache" (previous value: "obj\Debug\net8.0\MdToPdf.Core.assets.cache") at C:\Program Files\dotnet\sdk\8.0.423\Sdks\Microsoft.NET.Sdk\targets\Microsoft.PackageDependencyResolution.targets (29,5)
       Property reassignment: $(ResolveAssemblyReferencesDependsOn)="
             
             ResolveProjectReferences;
             FindInvalidProjectReferences;
             GetFrameworkPaths;
             GetReferenceAssemblyPaths;
             PrepareForBuild;
             ResolveSDKReferences;
             ExpandSDKReferences;
           ;
             ResolvePackageDependenciesForBuild;
             _HandlePackageFileConflicts;
           " (previous value: "
             ResolveProjectReferences;
             FindInvalidProjectReferences;
             GetFrameworkPaths;
             GetReferenceAssemblyPaths;
             PrepareForBuild;
             ResolveSDKReferences;
             ExpandSDKReferences;
           ") at C:\Program Files\dotnet\sdk\8.0.423\Sdks\Microsoft.NET.Sdk\targets\Microsoft.PackageDependencyResolution.targets (80,5)
       Property reassignment: $(PrepareResourcesDependsOn)="
             ResolvePackageDependenciesForBuild;
             _HandlePackageFileConflicts;
             
             ;
             PrepareResourceNames;
             ResGen;
             CompileLicxFiles
           
           " (previous value: "
             ;
             PrepareResourceNames;
             ResGen;
             CompileLicxFiles
           ") at C:\Program Files\dotnet\sdk\8.0.423\Sdks\Microsoft.NET.Sdk\targets\Microsoft.PackageDependencyResolution.targets (86,5)
       Property reassignment: $(DefaultItemExcludes)=";bin\Debug\/**;obj\Debug\/**;bin\/**" (previous value: ";bin\Debug\/**;obj\Debug\/**") at C:\Program Files\dotnet\sdk\8.0.423\Sdks\Microsoft.NET.Sdk\targets\Microsoft.NET.Sdk.DefaultItems.targets (27,5)
       Property reassignment: $(DefaultItemExcludes)=";bin\Debug\/**;obj\Debug\/**;bin\/**;obj\/**" (previous value: ";bin\Debug\/**;obj\Debug\/**;bin\/**") at C:\Program Files\dotnet\sdk\8.0.423\Sdks\Microsoft.NET.Sdk\targets\Microsoft.NET.Sdk.DefaultItems.targets (29,5)
       Property reassignment: $(DefaultItemExcludes)=";bin\Debug\/**;obj\Debug\/**;bin\/**;obj\/**;**/*.user" (previous value: ";bin\Debug\/**;obj\Debug\/**;bin\/**;obj\/**") at C:\Program Files\dotnet\sdk\8.0.423\Sdks\Microsoft.NET.Sdk\targets\Microsoft.NET.Sdk.DefaultItems.targets (32,5)
       Property reassignment: $(DefaultItemExcludes)=";bin\Debug\/**;obj\Debug\/**;bin\/**;obj\/**;**/*.user;**/*.*proj" (previous value: ";bin\Debug\/**;obj\Debug\/**;bin\/**;obj\/**;**/*.user") at C:\Program Files\dotnet\sdk\8.0.423\Sdks\Microsoft.NET.Sdk\targets\Microsoft.NET.Sdk.DefaultItems.targets (33,5)
       Property reassignment: $(DefaultItemExcludes)=";bin\Debug\/**;obj\Debug\/**;bin\/**;obj\/**;**/*.user;**/*.*proj;**/*.sln" (previous value: ";bin\Debug\/**;obj\Debug\/**;bin\/**;obj\/**;**/*.user;**/*.*proj") at C:\Program Files\dotnet\sdk\8.0.423\Sdks\Microsoft.NET.Sdk\targets\Microsoft.NET.Sdk.DefaultItems.targets (34,5)
       Property reassignment: $(DefaultItemExcludes)=";bin\Debug\/**;obj\Debug\/**;bin\/**;obj\/**;**/*.user;**/*.*proj;**/*.sln;**/*.vssscc" (previous value: ";bin\Debug\/**;obj\Debug\/**;bin\/**;obj\/**;**/*.user;**/*.*proj;**/*.sln") at C:\Program Files\dotnet\sdk\8.0.423\Sdks\Microsoft.NET.Sdk\targets\Microsoft.NET.Sdk.DefaultItems.targets (35,5)
       Property reassignment: $(DefaultItemExcludes)=";bin\Debug\/**;obj\Debug\/**;bin\/**;obj\/**;**/*.user;**/*.*proj;**/*.sln;**/*.vssscc;**/.DS_Store" (previous value: ";bin\Debug\/**;obj\Debug\/**;bin\/**;obj\/**;**/*.user;**/*.*proj;**/*.sln;**/*.vssscc") at C:\Program Files\dotnet\sdk\8.0.423\Sdks\Microsoft.NET.Sdk\targets\Microsoft.NET.Sdk.DefaultItems.targets (36,5)
       Property reassignment: $(ResolveAssemblyReferencesDependsOn)="
             
             
             ResolveProjectReferences;
             FindInvalidProjectReferences;
             GetFrameworkPaths;
             GetReferenceAssemblyPaths;
             PrepareForBuild;
             ResolveSDKReferences;
             ExpandSDKReferences;
           ;
             ResolvePackageDependenciesForBuild;
             _HandlePackageFileConflicts;
           ;
             ResolveTargetingPackAssets;
           " (previous value: "
             
             ResolveProjectReferences;
             FindInvalidProjectReferences;
             GetFrameworkPaths;
             GetReferenceAssemblyPaths;
             PrepareForBuild;
             ResolveSDKReferences;
             ExpandSDKReferences;
           ;
             ResolvePackageDependenciesForBuild;
             _HandlePackageFileConflicts;
           ") at C:\Program Files\dotnet\sdk\8.0.423\Sdks\Microsoft.NET.Sdk\targets\Microsoft.NET.Sdk.FrameworkReferenceResolution.targets (14,5)
       Property reassignment: $(_GenerateRuntimeConfigurationPropertyInputsCache)="C:\Users\Tony\.gemini\antigravity\scratch\marksmith\MdToPdf.Core\obj\Debug\net8.0\MdToPdf.Core.genruntimeconfig.cache" (previous value: "obj\Debug\net8.0\MdToPdf.Core.genruntimeconfig.cache") at C:\Program Files\dotnet\sdk\8.0.423\Sdks\Microsoft.NET.Sdk\targets\Microsoft.NET.Sdk.targets (44,5)
       Property reassignment: $(_GeneratePublishDependencyFilePropertyInputsCache)="C:\Users\Tony\.gemini\antigravity\scratch\marksmith\MdToPdf.Core\obj\Debug\net8.0\MdToPdf.Core.genpublishdeps.cache" (previous value: "obj\Debug\net8.0\MdToPdf.Core.genpublishdeps.cache") at C:\Program Files\dotnet\sdk\8.0.423\Sdks\Microsoft.NET.Sdk\targets\Microsoft.NET.Sdk.targets (46,5)
       Property reassignment: $(_GenerateSingleFileBundlePropertyInputsCache)="C:\Users\Tony\.gemini\antigravity\scratch\marksmith\MdToPdf.Core\obj\Debug\net8.0\MdToPdf.Core.genbundle.cache" (previous value: "obj\Debug\net8.0\MdToPdf.Core.genbundle.cache") at C:\Program Files\dotnet\sdk\8.0.423\Sdks\Microsoft.NET.Sdk\targets\Microsoft.NET.Sdk.targets (48,5)
       Property reassignment: $(GenerateRuntimeConfigDevFile)="false" (previous value: "true") at C:\Program Files\dotnet\sdk\8.0.423\Sdks\Microsoft.NET.Sdk\targets\Microsoft.NET.Sdk.targets (81,5)
       Property 'USERPROFILE' with value 'C:\Users\Tony' expanded from the environment.
       Property reassignment: $(_DefaultUserProfileRuntimeStorePath)="C:\Users\Tony" (previous value: "") at C:\Program Files\dotnet\sdk\8.0.423\Sdks\Microsoft.NET.Sdk\targets\Microsoft.NET.Sdk.targets (97,5)
       Property reassignment: $(_DefaultUserProfileRuntimeStorePath)="C:\Users\Tony\.dotnet\store" (previous value: "C:\Users\Tony") at C:\Program Files\dotnet\sdk\8.0.423\Sdks\Microsoft.NET.Sdk\targets\Microsoft.NET.Sdk.targets (98,5)
       Property reassignment: $(AvailablePlatforms)="Any CPU,x86,x64,ARM32" (previous value: "Any CPU,x86,x64") at C:\Program Files\dotnet\sdk\8.0.423\Sdks\Microsoft.NET.Sdk\targets\Microsoft.NET.Sdk.targets (136,5)
       Property reassignment: $(AvailablePlatforms)="Any CPU,x86,x64,ARM32,ARM64" (previous value: "Any CPU,x86,x64,ARM32") at C:\Program Files\dotnet\sdk\8.0.423\Sdks\Microsoft.NET.Sdk\targets\Microsoft.NET.Sdk.targets (140,5)
       Property reassignment: $(CoreBuildDependsOn)="
             _CheckForBuildWithNoBuild;
             
             BuildOnlySettings;
             PrepareForBuild;
             PreBuildEvent;
             ResolveReferences;
             PrepareResources;
             ResolveKeySource;
             Compile;
             ExportWindowsMDFile;
             UnmanagedUnregistration;
             GenerateSerializationAssemblies;
             CreateSatelliteAssemblies;
             GenerateManifests;
             GetTargetPath;
             PrepareForRun;
             UnmanagedRegistration;
             IncrementalClean;
             PostBuildEvent
           ;
             GenerateBuildDependencyFile;
             GenerateBuildRuntimeConfigurationFiles
           " (previous value: "
             BuildOnlySettings;
             PrepareForBuild;
             PreBuildEvent;
             ResolveReferences;
             PrepareResources;
             ResolveKeySource;
             Compile;
             ExportWindowsMDFile;
             UnmanagedUnregistration;
             GenerateSerializationAssemblies;
             CreateSatelliteAssemblies;
             GenerateManifests;
             GetTargetPath;
             PrepareForRun;
             UnmanagedRegistration;
             IncrementalClean;
             PostBuildEvent
           ") at C:\Program Files\dotnet\sdk\8.0.423\Sdks\Microsoft.NET.Sdk\targets\Microsoft.NET.Sdk.targets (197,5)
       Property reassignment: $(CoreCleanDependsOn)="
             _SdkBeforeClean;
             
           " (previous value: "") at C:\Program Files\dotnet\sdk\8.0.423\Sdks\Microsoft.NET.Sdk\targets\Microsoft.NET.Sdk.targets (206,5)
       Property reassignment: $(RebuildDependsOn)="
             _SdkBeforeRebuild;
             
             BeforeRebuild;
             Clean;
             Build;
             AfterRebuild;
           
           " (previous value: "
             BeforeRebuild;
             Clean;
             Build;
             AfterRebuild;
           ") at C:\Program Files\dotnet\sdk\8.0.423\Sdks\Microsoft.NET.Sdk\targets\Microsoft.NET.Sdk.targets (213,5)
       Property reassignment: $(CompileDependsOn)="
             
             ResolveReferences;
             ResolveKeySource;
             SetWin32ManifestProperties;
             _SetPreferNativeArm64Win32ManifestProperties;
             FindReferenceAssembliesForReferences;
             _GenerateCompileInputs;
             BeforeCompile;
             _TimeStampBeforeCompile;
             _GenerateCompileDependencyCache;
             CoreCompile;
             _TimeStampAfterCompile;
             AfterCompile;
           ;
             _CreateAppHost;
             _CreateComHost;
             _GetIjwHostPaths;
           " (previous value: "
             ResolveReferences;
             ResolveKeySource;
             SetWin32ManifestProperties;
             _SetPreferNativeArm64Win32ManifestProperties;
             FindReferenceAssembliesForReferences;
             _GenerateCompileInputs;
             BeforeCompile;
             _TimeStampBeforeCompile;
             _GenerateCompileDependencyCache;
             CoreCompile;
             _TimeStampAfterCompile;
             AfterCompile;
           ") at C:\Program Files\dotnet\sdk\8.0.423\Sdks\Microsoft.NET.Sdk\targets\Microsoft.NET.Sdk.targets (679,5)
       Property reassignment: $(CreateSatelliteAssembliesDependsOn)="
             
             ;
             _GenerateSatelliteAssemblyInputs;
             ComputeIntermediateSatelliteAssemblies;
             GenerateSatelliteAssemblies
           ;
             CoreGenerateSatelliteAssemblies
           " (previous value: "
             ;
             _GenerateSatelliteAssemblyInputs;
             ComputeIntermediateSatelliteAssemblies;
             GenerateSatelliteAssemblies
           ") at C:\Program Files\dotnet\sdk\8.0.423\Sdks\Microsoft.NET.Sdk\targets\Microsoft.NET.Sdk.targets (1065,5)
       Property reassignment: $(SourceLinkUrlInitializerTargets)=";_InitializeGitHubSourceLinkUrl;_InitializeGitLabSourceLinkUrl" (previous value: ";_InitializeGitHubSourceLinkUrl") at C:\Program Files\dotnet\sdk\8.0.423\Sdks\Microsoft.SourceLink.GitLab\build\Microsoft.SourceLink.GitLab.targets (12,5)
       Property reassignment: $(SourceControlManagerUrlTranslationTargets)=";TranslateGitHubUrlsInSourceControlInformation;TranslateGitLabUrlsInSourceControlInformation" (previous value: ";TranslateGitHubUrlsInSourceControlInformation") at C:\Program Files\dotnet\sdk\8.0.423\Sdks\Microsoft.SourceLink.GitLab\build\Microsoft.SourceLink.GitLab.targets (13,5)
       Property reassignment: $(SourceLinkUrlInitializerTargets)=";_InitializeGitHubSourceLinkUrl;_InitializeGitLabSourceLinkUrl;_InitializeAzureReposGitSourceLinkUrl" (previous value: ";_InitializeGitHubSourceLinkUrl;_InitializeGitLabSourceLinkUrl") at C:\Program Files\dotnet\sdk\8.0.423\Sdks\Microsoft.SourceLink.AzureRepos.Git\build\Microsoft.SourceLink.AzureRepos.Git.targets (12,5)
       Property reassignment: $(SourceControlManagerUrlTranslationTargets)=";TranslateGitHubUrlsInSourceControlInformation;TranslateGitLabUrlsInSourceControlInformation;TranslateAzureReposGitUrlsInSourceControlInformation" (previous value: ";TranslateGitHubUrlsInSourceControlInformation;TranslateGitLabUrlsInSourceControlInformation") at C:\Program Files\dotnet\sdk\8.0.423\Sdks\Microsoft.SourceLink.AzureRepos.Git\build\Microsoft.SourceLink.AzureRepos.Git.targets (13,5)
       Property reassignment: $(SourceLinkUrlInitializerTargets)=";_InitializeGitHubSourceLinkUrl;_InitializeGitLabSourceLinkUrl;_InitializeAzureReposGitSourceLinkUrl;_InitializeBitbucketGitSourceLinkUrl" (previous value: ";_InitializeGitHubSourceLinkUrl;_InitializeGitLabSourceLinkUrl;_InitializeAzureReposGitSourceLinkUrl") at C:\Program Files\dotnet\sdk\8.0.423\Sdks\Microsoft.SourceLink.Bitbucket.Git\build\Microsoft.SourceLink.Bitbucket.Git.targets (12,5)
       Property reassignment: $(SourceControlManagerUrlTranslationTargets)=";TranslateGitHubUrlsInSourceControlInformation;TranslateGitLabUrlsInSourceControlInformation;TranslateAzureReposGitUrlsInSourceControlInformation;TranslateBitbucketGitUrlsInSourceControlInformation" (previous value: ";TranslateGitHubUrlsInSourceControlInformation;TranslateGitLabUrlsInSourceControlInformation;TranslateAzureReposGitUrlsInSourceControlInformation") at C:\Program Files\dotnet\sdk\8.0.423\Sdks\Microsoft.SourceLink.Bitbucket.Git\build\Microsoft.SourceLink.Bitbucket.Git.targets (13,5)
       Property reassignment: $(DesignerRuntimeImplementationProjectOutputGroupDependsOn)="
             
             ;
             
             ;
             BuildOnlySettings;
             PrepareForBuild;
             AssignTargetPaths;
             ResolveReferences
           
           ;
             _GenerateDesignerDepsFile;
             _GenerateDesignerRuntimeConfigFile;
             GetCopyToOutputDirectoryItems;
             _GatherDesignerShadowCopyFiles;
           " (previous value: "
             ;
             
             ;
             BuildOnlySettings;
             PrepareForBuild;
             AssignTargetPaths;
             ResolveReferences
           
           ") at C:\Program Files\dotnet\sdk\8.0.423\Sdks\Microsoft.NET.Sdk\targets\Microsoft.NET.DesignerSupport.targets (21,5)
       Property reassignment: $(_GenerateToolsSettingsFileCacheFile)="C:\Users\Tony\.gemini\antigravity\scratch\marksmith\MdToPdf.Core\obj\Debug\net8.0\MdToPdf.Core.toolssettingsinput.cache" (previous value: "obj\Debug\net8.0\MdToPdf.Core.toolssettingsinput.cache") at C:\Program Files\dotnet\sdk\8.0.423\Sdks\Microsoft.NET.Sdk\targets\Microsoft.NET.PackTool.targets (68,5)
       Property reassignment: $(_ShimInputCacheFile)="C:\Users\Tony\.gemini\antigravity\scratch\marksmith\MdToPdf.Core\obj\Debug\net8.0\MdToPdf.Core.shiminput.cache" (previous value: "obj\Debug\net8.0\MdToPdf.Core.shiminput.cache") at C:\Program Files\dotnet\sdk\8.0.423\Sdks\Microsoft.NET.Sdk\targets\Microsoft.NET.PackTool.targets (137,5)
       Property reassignment: $(_ShimCreatedSentinelFile)="C:\Users\Tony\.gemini\antigravity\scratch\marksmith\MdToPdf.Core\obj\Debug\net8.0\MdToPdf.Core.shimcreated.sentinel" (previous value: "obj\Debug\net8.0\MdToPdf.Core.shimcreated.sentinel") at C:\Program Files\dotnet\sdk\8.0.423\Sdks\Microsoft.NET.Sdk\targets\Microsoft.NET.PackTool.targets (139,5)
       Property reassignment: $(DefineConstants)="TRACE;DEBUG" (previous value: "TRACE") at C:\Program Files\dotnet\sdk\8.0.423\Sdks\Microsoft.NET.Sdk\targets\Microsoft.NET.Sdk.CSharp.targets (31,5)
       Property reassignment: $(DefineConstants)="TRACE;DEBUG;NET;NET8_0;NETCOREAPP" (previous value: "TRACE;DEBUG") at C:\Program Files\dotnet\sdk\8.0.423\Sdks\Microsoft.NET.Sdk\targets\Microsoft.NET.Sdk.CSharp.targets (34,5)
       Property reassignment: $(WarningsAsErrors)=";NU1605;SYSLIB0011" (previous value: ";NU1605") at C:\Program Files\dotnet\sdk\8.0.423\Sdks\Microsoft.NET.Sdk\targets\Microsoft.NET.Sdk.CSharp.targets (48,5)
       Property reassignment: $(PackageDescription)="Package Description" (previous value: "") at C:\Program Files\dotnet\sdk\8.0.423\Sdks\NuGet.Build.Tasks.Pack\build\NuGet.Build.Tasks.Pack.targets (34,5)
       Property reassignment: $(GenerateNuspecDependsOn)="Build;_LoadPackInputItems; _GetTargetFrameworksOutput; _WalkEachTargetPerFramework; _GetPackageFiles; " (previous value: "_LoadPackInputItems; _GetTargetFrameworksOutput; _WalkEachTargetPerFramework; _GetPackageFiles; ") at C:\Program Files\dotnet\sdk\8.0.423\Sdks\NuGet.Build.Tasks.Pack\build\NuGet.Build.Tasks.Pack.targets (59,5)
       Property reassignment: $(_IsNotSetContainersTargetsDir)="true" (previous value: "false") at C:\Program Files\dotnet\sdk\8.0.423\Sdks\Microsoft.NET.Sdk\Sdk\Sdk.targets (59,5)
       Property reassignment: $(_IsSDKContainerAllowedVersion)="true" (previous value: "false") at C:\Program Files\dotnet\sdk\8.0.423\Containers\build\Microsoft.NET.Build.Containers.targets (5,5)
       Property reassignment: $(_ContainerIsTargetingNet8TFM)="true" (previous value: "false") at C:\Program Files\dotnet\sdk\8.0.423\Containers\build\Microsoft.NET.Build.Containers.targets (15,5)
       Overriding target "ResolveFrameworkReferences" in project "C:\Program Files\dotnet\sdk\8.0.423\Microsoft.Common.CurrentVersion.targets" with target "ResolveFrameworkReferences" from project "C:\Program Files\dotnet\sdk\8.0.423\Sdks\Microsoft.NET.Sdk\targets\Microsoft.NET.Sdk.FrameworkReferenceResolution.targets".
       Overriding target "Run" in project "C:\Program Files\dotnet\sdk\8.0.423\Microsoft.Common.CurrentVersion.targets" with target "Run" from project "C:\Program Files\dotnet\sdk\8.0.423\Sdks\Microsoft.NET.Sdk\targets\Microsoft.NET.Sdk.targets".
       Overriding target "GenerateSupportedTargetFrameworkAlias" in project "C:\Program Files\dotnet\sdk\8.0.423\Microsoft.Common.CurrentVersion.targets" with target "GenerateSupportedTargetFrameworkAlias" from project "C:\Program Files\dotnet\sdk\8.0.423\Sdks\Microsoft.NET.Sdk\targets\Microsoft.NET.Sdk.targets".
       Overriding target "GetReferenceAssemblyPaths" in project "C:\Program Files\dotnet\sdk\8.0.423\Microsoft.Common.CurrentVersion.targets" with target "GetReferenceAssemblyPaths" from project "C:\Program Files\dotnet\sdk\8.0.423\Sdks\Microsoft.NET.Sdk\targets\Microsoft.NET.DisableStandardFrameworkResolution.targets".
       Overriding target "GetFrameworkPaths" in project "C:\Program Files\dotnet\sdk\8.0.423\Microsoft.Common.CurrentVersion.targets" with target "GetFrameworkPaths" from project "C:\Program Files\dotnet\sdk\8.0.423\Sdks\Microsoft.NET.Sdk\targets\Microsoft.NET.DisableStandardFrameworkResolution.targets".
       Overriding target "DesignerRuntimeImplementationProjectOutputGroup" in project "C:\Program Files\dotnet\sdk\8.0.423\Microsoft.Common.CurrentVersion.targets" with target "DesignerRuntimeImplementationProjectOutputGroup" from project "C:\Program Files\dotnet\sdk\8.0.423\Sdks\Microsoft.NET.Sdk\targets\Microsoft.NET.DesignerSupport.targets".
       Overriding target "Publish" in project "C:\Program Files\dotnet\sdk\8.0.423\Microsoft.Common.CurrentVersion.targets" with target "Publish" from project "C:\Program Files\dotnet\sdk\8.0.423\Sdks\Microsoft.NET.Sdk\targets\Microsoft.NET.Publish.targets".
       Overriding target "ResolveReadyToRunCompilers" in project "C:\Program Files\dotnet\sdk\8.0.423\Sdks\Microsoft.NET.Sdk\targets\Microsoft.NET.CrossGen.targets" with target "ResolveReadyToRunCompilers" from project "C:\Program Files\dotnet\sdk\8.0.423\Sdks\Microsoft.NET.Sdk\targets\Microsoft.NET.Publish.targets".
       Overriding target "GetCopyToPublishDirectoryItems" in project "C:\Program Files\dotnet\sdk\8.0.423\Microsoft.Common.CurrentVersion.targets" with target "GetCopyToPublishDirectoryItems" from project "C:\Program Files\dotnet\sdk\8.0.423\Sdks\Microsoft.NET.Sdk\targets\Microsoft.NET.Publish.targets".
   1:3>Project "C:\Users\Tony\.gemini\antigravity\scratch\marksmith\MdToPdf\MdToPdf.csproj" (1:3) is building "C:\Users\Tony\.gemini\antigravity\scratch\marksmith\MdToPdf.Core\MdToPdf.Core.csproj" (2) on node 1 (_GenerateRestoreProjectPathWalk target(s)).
     2>Target "_GenerateRestoreProjectPathItemsAllFrameworks" skipped, due to false condition; ( '$(TargetFrameworks)' != '' ) was evaluated as ( '' != '' ).
     2>Target "_GenerateRestoreProjectPathItemsPerFramework" in file "C:\Program Files\dotnet\sdk\8.0.423\NuGet.targets" from project "C:\Users\Tony\.gemini\antigravity\scratch\marksmith\MdToPdf.Core\MdToPdf.Core.csproj" (target "_GenerateRestoreProjectPathItemsCurrentProject" depends on it):
       Task "ConvertToAbsolutePath"
       Done executing task "ConvertToAbsolutePath".
     2>Done building target "_GenerateRestoreProjectPathItemsPerFramework" in project "MdToPdf.Core.csproj".
     2>Target "_GenerateRestoreProjectPathItemsCurrentProject" in file "C:\Program Files\dotnet\sdk\8.0.423\NuGet.targets" from project "C:\Users\Tony\.gemini\antigravity\scratch\marksmith\MdToPdf.Core\MdToPdf.Core.csproj" (target "_GenerateRestoreProjectPathItems" depends on it):
     2>Done building target "_GenerateRestoreProjectPathItemsCurrentProject" in project "MdToPdf.Core.csproj".
     2>Target "_GenerateRestoreProjectPathItems" in file "C:\Program Files\dotnet\sdk\8.0.423\NuGet.targets" from project "C:\Users\Tony\.gemini\antigravity\scratch\marksmith\MdToPdf.Core\MdToPdf.Core.csproj" (target "_GenerateRestoreProjectPathWalk" depends on it):
       Task "RemoveDuplicates"
       Done executing task "RemoveDuplicates".
     2>Done building target "_GenerateRestoreProjectPathItems" in project "MdToPdf.Core.csproj".
     2>Target "_GenerateRestoreProjectPathWalk" in file "C:\Program Files\dotnet\sdk\8.0.423\NuGet.targets" from project "C:\Users\Tony\.gemini\antigravity\scratch\marksmith\MdToPdf.Core\MdToPdf.Core.csproj" (entry point):
       Task "MSBuild"
       Done executing task "MSBuild".
       Task "MSBuild" skipped, due to false condition; ( '$(RestoreUseSkipNonexistentTargets)' != 'true' ) was evaluated as ( 'true' != 'true' ).
       Task "RemoveDuplicates"
       Done executing task "RemoveDuplicates".
     2>Done building target "_GenerateRestoreProjectPathWalk" in project "MdToPdf.Core.csproj".
     2>Done Building Project "C:\Users\Tony\.gemini\antigravity\scratch\marksmith\MdToPdf.Core\MdToPdf.Core.csproj" (_GenerateRestoreProjectPathWalk target(s)).
   1:3>Done executing task "MSBuild".
       Task "MSBuild" skipped, due to false condition; ( '$(RestoreUseSkipNonexistentTargets)' != 'true' ) was evaluated as ( 'true' != 'true' ).
       Task "RemoveDuplicates"
       Done executing task "RemoveDuplicates".
   1:3>Done building target "_GenerateRestoreProjectPathWalk" in project "MdToPdf.csproj".
   1:3>Done Building Project "C:\Users\Tony\.gemini\antigravity\scratch\marksmith\MdToPdf\MdToPdf.csproj" (_GenerateRestoreProjectPathWalk target(s)).
     1>Done executing task "MSBuild".
       Task "MSBuild" skipped, due to false condition; ( '$(RestoreUseSkipNonexistentTargets)' != 'true' ) was evaluated as ( 'true' != 'true' ).
       Task "RemoveDuplicates"
       Done executing task "RemoveDuplicates".
       Task "MSBuild"
         Global Properties:
           ExcludeRestorePackageImports=true
     1>Project "C:\Users\Tony\.gemini\antigravity\scratch\marksmith\MdToPdf\MdToPdf.csproj" (1) is building "C:\Users\Tony\.gemini\antigravity\scratch\marksmith\MdToPdf\MdToPdf.csproj" (1:4) on node 1 (_IsProjectRestoreSupported target(s)).
   1:4>Target "_IsProjectRestoreSupported" skipped. Previously built successfully.
   1:4>Done Building Project "C:\Users\Tony\.gemini\antigravity\scratch\marksmith\MdToPdf\MdToPdf.csproj" (_IsProjectRestoreSupported target(s)).
     1>Project "C:\Users\Tony\.gemini\antigravity\scratch\marksmith\MdToPdf\MdToPdf.csproj" (1) is building "C:\Users\Tony\.gemini\antigravity\scratch\marksmith\MdToPdf.Core\MdToPdf.Core.csproj" (2:2) on node 1 (_IsProjectRestoreSupported target(s)).
   2:2>Target "_IsProjectRestoreSupported" in file "C:\Program Files\dotnet\sdk\8.0.423\NuGet.targets" from project "C:\Users\Tony\.gemini\antigravity\scratch\marksmith\MdToPdf.Core\MdToPdf.Core.csproj" (entry point):
   2:2>Done building target "_IsProjectRestoreSupported" in project "MdToPdf.Core.csproj".
   2:2>Done Building Project "C:\Users\Tony\.gemini\antigravity\scratch\marksmith\MdToPdf.Core\MdToPdf.Core.csproj" (_IsProjectRestoreSupported target(s)).
     1>Done executing task "MSBuild".
       Task "MSBuild" skipped, due to false condition; ( '$(RestoreUseSkipNonexistentTargets)' != 'true' ) was evaluated as ( 'true' != 'true' ).
     1>Done building target "_GetAllRestoreProjectPathItems" in project "MdToPdf.csproj".
     1>Target "_GenerateRestoreGraph" in file "C:\Program Files\dotnet\sdk\8.0.423\NuGet.targets" from project "C:\Users\Tony\.gemini\antigravity\scratch\marksmith\MdToPdf\MdToPdf.csproj" (target "Restore" depends on it):
       Using "Message" task from assembly "Microsoft.Build.Tasks.Core, Version=15.1.0.0, Culture=neutral, PublicKeyToken=b03f5f7f11d50a3a".
       Task "Message"
         Generating dg file
       Done executing task "Message".
       Task "Message"
         C:\Users\Tony\.gemini\antigravity\scratch\marksmith\MdToPdf.Core\MdToPdf.Core.csproj
       Done executing task "Message".
       Task "Message"
         C:\Users\Tony\.gemini\antigravity\scratch\marksmith\MdToPdf\MdToPdf.csproj
       Done executing task "Message".
       Task "MSBuild"
         Global Properties:
           ExcludeRestorePackageImports=true
     1>Project "C:\Users\Tony\.gemini\antigravity\scratch\marksmith\MdToPdf\MdToPdf.csproj" (1) is building "C:\Users\Tony\.gemini\antigravity\scratch\marksmith\MdToPdf.Core\MdToPdf.Core.csproj" (2:3) on node 1 (_GenerateRestoreGraphProjectEntry target(s)).
   2:3>Target "_GetProjectJsonPath" in file "C:\Program Files\dotnet\sdk\8.0.423\NuGet.targets" from project "C:\Users\Tony\.gemini\antigravity\scratch\marksmith\MdToPdf.Core\MdToPdf.Core.csproj" (target "_GetRestoreProjectStyle" depends on it):
   2:3>Task "GetRestoreProjectJsonPathTask" skipped, due to false condition; ( '$(RestoreProjectStyle)' == 'ProjectJson' OR '$(RestoreProjectStyle)' == '' ) was evaluated as ( 'PackageReference' == 'ProjectJson' OR 'PackageReference' == '' ).
   2:3>Done building target "_GetProjectJsonPath" in project "MdToPdf.Core.csproj".
       Target "_CheckForUnsupportedTargetPlatformIdentifier" skipped, due to false condition; ('$(TargetPlatformIdentifier)' != '' and '$(TargetFrameworkIdentifier)' == '.NETCoreApp' and $([MSBuild]::VersionGreaterThanOrEquals($(TargetFrameworkVersion), 5.0)) And ('$(DesignTimeBuild)' != 'true' Or '@(MissingWorkloadPack)' == '')) was evaluated as ('' != '' and '.NETCoreApp' == '.NETCoreApp' and True And ('' != 'true' Or '' == '')).
       Target "_CheckForMissingWorkload" skipped, due to false condition; ('@(MissingWorkloadPack)' != '' And '$(DesignTimeBuild)' != 'true') was evaluated as ('' != '' And '' != 'true').
   2:3>Target "_CheckForUnsupportedNETCoreVersion" in file "C:\Program Files\dotnet\sdk\8.0.423\Sdks\Microsoft.NET.Sdk\targets\Microsoft.NET.TargetFrameworkInference.targets" from project "C:\Users\Tony\.gemini\antigravity\scratch\marksmith\MdToPdf.Core\MdToPdf.Core.csproj" (target "CollectPackageReferences" depends on it):
       Task "NETSdkError" skipped, due to false condition; ('$(_TargetFrameworkVersionWithoutV)' > '$(NETCoreAppMaximumVersion)' and '$(DisplayVSMessage)' != 'true') was evaluated as ('8.0' > '8.0' and '' != 'true').
       Task "NETSdkError" skipped, due to false condition; ('$(DisplayVSMessage)' == 'true') was evaluated as ('' == 'true').
   2:3>Done building target "_CheckForUnsupportedNETCoreVersion" in project "MdToPdf.Core.csproj".
       Target "_CheckForEolTargetFrameworks" skipped, due to false condition; ('@(_EolNetCoreTargetFrameworkVersions->AnyHaveMetadataValue('Identity', '$(_TargetFrameworkVersionWithoutV)'))' and '$(TargetFrameworkIdentifier)' == '.NETCoreApp' and '$(CheckEolTargetFramework)' == 'true') was evaluated as ('false' and '.NETCoreApp' == '.NETCoreApp' and '' == 'true').
       Target "_CheckForEolWorkloads" skipped, due to false condition; ('@(EolWorkload)' != '' and '$(CheckEolWorkloads)' == 'true') was evaluated as ('' != '' and 'true' == 'true').
   2:3>Target "_CheckForUnsupportedCppNETCoreVersion" in file "C:\Program Files\dotnet\sdk\8.0.423\Sdks\Microsoft.NET.Sdk\targets\Microsoft.NET.TargetFrameworkInference.targets" from project "C:\Users\Tony\.gemini\antigravity\scratch\marksmith\MdToPdf.Core\MdToPdf.Core.csproj" (target "CollectPackageReferences" depends on it):
       Task "NETSdkError" skipped, due to false condition; ('$(TargetFrameworkIdentifier)' == '.NETCoreApp' and '$(_TargetFrameworkVersionWithoutV)' < '3.1' and ('$(Language)' == 'C++' and '$(_EnablePackageReferencesInVCProjects)' != 'true')) was evaluated as ('.NETCoreApp' == '.NETCoreApp' and '8.0' < '3.1' and ('C#' == 'C++' and '' != 'true')).
   2:3>Done building target "_CheckForUnsupportedCppNETCoreVersion" in project "MdToPdf.Core.csproj".
       Target "_CheckForUnsupportedNETStandardVersion" skipped, due to false condition; ('$(TargetFrameworkIdentifier)' == '.NETStandard' And '$(NETStandardMaximumVersion)' != '') was evaluated as ('.NETCoreApp' == '.NETStandard' And '' != '').
       Target "_CheckForUnsupportedTargetFrameworkAndFeatureCombination" skipped, due to false condition; ('$(TargetFrameworkIdentifier)' == '.NETFramework') was evaluated as ('.NETCoreApp' == '.NETFramework').
   2:3>Target "UpdateAspNetToFrameworkReference" in file "C:\Program Files\dotnet\sdk\8.0.423\Sdks\Microsoft.NET.Sdk\targets\Microsoft.NET.Sdk.DefaultItems.Shared.targets" from project "C:\Users\Tony\.gemini\antigravity\scratch\marksmith\MdToPdf.Core\MdToPdf.Core.csproj" (target "ApplyImplicitVersions" depends on it):
       Using "CheckIfPackageReferenceShouldBeFrameworkReference" task from assembly "C:\Program Files\dotnet\sdk\8.0.423\Sdks\Microsoft.NET.Sdk\targets\..\tools\net8.0\Microsoft.NET.Build.Tasks.dll".
       Task "CheckIfPackageReferenceShouldBeFrameworkReference"
       Done executing task "CheckIfPackageReferenceShouldBeFrameworkReference".
       Task "NETSdkError" skipped, due to false condition; ('$(_ShouldRemoveAspNetCoreAll)' == 'true') was evaluated as ('False' == 'true').
       Task "CheckIfPackageReferenceShouldBeFrameworkReference"
       Done executing task "CheckIfPackageReferenceShouldBeFrameworkReference".
       Task "NETSdkWarning" skipped, due to false condition; ('$(_ShouldRemoveAspNetCoreApp)' == 'true') was evaluated as ('False' == 'true').
   2:3>Done building target "UpdateAspNetToFrameworkReference" in project "MdToPdf.Core.csproj".
       Target "IncludeTargetingPackReference" skipped, due to false condition; ('$(TargetFrameworkMoniker)' != '' and '$(TargetFrameworkIdentifier)' == '.NETFramework' and '$(AutomaticallyUseReferenceAssemblyPackages)' == 'true') was evaluated as ('.NETCoreApp,Version=v8.0' != '' and '.NETCoreApp' == '.NETFramework' and 'true' == 'true').
   2:3>Target "CheckForImplicitPackageReferenceOverrides" in file "C:\Program Files\dotnet\sdk\8.0.423\Sdks\Microsoft.NET.Sdk\targets\Microsoft.NET.Sdk.DefaultItems.Shared.targets" from project "C:\Users\Tony\.gemini\antigravity\scratch\marksmith\MdToPdf.Core\MdToPdf.Core.csproj" (target "ApplyImplicitVersions" depends on it):
       Using "CheckForImplicitPackageReferenceOverrides" task from assembly "C:\Program Files\dotnet\sdk\8.0.423\Sdks\Microsoft.NET.Sdk\targets\..\tools\net8.0\Microsoft.NET.Build.Tasks.dll".
       Task "CheckForImplicitPackageReferenceOverrides"
       Done executing task "CheckForImplicitPackageReferenceOverrides".
   2:3>Done building target "CheckForImplicitPackageReferenceOverrides" in project "MdToPdf.Core.csproj".
   2:3>Target "ApplyImplicitVersions" in file "C:\Program Files\dotnet\sdk\8.0.423\Sdks\Microsoft.NET.Sdk\targets\Microsoft.NET.Sdk.DefaultItems.Shared.targets" from project "C:\Users\Tony\.gemini\antigravity\scratch\marksmith\MdToPdf.Core\MdToPdf.Core.csproj" (target "CollectPackageReferences" depends on it):
       Using "ApplyImplicitVersions" task from assembly "C:\Program Files\dotnet\sdk\8.0.423\Sdks\Microsoft.NET.Sdk\targets\..\tools\net8.0\Microsoft.NET.Build.Tasks.dll".
       Task "ApplyImplicitVersions"
       Done executing task "ApplyImplicitVersions".
   2:3>Done building target "ApplyImplicitVersions" in project "MdToPdf.Core.csproj".
       Target "CheckForImplicitPackageReferenceOverrides" skipped. Previously built successfully.
       Target "AddWindowsSdkKnownFrameworkReferences" skipped, due to false condition; ('$(TargetFrameworkIdentifier)' == '.NETCoreApp' And '$(TargetPlatformIdentifier)' == 'Windows') was evaluated as ('.NETCoreApp' == '.NETCoreApp' And '' == 'Windows').
       Target "_NormalizeTargetPlatformVersion" skipped, due to false condition; ('$(TargetPlatformVersion)' != '' and '$(TargetFrameworkIdentifier)' == '.NETCoreApp' and $([MSBuild]::VersionGreaterThanOrEquals($(TargetFrameworkVersion), 5.0)) and ('$(Language)' != 'C++' or '$(_EnablePackageReferencesInVCProjects)' == 'true')) was evaluated as ('' != '' and '.NETCoreApp' == '.NETCoreApp' and True and ('C#' != 'C++' or '' == 'true')).
   2:3>Target "_CheckForLanguageAndFeatureCombinationSupport" in file "C:\Program Files\dotnet\sdk\8.0.423\Sdks\Microsoft.NET.Sdk\targets\Microsoft.NET.RuntimeIdentifierInference.targets" from project "C:\Users\Tony\.gemini\antigravity\scratch\marksmith\MdToPdf.Core\MdToPdf.Core.csproj" (target "ProcessFrameworkReferences" depends on it):
       Task "NETSdkError" skipped, due to false condition; (('$(Language)' == 'C++' and '$(_EnablePackageReferencesInVCProjects)' != 'true') and $(OutputType) != 'library' and '$(TargetFrameworkIdentifier)' == '.NETCoreApp') was evaluated as (('C#' == 'C++' and '' != 'true') and Library != 'library' and '.NETCoreApp' == '.NETCoreApp').
       Task "NETSdkError" skipped, due to false condition; (('$(Language)' == 'C++' and '$(_EnablePackageReferencesInVCProjects)' != 'true') and $(EnableComHosting) == 'true') was evaluated as (('C#' == 'C++' and '' != 'true') and  == 'true').
       Task "NETSdkError" skipped, due to false condition; (('$(Language)' == 'C++' and '$(_EnablePackageReferencesInVCProjects)' != 'true') and $(SelfContained) == 'true') was evaluated as (('C#' == 'C++' and '' != 'true') and  == 'true').
   2:3>Done building target "_CheckForLanguageAndFeatureCombinationSupport" in project "MdToPdf.Core.csproj".
   2:3>Target "_ComputeToolPackInputsToProcessFrameworkReferences" in file "C:\Program Files\dotnet\sdk\8.0.423\Sdks\Microsoft.NET.Sdk\targets\Microsoft.NET.Publish.targets" from project "C:\Users\Tony\.gemini\antigravity\scratch\marksmith\MdToPdf.Core\MdToPdf.Core.csproj" (target "ProcessFrameworkReferences" depends on it):
   2:3>Done building target "_ComputeToolPackInputsToProcessFrameworkReferences" in project "MdToPdf.Core.csproj".
   2:3>Target "ProcessFrameworkReferences" in file "C:\Program Files\dotnet\sdk\8.0.423\Sdks\Microsoft.NET.Sdk\targets\Microsoft.NET.Sdk.FrameworkReferenceResolution.targets" from project "C:\Users\Tony\.gemini\antigravity\scratch\marksmith\MdToPdf.Core\MdToPdf.Core.csproj" (target "CollectPackageReferences" depends on it):
       Using "CheckForDuplicateFrameworkReferences" task from assembly "C:\Program Files\dotnet\sdk\8.0.423\Sdks\Microsoft.NET.Sdk\targets\..\tools\net8.0\Microsoft.NET.Build.Tasks.dll".
       Task "CheckForDuplicateFrameworkReferences"
       Done executing task "CheckForDuplicateFrameworkReferences".
       Using "ProcessFrameworkReferences" task from assembly "C:\Program Files\dotnet\sdk\8.0.423\Sdks\Microsoft.NET.Sdk\targets\..\tools\net8.0\Microsoft.NET.Build.Tasks.dll".
       Task "ProcessFrameworkReferences"
       Done executing task "ProcessFrameworkReferences".
       Using "ResolveAppHosts" task from assembly "C:\Program Files\dotnet\sdk\8.0.423\Sdks\Microsoft.NET.Sdk\targets\..\tools\net8.0\Microsoft.NET.Build.Tasks.dll".
       Task "ResolveAppHosts"
       Done executing task "ResolveAppHosts".
   2:3>Done building target "ProcessFrameworkReferences" in project "MdToPdf.Core.csproj".
       Target "IncludeTargetingPackReference" skipped, due to false condition; ('$(TargetFrameworkMoniker)' != '' and '$(TargetFrameworkIdentifier)' == '.NETFramework' and '$(AutomaticallyUseReferenceAssemblyPackages)' == 'true') was evaluated as ('.NETCoreApp,Version=v8.0' != '' and '.NETCoreApp' == '.NETFramework' and 'true' == 'true').
   2:3>Target "_AddMicrosoftNetCompilerToolsetFrameworkPackage" in file "C:\Program Files\dotnet\sdk\8.0.423\Sdks\Microsoft.NET.Sdk\targets\Microsoft.NET.Sdk.targets" from project "C:\Users\Tony\.gemini\antigravity\scratch\marksmith\MdToPdf.Core\MdToPdf.Core.csproj" (target "CollectPackageReferences" depends on it):
       Task "NETSdkWarning" skipped, due to false condition; ('@(PackageReference->AnyHaveMetadataValue('Identity', 'Microsoft.Net.Compilers.Toolset.Framework'))' == 'true') was evaluated as ('false' == 'true').
   2:3>Done building target "_AddMicrosoftNetCompilerToolsetFrameworkPackage" in project "MdToPdf.Core.csproj".
   2:3>Target "_CheckForObsoleteDotNetCliToolReferences" in file "C:\Program Files\dotnet\sdk\8.0.423\Sdks\Microsoft.NET.Sdk\targets\Microsoft.NET.ObsoleteReferences.targets" from project "C:\Users\Tony\.gemini\antigravity\scratch\marksmith\MdToPdf.Core\MdToPdf.Core.csproj" (target "CollectPackageReferences" depends on it):
       Task "NETSdkWarning" skipped, due to false condition; ( '%(_ReferenceToObsoleteDotNetCliTool.Identity)' != '' ) was evaluated as ( '' != '' ).
   2:3>Done building target "_CheckForObsoleteDotNetCliToolReferences" in project "MdToPdf.Core.csproj".
   2:3>Target "CollectPackageReferences" in file "C:\Program Files\dotnet\sdk\8.0.423\NuGet.targets" from project "C:\Users\Tony\.gemini\antigravity\scratch\marksmith\MdToPdf.Core\MdToPdf.Core.csproj" (target "_GetRestoreProjectStyle" depends on it):
       Using "CheckForDuplicateNuGetItemsTask" task from assembly "C:\Program Files\dotnet\sdk\8.0.423\NuGet.Build.Tasks.dll".
       Task "CheckForDuplicateNuGetItemsTask"
       Done executing task "CheckForDuplicateNuGetItemsTask".
   2:3>Done building target "CollectPackageReferences" in project "MdToPdf.Core.csproj".
   2:3>Target "_GetRestoreProjectStyle" in file "C:\Program Files\dotnet\sdk\8.0.423\NuGet.targets" from project "C:\Users\Tony\.gemini\antigravity\scratch\marksmith\MdToPdf.Core\MdToPdf.Core.csproj" (target "_GenerateRestoreSpecs" depends on it):
       Using "GetRestoreProjectStyleTask" task from assembly "C:\Program Files\dotnet\sdk\8.0.423\NuGet.Build.Tasks.dll".
       Task "GetRestoreProjectStyleTask"
       Done executing task "GetRestoreProjectStyleTask".
   2:3>Done building target "_GetRestoreProjectStyle" in project "MdToPdf.Core.csproj".
   2:3>Target "_GenerateRestoreSpecs" in file "C:\Program Files\dotnet\sdk\8.0.423\NuGet.targets" from project "C:\Users\Tony\.gemini\antigravity\scratch\marksmith\MdToPdf.Core\MdToPdf.Core.csproj" (target "_GenerateRestoreGraphProjectEntry" depends on it):
       Task "Message"
         Restore entry point C:\Users\Tony\.gemini\antigravity\scratch\marksmith\MdToPdf.Core\MdToPdf.Core.csproj
       Done executing task "Message".
   2:3>Done building target "_GenerateRestoreSpecs" in project "MdToPdf.Core.csproj".
   2:3>Target "_GetRestoreSettingsOverrides" in file "C:\Program Files\dotnet\sdk\8.0.423\NuGet.targets" from project "C:\Users\Tony\.gemini\antigravity\scratch\marksmith\MdToPdf.Core\MdToPdf.Core.csproj" (target "_GetRestoreSettings" depends on it):
       Task "MSBuild" skipped, due to false condition; ( '$(RestorePackagesPath)' != '' ) was evaluated as ( '' != '' ).
       Task "MSBuild" skipped, due to false condition; ( '$(RestoreRepositoryPathOverride)' != '' ) was evaluated as ( '' != '' ).
       Task "MSBuild" skipped, due to false condition; ( '$(RestoreSources)' != '' ) was evaluated as ( '' != '' ).
       Task "MSBuild" skipped, due to false condition; ( '$(RestoreFallbackFolders)' != '' ) was evaluated as ( '' != '' ).
   2:3>Done building target "_GetRestoreSettingsOverrides" in project "MdToPdf.Core.csproj".
   2:3>Target "_GetRestoreSettingsPerFramework" in file "C:\Program Files\dotnet\sdk\8.0.423\NuGet.targets" from project "C:\Users\Tony\.gemini\antigravity\scratch\marksmith\MdToPdf.Core\MdToPdf.Core.csproj" (target "_GetRestoreSettingsCurrentProject" depends on it):
   2:3>Done building target "_GetRestoreSettingsPerFramework" in project "MdToPdf.Core.csproj".
   2:3>Target "_GetRestoreSettingsCurrentProject" in file "C:\Program Files\dotnet\sdk\8.0.423\NuGet.targets" from project "C:\Users\Tony\.gemini\antigravity\scratch\marksmith\MdToPdf.Core\MdToPdf.Core.csproj" (target "_GetRestoreSettings" depends on it):
   2:3>Done building target "_GetRestoreSettingsCurrentProject" in project "MdToPdf.Core.csproj".
       Target "_GetRestoreSettingsAllFrameworks" skipped, due to false condition; ( '$(TargetFrameworks)' != '' AND '$(PackageReferenceCompatibleProjectStyle)' == 'true' ) was evaluated as ( '' != '' AND 'True' == 'true' ).
   2:3>Target "_GetRestoreSettings" in file "C:\Program Files\dotnet\sdk\8.0.423\NuGet.targets" from project "C:\Users\Tony\.gemini\antigravity\scratch\marksmith\MdToPdf.Core\MdToPdf.Core.csproj" (target "_GenerateDotnetCliToolReferenceSpecs" depends on it):
       Using "GetRestoreSettingsTask" task from assembly "C:\Program Files\dotnet\sdk\8.0.423\NuGet.Build.Tasks.dll".
       Task "GetRestoreSettingsTask"
         Assembly loaded during TaskRun (NuGet.Build.Tasks.GetRestoreSettingsTask): NuGet.Configuration, Version=6.11.2.1, Culture=neutral, PublicKeyToken=31bf3856ad364e35 (location: C:\Program Files\dotnet\sdk\8.0.423\NuGet.Configuration.dll, MVID: 9c7b2a88-68b8-49a2-be28-1b1a5314633f, AssemblyLoadContext: MSBuild plugin C:\Program Files\dotnet\sdk\8.0.423\NuGet.Build.Tasks.dll)
       Done executing task "GetRestoreSettingsTask".
   2:3>Done building target "_GetRestoreSettings" in project "MdToPdf.Core.csproj".
   2:3>Target "_GenerateDotnetCliToolReferenceSpecs" in file "C:\Program Files\dotnet\sdk\8.0.423\NuGet.targets" from project "C:\Users\Tony\.gemini\antigravity\scratch\marksmith\MdToPdf.Core\MdToPdf.Core.csproj" (target "_GenerateRestoreGraphProjectEntry" depends on it):
       Using "GetRestoreDotnetCliToolsTask" task from assembly "C:\Program Files\dotnet\sdk\8.0.423\NuGet.Build.Tasks.dll".
       Task "GetRestoreDotnetCliToolsTask"
       Done executing task "GetRestoreDotnetCliToolsTask".
   2:3>Done building target "_GenerateDotnetCliToolReferenceSpecs" in project "MdToPdf.Core.csproj".
   2:3>Target "_GenerateRestoreGraphProjectEntry" in file "C:\Program Files\dotnet\sdk\8.0.423\NuGet.targets" from project "C:\Users\Tony\.gemini\antigravity\scratch\marksmith\MdToPdf.Core\MdToPdf.Core.csproj" (entry point):
   2:3>Done building target "_GenerateRestoreGraphProjectEntry" in project "MdToPdf.Core.csproj".
   2:3>Done Building Project "C:\Users\Tony\.gemini\antigravity\scratch\marksmith\MdToPdf.Core\MdToPdf.Core.csproj" (_GenerateRestoreGraphProjectEntry target(s)).
     1>Project "C:\Users\Tony\.gemini\antigravity\scratch\marksmith\MdToPdf\MdToPdf.csproj" (1) is building "C:\Users\Tony\.gemini\antigravity\scratch\marksmith\MdToPdf\MdToPdf.csproj" (1:5) on node 1 (_GenerateRestoreGraphProjectEntry target(s)).
   1:5>Target "_GetProjectJsonPath" in file "C:\Program Files\dotnet\sdk\8.0.423\NuGet.targets" from project "C:\Users\Tony\.gemini\antigravity\scratch\marksmith\MdToPdf\MdToPdf.csproj" (target "_GetRestoreProjectStyle" depends on it):
   1:5>Task "GetRestoreProjectJsonPathTask" skipped, due to false condition; ( '$(RestoreProjectStyle)' == 'ProjectJson' OR '$(RestoreProjectStyle)' == '' ) was evaluated as ( 'PackageReference' == 'ProjectJson' OR 'PackageReference' == '' ).
   1:5>Done building target "_GetProjectJsonPath" in project "MdToPdf.csproj".
       Target "_CheckForMissingWorkload" skipped, due to false condition; ('@(MissingWorkloadPack)' != '' And '$(DesignTimeBuild)' != 'true') was evaluated as ('' != '' And '' != 'true').
   1:5>Target "_CheckForUnsupportedTargetPlatformIdentifier" in file "C:\Program Files\dotnet\sdk\8.0.423\Sdks\Microsoft.NET.Sdk\targets\Microsoft.NET.TargetFrameworkInference.targets" from project "C:\Users\Tony\.gemini\antigravity\scratch\marksmith\MdToPdf\MdToPdf.csproj" (target "CollectPackageReferences" depends on it):
       Task "NETSdkError" skipped, due to false condition; ('$(TargetPlatformSupported)' != 'true' and '$(UseWorkloadsSpecificError)' != 'true') was evaluated as ('true' != 'true' and '' != 'true').
       Task "NETSdkError" skipped, due to false condition; ('$(TargetPlatformSupported)' != 'true' and '$(UseWorkloadsSpecificError)' == 'true') was evaluated as ('true' != 'true' and '' == 'true').
   1:5>Done building target "_CheckForUnsupportedTargetPlatformIdentifier" in project "MdToPdf.csproj".
   1:5>Target "_CheckForUnsupportedNETCoreVersion" in file "C:\Program Files\dotnet\sdk\8.0.423\Sdks\Microsoft.NET.Sdk\targets\Microsoft.NET.TargetFrameworkInference.targets" from project "C:\Users\Tony\.gemini\antigravity\scratch\marksmith\MdToPdf\MdToPdf.csproj" (target "CollectPackageReferences" depends on it):
       Task "NETSdkError" skipped, due to false condition; ('$(_TargetFrameworkVersionWithoutV)' > '$(NETCoreAppMaximumVersion)' and '$(DisplayVSMessage)' != 'true') was evaluated as ('8.0' > '8.0' and '' != 'true').
       Task "NETSdkError" skipped, due to false condition; ('$(DisplayVSMessage)' == 'true') was evaluated as ('' == 'true').
   1:5>Done building target "_CheckForUnsupportedNETCoreVersion" in project "MdToPdf.csproj".
       Target "_CheckForEolTargetFrameworks" skipped, due to false condition; ('@(_EolNetCoreTargetFrameworkVersions->AnyHaveMetadataValue('Identity', '$(_TargetFrameworkVersionWithoutV)'))' and '$(TargetFrameworkIdentifier)' == '.NETCoreApp' and '$(CheckEolTargetFramework)' == 'true') was evaluated as ('false' and '.NETCoreApp' == '.NETCoreApp' and 'true' == 'true').
       Target "_CheckForEolWorkloads" skipped, due to false condition; ('@(EolWorkload)' != '' and '$(CheckEolWorkloads)' == 'true') was evaluated as ('' != '' and 'true' == 'true').
   1:5>Target "_CheckForUnsupportedCppNETCoreVersion" in file "C:\Program Files\dotnet\sdk\8.0.423\Sdks\Microsoft.NET.Sdk\targets\Microsoft.NET.TargetFrameworkInference.targets" from project "C:\Users\Tony\.gemini\antigravity\scratch\marksmith\MdToPdf\MdToPdf.csproj" (target "CollectPackageReferences" depends on it):
       Task "NETSdkError" skipped, due to false condition; ('$(TargetFrameworkIdentifier)' == '.NETCoreApp' and '$(_TargetFrameworkVersionWithoutV)' < '3.1' and ('$(Language)' == 'C++' and '$(_EnablePackageReferencesInVCProjects)' != 'true')) was evaluated as ('.NETCoreApp' == '.NETCoreApp' and '8.0' < '3.1' and ('C#' == 'C++' and '' != 'true')).
   1:5>Done building target "_CheckForUnsupportedCppNETCoreVersion" in project "MdToPdf.csproj".
       Target "_CheckForUnsupportedNETStandardVersion" skipped, due to false condition; ('$(TargetFrameworkIdentifier)' == '.NETStandard' And '$(NETStandardMaximumVersion)' != '') was evaluated as ('.NETCoreApp' == '.NETStandard' And '' != '').
       Target "_CheckForUnsupportedTargetFrameworkAndFeatureCombination" skipped, due to false condition; ('$(TargetFrameworkIdentifier)' == '.NETFramework') was evaluated as ('.NETCoreApp' == '.NETFramework').
   1:5>Target "UpdateAspNetToFrameworkReference" in file "C:\Program Files\dotnet\sdk\8.0.423\Sdks\Microsoft.NET.Sdk\targets\Microsoft.NET.Sdk.DefaultItems.Shared.targets" from project "C:\Users\Tony\.gemini\antigravity\scratch\marksmith\MdToPdf\MdToPdf.csproj" (target "ApplyImplicitVersions" depends on it):
       Using "CheckIfPackageReferenceShouldBeFrameworkReference" task from assembly "C:\Program Files\dotnet\sdk\8.0.423\Sdks\Microsoft.NET.Sdk\targets\..\tools\net8.0\Microsoft.NET.Build.Tasks.dll".
       Task "CheckIfPackageReferenceShouldBeFrameworkReference"
       Done executing task "CheckIfPackageReferenceShouldBeFrameworkReference".
       Task "NETSdkError" skipped, due to false condition; ('$(_ShouldRemoveAspNetCoreAll)' == 'true') was evaluated as ('False' == 'true').
       Task "CheckIfPackageReferenceShouldBeFrameworkReference"
       Done executing task "CheckIfPackageReferenceShouldBeFrameworkReference".
       Task "NETSdkWarning" skipped, due to false condition; ('$(_ShouldRemoveAspNetCoreApp)' == 'true') was evaluated as ('False' == 'true').
   1:5>Done building target "UpdateAspNetToFrameworkReference" in project "MdToPdf.csproj".
       Target "IncludeTargetingPackReference" skipped, due to false condition; ('$(TargetFrameworkMoniker)' != '' and '$(TargetFrameworkIdentifier)' == '.NETFramework' and '$(AutomaticallyUseReferenceAssemblyPackages)' == 'true') was evaluated as ('.NETCoreApp,Version=v8.0' != '' and '.NETCoreApp' == '.NETFramework' and 'true' == 'true').
   1:5>Target "CheckForImplicitPackageReferenceOverrides" in file "C:\Program Files\dotnet\sdk\8.0.423\Sdks\Microsoft.NET.Sdk\targets\Microsoft.NET.Sdk.DefaultItems.Shared.targets" from project "C:\Users\Tony\.gemini\antigravity\scratch\marksmith\MdToPdf\MdToPdf.csproj" (target "ApplyImplicitVersions" depends on it):
       Using "CheckForImplicitPackageReferenceOverrides" task from assembly "C:\Program Files\dotnet\sdk\8.0.423\Sdks\Microsoft.NET.Sdk\targets\..\tools\net8.0\Microsoft.NET.Build.Tasks.dll".
       Task "CheckForImplicitPackageReferenceOverrides"
       Done executing task "CheckForImplicitPackageReferenceOverrides".
   1:5>Done building target "CheckForImplicitPackageReferenceOverrides" in project "MdToPdf.csproj".
   1:5>Target "ApplyImplicitVersions" in file "C:\Program Files\dotnet\sdk\8.0.423\Sdks\Microsoft.NET.Sdk\targets\Microsoft.NET.Sdk.DefaultItems.Shared.targets" from project "C:\Users\Tony\.gemini\antigravity\scratch\marksmith\MdToPdf\MdToPdf.csproj" (target "CollectPackageReferences" depends on it):
       Using "ApplyImplicitVersions" task from assembly "C:\Program Files\dotnet\sdk\8.0.423\Sdks\Microsoft.NET.Sdk\targets\..\tools\net8.0\Microsoft.NET.Build.Tasks.dll".
       Task "ApplyImplicitVersions"
       Done executing task "ApplyImplicitVersions".
   1:5>Done building target "ApplyImplicitVersions" in project "MdToPdf.csproj".
       Target "CheckForImplicitPackageReferenceOverrides" skipped. Previously built successfully.
   1:5>Target "AddWindowsSdkKnownFrameworkReferences" in file "C:\Program Files\dotnet\sdk\8.0.423\Sdks\Microsoft.NET.Sdk\targets\Microsoft.NET.Sdk.FrameworkReferenceResolution.targets" from project "C:\Users\Tony\.gemini\antigravity\scratch\marksmith\MdToPdf\MdToPdf.csproj" (target "ProcessFrameworkReferences" depends on it):
       Using "CreateWindowsSdkKnownFrameworkReferences" task from assembly "C:\Program Files\dotnet\sdk\8.0.423\Sdks\Microsoft.NET.Sdk\targets\..\tools\net8.0\Microsoft.NET.Build.Tasks.dll".
       Task "CreateWindowsSdkKnownFrameworkReferences"
       Done executing task "CreateWindowsSdkKnownFrameworkReferences".
   1:5>Done building target "AddWindowsSdkKnownFrameworkReferences" in project "MdToPdf.csproj".
   1:5>Target "_NormalizeTargetPlatformVersion" in file "C:\Program Files\dotnet\sdk\8.0.423\Sdks\Microsoft.NET.Sdk\targets\Microsoft.NET.TargetFrameworkInference.targets" from project "C:\Users\Tony\.gemini\antigravity\scratch\marksmith\MdToPdf\MdToPdf.csproj" (target "ProcessFrameworkReferences" depends on it):
   1:5>Done building target "_NormalizeTargetPlatformVersion" in project "MdToPdf.csproj".
   1:5>Target "_CheckForLanguageAndFeatureCombinationSupport" in file "C:\Program Files\dotnet\sdk\8.0.423\Sdks\Microsoft.NET.Sdk\targets\Microsoft.NET.RuntimeIdentifierInference.targets" from project "C:\Users\Tony\.gemini\antigravity\scratch\marksmith\MdToPdf\MdToPdf.csproj" (target "ProcessFrameworkReferences" depends on it):
       Task "NETSdkError" skipped, due to false condition; (('$(Language)' == 'C++' and '$(_EnablePackageReferencesInVCProjects)' != 'true') and $(OutputType) != 'library' and '$(TargetFrameworkIdentifier)' == '.NETCoreApp') was evaluated as (('C#' == 'C++' and '' != 'true') and WinExe != 'library' and '.NETCoreApp' == '.NETCoreApp').
       Task "NETSdkError" skipped, due to false condition; (('$(Language)' == 'C++' and '$(_EnablePackageReferencesInVCProjects)' != 'true') and $(EnableComHosting) == 'true') was evaluated as (('C#' == 'C++' and '' != 'true') and  == 'true').
       Task "NETSdkError" skipped, due to false condition; (('$(Language)' == 'C++' and '$(_EnablePackageReferencesInVCProjects)' != 'true') and $(SelfContained) == 'true') was evaluated as (('C#' == 'C++' and '' != 'true') and false == 'true').
   1:5>Done building target "_CheckForLanguageAndFeatureCombinationSupport" in project "MdToPdf.csproj".
   1:5>Target "_ComputeToolPackInputsToProcessFrameworkReferences" in file "C:\Program Files\dotnet\sdk\8.0.423\Sdks\Microsoft.NET.Sdk\targets\Microsoft.NET.Publish.targets" from project "C:\Users\Tony\.gemini\antigravity\scratch\marksmith\MdToPdf\MdToPdf.csproj" (target "ProcessFrameworkReferences" depends on it):
   1:5>Done building target "_ComputeToolPackInputsToProcessFrameworkReferences" in project "MdToPdf.csproj".
   1:5>Target "ProcessFrameworkReferences" in file "C:\Program Files\dotnet\sdk\8.0.423\Sdks\Microsoft.NET.Sdk\targets\Microsoft.NET.Sdk.FrameworkReferenceResolution.targets" from project "C:\Users\Tony\.gemini\antigravity\scratch\marksmith\MdToPdf\MdToPdf.csproj" (target "CollectPackageReferences" depends on it):
       Using "CheckForDuplicateFrameworkReferences" task from assembly "C:\Program Files\dotnet\sdk\8.0.423\Sdks\Microsoft.NET.Sdk\targets\..\tools\net8.0\Microsoft.NET.Build.Tasks.dll".
       Task "CheckForDuplicateFrameworkReferences"
       Done executing task "CheckForDuplicateFrameworkReferences".
       Using "ProcessFrameworkReferences" task from assembly "C:\Program Files\dotnet\sdk\8.0.423\Sdks\Microsoft.NET.Sdk\targets\..\tools\net8.0\Microsoft.NET.Build.Tasks.dll".
       Task "ProcessFrameworkReferences"
       Done executing task "ProcessFrameworkReferences".
       Using "ResolveAppHosts" task from assembly "C:\Program Files\dotnet\sdk\8.0.423\Sdks\Microsoft.NET.Sdk\targets\..\tools\net8.0\Microsoft.NET.Build.Tasks.dll".
       Task "ResolveAppHosts"
       Done executing task "ResolveAppHosts".
   1:5>Done building target "ProcessFrameworkReferences" in project "MdToPdf.csproj".
       Target "IncludeTargetingPackReference" skipped, due to false condition; ('$(TargetFrameworkMoniker)' != '' and '$(TargetFrameworkIdentifier)' == '.NETFramework' and '$(AutomaticallyUseReferenceAssemblyPackages)' == 'true') was evaluated as ('.NETCoreApp,Version=v8.0' != '' and '.NETCoreApp' == '.NETFramework' and 'true' == 'true').
   1:5>Target "_AddMicrosoftNetCompilerToolsetFrameworkPackage" in file "C:\Program Files\dotnet\sdk\8.0.423\Sdks\Microsoft.NET.Sdk\targets\Microsoft.NET.Sdk.targets" from project "C:\Users\Tony\.gemini\antigravity\scratch\marksmith\MdToPdf\MdToPdf.csproj" (target "CollectPackageReferences" depends on it):
       Task "NETSdkWarning" skipped, due to false condition; ('@(PackageReference->AnyHaveMetadataValue('Identity', 'Microsoft.Net.Compilers.Toolset.Framework'))' == 'true') was evaluated as ('false' == 'true').
   1:5>Done building target "_AddMicrosoftNetCompilerToolsetFrameworkPackage" in project "MdToPdf.csproj".
   1:5>Target "_CheckForObsoleteDotNetCliToolReferences" in file "C:\Program Files\dotnet\sdk\8.0.423\Sdks\Microsoft.NET.Sdk\targets\Microsoft.NET.ObsoleteReferences.targets" from project "C:\Users\Tony\.gemini\antigravity\scratch\marksmith\MdToPdf\MdToPdf.csproj" (target "CollectPackageReferences" depends on it):
       Task "NETSdkWarning" skipped, due to false condition; ( '%(_ReferenceToObsoleteDotNetCliTool.Identity)' != '' ) was evaluated as ( '' != '' ).
   1:5>Done building target "_CheckForObsoleteDotNetCliToolReferences" in project "MdToPdf.csproj".
   1:5>Target "CollectPackageReferences" in file "C:\Program Files\dotnet\sdk\8.0.423\NuGet.targets" from project "C:\Users\Tony\.gemini\antigravity\scratch\marksmith\MdToPdf\MdToPdf.csproj" (target "_GetRestoreProjectStyle" depends on it):
       Using "CheckForDuplicateNuGetItemsTask" task from assembly "C:\Program Files\dotnet\sdk\8.0.423\NuGet.Build.Tasks.dll".
       Task "CheckForDuplicateNuGetItemsTask"
       Done executing task "CheckForDuplicateNuGetItemsTask".
   1:5>Done building target "CollectPackageReferences" in project "MdToPdf.csproj".
   1:5>Target "_GetRestoreProjectStyle" in file "C:\Program Files\dotnet\sdk\8.0.423\NuGet.targets" from project "C:\Users\Tony\.gemini\antigravity\scratch\marksmith\MdToPdf\MdToPdf.csproj" (target "_GenerateRestoreSpecs" depends on it):
       Using "GetRestoreProjectStyleTask" task from assembly "C:\Program Files\dotnet\sdk\8.0.423\NuGet.Build.Tasks.dll".
       Task "GetRestoreProjectStyleTask"
       Done executing task "GetRestoreProjectStyleTask".
   1:5>Done building target "_GetRestoreProjectStyle" in project "MdToPdf.csproj".
   1:5>Target "_GenerateRestoreSpecs" in file "C:\Program Files\dotnet\sdk\8.0.423\NuGet.targets" from project "C:\Users\Tony\.gemini\antigravity\scratch\marksmith\MdToPdf\MdToPdf.csproj" (target "_GenerateRestoreGraphProjectEntry" depends on it):
       Task "Message"
         Restore entry point C:\Users\Tony\.gemini\antigravity\scratch\marksmith\MdToPdf\MdToPdf.csproj
       Done executing task "Message".
   1:5>Done building target "_GenerateRestoreSpecs" in project "MdToPdf.csproj".
   1:5>Target "_GetRestoreSettingsOverrides" in file "C:\Program Files\dotnet\sdk\8.0.423\NuGet.targets" from project "C:\Users\Tony\.gemini\antigravity\scratch\marksmith\MdToPdf\MdToPdf.csproj" (target "_GetRestoreSettings" depends on it):
       Task "MSBuild" skipped, due to false condition; ( '$(RestorePackagesPath)' != '' ) was evaluated as ( '' != '' ).
       Task "MSBuild" skipped, due to false condition; ( '$(RestoreRepositoryPathOverride)' != '' ) was evaluated as ( '' != '' ).
       Task "MSBuild" skipped, due to false condition; ( '$(RestoreSources)' != '' ) was evaluated as ( '' != '' ).
       Task "MSBuild" skipped, due to false condition; ( '$(RestoreFallbackFolders)' != '' ) was evaluated as ( '' != '' ).
   1:5>Done building target "_GetRestoreSettingsOverrides" in project "MdToPdf.csproj".
   1:5>Target "_GetRestoreSettingsPerFramework" in file "C:\Program Files\dotnet\sdk\8.0.423\NuGet.targets" from project "C:\Users\Tony\.gemini\antigravity\scratch\marksmith\MdToPdf\MdToPdf.csproj" (target "_GetRestoreSettingsCurrentProject" depends on it):
   1:5>Done building target "_GetRestoreSettingsPerFramework" in project "MdToPdf.csproj".
   1:5>Target "_GetRestoreSettingsCurrentProject" in file "C:\Program Files\dotnet\sdk\8.0.423\NuGet.targets" from project "C:\Users\Tony\.gemini\antigravity\scratch\marksmith\MdToPdf\MdToPdf.csproj" (target "_GetRestoreSettings" depends on it):
   1:5>Done building target "_GetRestoreSettingsCurrentProject" in project "MdToPdf.csproj".
       Target "_GetRestoreSettingsAllFrameworks" skipped, due to false condition; ( '$(TargetFrameworks)' != '' AND '$(PackageReferenceCompatibleProjectStyle)' == 'true' ) was evaluated as ( '' != '' AND 'True' == 'true' ).
   1:5>Target "_GetRestoreSettings" in file "C:\Program Files\dotnet\sdk\8.0.423\NuGet.targets" from project "C:\Users\Tony\.gemini\antigravity\scratch\marksmith\MdToPdf\MdToPdf.csproj" (target "_GenerateDotnetCliToolReferenceSpecs" depends on it):
       Using "GetRestoreSettingsTask" task from assembly "C:\Program Files\dotnet\sdk\8.0.423\NuGet.Build.Tasks.dll".
       Task "GetRestoreSettingsTask"
       Done executing task "GetRestoreSettingsTask".
   1:5>Done building target "_GetRestoreSettings" in project "MdToPdf.csproj".
   1:5>Target "_GenerateDotnetCliToolReferenceSpecs" in file "C:\Program Files\dotnet\sdk\8.0.423\NuGet.targets" from project "C:\Users\Tony\.gemini\antigravity\scratch\marksmith\MdToPdf\MdToPdf.csproj" (target "_GenerateRestoreGraphProjectEntry" depends on it):
       Using "GetRestoreDotnetCliToolsTask" task from assembly "C:\Program Files\dotnet\sdk\8.0.423\NuGet.Build.Tasks.dll".
       Task "GetRestoreDotnetCliToolsTask"
       Done executing task "GetRestoreDotnetCliToolsTask".
   1:5>Done building target "_GenerateDotnetCliToolReferenceSpecs" in project "MdToPdf.csproj".
   1:5>Target "_GenerateRestoreGraphProjectEntry" in file "C:\Program Files\dotnet\sdk\8.0.423\NuGet.targets" from project "C:\Users\Tony\.gemini\antigravity\scratch\marksmith\MdToPdf\MdToPdf.csproj" (entry point):
   1:5>Done building target "_GenerateRestoreGraphProjectEntry" in project "MdToPdf.csproj".
   1:5>Done Building Project "C:\Users\Tony\.gemini\antigravity\scratch\marksmith\MdToPdf\MdToPdf.csproj" (_GenerateRestoreGraphProjectEntry target(s)).
     1>Done executing task "MSBuild".
       Task "MSBuild"
         Global Properties:
           ExcludeRestorePackageImports=true
     1>Project "C:\Users\Tony\.gemini\antigravity\scratch\marksmith\MdToPdf\MdToPdf.csproj" (1) is building "C:\Users\Tony\.gemini\antigravity\scratch\marksmith\MdToPdf.Core\MdToPdf.Core.csproj" (2:4) on node 1 (_GenerateProjectRestoreGraph target(s)).
   2:4>Target "_GetRestoreProjectStyle" skipped. Previously built successfully.
       Target "_GetRestoreProjectStyle" skipped. Previously built successfully.
       Target "_GetRestoreProjectStyle" skipped. Previously built successfully.
   2:4>Target "_GetRestoreTargetFrameworkOverride" in file "C:\Program Files\dotnet\sdk\8.0.423\NuGet.targets" from project "C:\Users\Tony\.gemini\antigravity\scratch\marksmith\MdToPdf.Core\MdToPdf.Core.csproj" (target "_GetRestoreTargetFrameworksOutput" depends on it):
       Task "GetGlobalPropertyValueTask" skipped, due to false condition; ( '$(TargetFrameworks)' != '' ) was evaluated as ( '' != '' ).
   2:4>Done building target "_GetRestoreTargetFrameworkOverride" in project "MdToPdf.Core.csproj".
   2:4>Target "_GetRestoreTargetFrameworksOutput" in file "C:\Program Files\dotnet\sdk\8.0.423\NuGet.targets" from project "C:\Users\Tony\.gemini\antigravity\scratch\marksmith\MdToPdf.Core\MdToPdf.Core.csproj" (target "_GenerateRestoreProjectSpec" depends on it):
       Using "GetProjectTargetFrameworksTask" task from assembly "C:\Program Files\dotnet\sdk\8.0.423\NuGet.Build.Tasks.dll".
       Task "GetProjectTargetFrameworksTask"
       Done executing task "GetProjectTargetFrameworksTask".
   2:4>Done building target "_GetRestoreTargetFrameworksOutput" in project "MdToPdf.Core.csproj".
       Target "_GetRestoreSettings" skipped. Previously built successfully.
   2:4>Target "_GenerateRestoreProjectSpec" in file "C:\Program Files\dotnet\sdk\8.0.423\NuGet.targets" from project "C:\Users\Tony\.gemini\antigravity\scratch\marksmith\MdToPdf.Core\MdToPdf.Core.csproj" (target "_GenerateProjectRestoreGraph" depends on it):
       Task "ConvertToAbsolutePath"
       Done executing task "ConvertToAbsolutePath".
   2:4>Done building target "_GenerateRestoreProjectSpec" in project "MdToPdf.Core.csproj".
       Target "_GenerateProjectRestoreGraphAllFrameworks" skipped, due to false condition; ( '$(TargetFrameworks)' != '' ) was evaluated as ( '' != '' ).
       Target "_GetRestoreProjectStyle" skipped. Previously built successfully.
       Target "CollectPackageReferences" skipped. Previously built successfully.
   2:4>Target "CollectPackageDownloads" in file "C:\Program Files\dotnet\sdk\8.0.423\NuGet.targets" from project "C:\Users\Tony\.gemini\antigravity\scratch\marksmith\MdToPdf.Core\MdToPdf.Core.csproj" (target "_CollectRestoreInputs" depends on it):
       Task "CheckForDuplicateNuGetItemsTask"
       Done executing task "CheckForDuplicateNuGetItemsTask".
   2:4>Done building target "CollectPackageDownloads" in project "MdToPdf.Core.csproj".
   2:4>Target "CollectFrameworkReferences" in file "C:\Program Files\dotnet\sdk\8.0.423\NuGet.targets" from project "C:\Users\Tony\.gemini\antigravity\scratch\marksmith\MdToPdf.Core\MdToPdf.Core.csproj" (target "_CollectRestoreInputs" depends on it):
   2:4>Done building target "CollectFrameworkReferences" in project "MdToPdf.Core.csproj".
   2:4>Target "CollectCentralPackageVersions" in file "C:\Program Files\dotnet\sdk\8.0.423\NuGet.targets" from project "C:\Users\Tony\.gemini\antigravity\scratch\marksmith\MdToPdf.Core\MdToPdf.Core.csproj" (target "_CollectRestoreInputs" depends on it):
       Task "CheckForDuplicateNuGetItemsTask"
       Done executing task "CheckForDuplicateNuGetItemsTask".
   2:4>Done building target "CollectCentralPackageVersions" in project "MdToPdf.Core.csproj".
   2:4>Target "CollectNuGetAuditSuppressions" in file "C:\Program Files\dotnet\sdk\8.0.423\NuGet.targets" from project "C:\Users\Tony\.gemini\antigravity\scratch\marksmith\MdToPdf.Core\MdToPdf.Core.csproj" (target "_CollectRestoreInputs" depends on it):
       Task "CheckForDuplicateNuGetItemsTask"
       Done executing task "CheckForDuplicateNuGetItemsTask".
   2:4>Done building target "CollectNuGetAuditSuppressions" in project "MdToPdf.Core.csproj".
   2:4>Target "_CollectRestoreInputs" in file "C:\Program Files\dotnet\sdk\8.0.423\NuGet.targets" from project "C:\Users\Tony\.gemini\antigravity\scratch\marksmith\MdToPdf.Core\MdToPdf.Core.csproj" (target "_GenerateProjectRestoreGraphPerFramework" depends on it):
   2:4>Done building target "_CollectRestoreInputs" in project "MdToPdf.Core.csproj".
       Target "PrepRestoreForStoreProjects" skipped, due to false condition; ('$(StorePackageName)' != '') was evaluated as ('' != '').
   2:4>Target "_GenerateProjectRestoreGraphPerFramework" in file "C:\Program Files\dotnet\sdk\8.0.423\NuGet.targets" from project "C:\Users\Tony\.gemini\antigravity\scratch\marksmith\MdToPdf.Core\MdToPdf.Core.csproj" (target "_GenerateProjectRestoreGraphCurrentProject" depends on it):
       Using "GetRestoreProjectReferencesTask" task from assembly "C:\Program Files\dotnet\sdk\8.0.423\NuGet.Build.Tasks.dll".
       Task "GetRestoreProjectReferencesTask"
       Done executing task "GetRestoreProjectReferencesTask".
       Using "GetRestorePackageReferencesTask" task from assembly "C:\Program Files\dotnet\sdk\8.0.423\NuGet.Build.Tasks.dll".
       Task "GetRestorePackageReferencesTask"
       Done executing task "GetRestorePackageReferencesTask".
       Task "GetCentralPackageVersionsTask" skipped, due to false condition; ( '$(PackageReferenceCompatibleProjectStyle)' == 'true' AND '$(_CentralPackageVersionsEnabled)' == 'true' ) was evaluated as ( 'True' == 'true' AND '' == 'true' ).
       Using "GetRestorePackageDownloadsTask" task from assembly "C:\Program Files\dotnet\sdk\8.0.423\NuGet.Build.Tasks.dll".
       Task "GetRestorePackageDownloadsTask"
       Done executing task "GetRestorePackageDownloadsTask".
       Using "GetRestoreFrameworkReferencesTask" task from assembly "C:\Program Files\dotnet\sdk\8.0.423\NuGet.Build.Tasks.dll".
       Task "GetRestoreFrameworkReferencesTask"
       Done executing task "GetRestoreFrameworkReferencesTask".
       Using "GetRestoreNuGetAuditSuppressionsTask" task from assembly "C:\Program Files\dotnet\sdk\8.0.423\NuGet.Build.Tasks.dll".
       Task "GetRestoreNuGetAuditSuppressionsTask"
       Done executing task "GetRestoreNuGetAuditSuppressionsTask".
   2:4>Done building target "_GenerateProjectRestoreGraphPerFramework" in project "MdToPdf.Core.csproj".
   2:4>Target "_GenerateProjectRestoreGraphCurrentProject" in file "C:\Program Files\dotnet\sdk\8.0.423\NuGet.targets" from project "C:\Users\Tony\.gemini\antigravity\scratch\marksmith\MdToPdf.Core\MdToPdf.Core.csproj" (target "_GenerateRestoreDependencies" depends on it):
   2:4>Done building target "_GenerateProjectRestoreGraphCurrentProject" in project "MdToPdf.Core.csproj".
   2:4>Target "_GenerateRestoreDependencies" in file "C:\Program Files\dotnet\sdk\8.0.423\NuGet.targets" from project "C:\Users\Tony\.gemini\antigravity\scratch\marksmith\MdToPdf.Core\MdToPdf.Core.csproj" (target "_GenerateProjectRestoreGraph" depends on it):
   2:4>Done building target "_GenerateRestoreDependencies" in project "MdToPdf.Core.csproj".
   2:4>Target "_GenerateProjectRestoreGraph" in file "C:\Program Files\dotnet\sdk\8.0.423\NuGet.targets" from project "C:\Users\Tony\.gemini\antigravity\scratch\marksmith\MdToPdf.Core\MdToPdf.Core.csproj" (entry point):
   2:4>Done building target "_GenerateProjectRestoreGraph" in project "MdToPdf.Core.csproj".
   2:4>Done Building Project "C:\Users\Tony\.gemini\antigravity\scratch\marksmith\MdToPdf.Core\MdToPdf.Core.csproj" (_GenerateProjectRestoreGraph target(s)).
     1>Project "C:\Users\Tony\.gemini\antigravity\scratch\marksmith\MdToPdf\MdToPdf.csproj" (1) is building "C:\Users\Tony\.gemini\antigravity\scratch\marksmith\MdToPdf\MdToPdf.csproj" (1:6) on node 1 (_GenerateProjectRestoreGraph target(s)).
   1:6>Target "_GetRestoreProjectStyle" skipped. Previously built successfully.
       Target "_GetRestoreProjectStyle" skipped. Previously built successfully.
       Target "_GetRestoreProjectStyle" skipped. Previously built successfully.
   1:6>Target "_GetRestoreTargetFrameworkOverride" in file "C:\Program Files\dotnet\sdk\8.0.423\NuGet.targets" from project "C:\Users\Tony\.gemini\antigravity\scratch\marksmith\MdToPdf\MdToPdf.csproj" (target "_GetRestoreTargetFrameworksOutput" depends on it):
       Task "GetGlobalPropertyValueTask" skipped, due to false condition; ( '$(TargetFrameworks)' != '' ) was evaluated as ( '' != '' ).
   1:6>Done building target "_GetRestoreTargetFrameworkOverride" in project "MdToPdf.csproj".
   1:6>Target "_GetRestoreTargetFrameworksOutput" in file "C:\Program Files\dotnet\sdk\8.0.423\NuGet.targets" from project "C:\Users\Tony\.gemini\antigravity\scratch\marksmith\MdToPdf\MdToPdf.csproj" (target "_GenerateRestoreProjectSpec" depends on it):
       Using "GetProjectTargetFrameworksTask" task from assembly "C:\Program Files\dotnet\sdk\8.0.423\NuGet.Build.Tasks.dll".
       Task "GetProjectTargetFrameworksTask"
       Done executing task "GetProjectTargetFrameworksTask".
   1:6>Done building target "_GetRestoreTargetFrameworksOutput" in project "MdToPdf.csproj".
       Target "_GetRestoreSettings" skipped. Previously built successfully.
   1:6>Target "_GenerateRestoreProjectSpec" in file "C:\Program Files\dotnet\sdk\8.0.423\NuGet.targets" from project "C:\Users\Tony\.gemini\antigravity\scratch\marksmith\MdToPdf\MdToPdf.csproj" (target "_GenerateProjectRestoreGraph" depends on it):
       Task "ConvertToAbsolutePath"
       Done executing task "ConvertToAbsolutePath".
   1:6>Done building target "_GenerateRestoreProjectSpec" in project "MdToPdf.csproj".
       Target "_GenerateProjectRestoreGraphAllFrameworks" skipped, due to false condition; ( '$(TargetFrameworks)' != '' ) was evaluated as ( '' != '' ).
       Target "_GetRestoreProjectStyle" skipped. Previously built successfully.
       Target "CollectPackageReferences" skipped. Previously built successfully.
   1:6>Target "CollectPackageDownloads" in file "C:\Program Files\dotnet\sdk\8.0.423\NuGet.targets" from project "C:\Users\Tony\.gemini\antigravity\scratch\marksmith\MdToPdf\MdToPdf.csproj" (target "_CollectRestoreInputs" depends on it):
       Task "CheckForDuplicateNuGetItemsTask"
       Done executing task "CheckForDuplicateNuGetItemsTask".
   1:6>Done building target "CollectPackageDownloads" in project "MdToPdf.csproj".
   1:6>Target "CollectFrameworkReferences" in file "C:\Program Files\dotnet\sdk\8.0.423\NuGet.targets" from project "C:\Users\Tony\.gemini\antigravity\scratch\marksmith\MdToPdf\MdToPdf.csproj" (target "_CollectRestoreInputs" depends on it):
   1:6>Done building target "CollectFrameworkReferences" in project "MdToPdf.csproj".
   1:6>Target "CollectCentralPackageVersions" in file "C:\Program Files\dotnet\sdk\8.0.423\NuGet.targets" from project "C:\Users\Tony\.gemini\antigravity\scratch\marksmith\MdToPdf\MdToPdf.csproj" (target "_CollectRestoreInputs" depends on it):
       Task "CheckForDuplicateNuGetItemsTask"
       Done executing task "CheckForDuplicateNuGetItemsTask".
   1:6>Done building target "CollectCentralPackageVersions" in project "MdToPdf.csproj".
   1:6>Target "CollectNuGetAuditSuppressions" in file "C:\Program Files\dotnet\sdk\8.0.423\NuGet.targets" from project "C:\Users\Tony\.gemini\antigravity\scratch\marksmith\MdToPdf\MdToPdf.csproj" (target "_CollectRestoreInputs" depends on it):
       Task "CheckForDuplicateNuGetItemsTask"
       Done executing task "CheckForDuplicateNuGetItemsTask".
   1:6>Done building target "CollectNuGetAuditSuppressions" in project "MdToPdf.csproj".
   1:6>Target "_CollectRestoreInputs" in file "C:\Program Files\dotnet\sdk\8.0.423\NuGet.targets" from project "C:\Users\Tony\.gemini\antigravity\scratch\marksmith\MdToPdf\MdToPdf.csproj" (target "_GenerateProjectRestoreGraphPerFramework" depends on it):
   1:6>Done building target "_CollectRestoreInputs" in project "MdToPdf.csproj".
       Target "PrepRestoreForStoreProjects" skipped, due to false condition; ('$(StorePackageName)' != '') was evaluated as ('' != '').
   1:6>Target "_GenerateProjectRestoreGraphPerFramework" in file "C:\Program Files\dotnet\sdk\8.0.423\NuGet.targets" from project "C:\Users\Tony\.gemini\antigravity\scratch\marksmith\MdToPdf\MdToPdf.csproj" (target "_GenerateProjectRestoreGraphCurrentProject" depends on it):
       Using "GetRestoreProjectReferencesTask" task from assembly "C:\Program Files\dotnet\sdk\8.0.423\NuGet.Build.Tasks.dll".
       Task "GetRestoreProjectReferencesTask"
       Done executing task "GetRestoreProjectReferencesTask".
       Using "GetRestorePackageReferencesTask" task from assembly "C:\Program Files\dotnet\sdk\8.0.423\NuGet.Build.Tasks.dll".
       Task "GetRestorePackageReferencesTask"
       Done executing task "GetRestorePackageReferencesTask".
       Task "GetCentralPackageVersionsTask" skipped, due to false condition; ( '$(PackageReferenceCompatibleProjectStyle)' == 'true' AND '$(_CentralPackageVersionsEnabled)' == 'true' ) was evaluated as ( 'True' == 'true' AND '' == 'true' ).
       Using "GetRestorePackageDownloadsTask" task from assembly "C:\Program Files\dotnet\sdk\8.0.423\NuGet.Build.Tasks.dll".
       Task "GetRestorePackageDownloadsTask"
       Done executing task "GetRestorePackageDownloadsTask".
       Using "GetRestoreFrameworkReferencesTask" task from assembly "C:\Program Files\dotnet\sdk\8.0.423\NuGet.Build.Tasks.dll".
       Task "GetRestoreFrameworkReferencesTask"
       Done executing task "GetRestoreFrameworkReferencesTask".
       Using "GetRestoreNuGetAuditSuppressionsTask" task from assembly "C:\Program Files\dotnet\sdk\8.0.423\NuGet.Build.Tasks.dll".
       Task "GetRestoreNuGetAuditSuppressionsTask"
       Done executing task "GetRestoreNuGetAuditSuppressionsTask".
   1:6>Done building target "_GenerateProjectRestoreGraphPerFramework" in project "MdToPdf.csproj".
   1:6>Target "_GenerateProjectRestoreGraphCurrentProject" in file "C:\Program Files\dotnet\sdk\8.0.423\NuGet.targets" from project "C:\Users\Tony\.gemini\antigravity\scratch\marksmith\MdToPdf\MdToPdf.csproj" (target "_GenerateRestoreDependencies" depends on it):
   1:6>Done building target "_GenerateProjectRestoreGraphCurrentProject" in project "MdToPdf.csproj".
   1:6>Target "_GenerateRestoreDependencies" in file "C:\Program Files\dotnet\sdk\8.0.423\NuGet.targets" from project "C:\Users\Tony\.gemini\antigravity\scratch\marksmith\MdToPdf\MdToPdf.csproj" (target "_GenerateProjectRestoreGraph" depends on it):
   1:6>Done building target "_GenerateRestoreDependencies" in project "MdToPdf.csproj".
   1:6>Target "_GenerateProjectRestoreGraph" in file "C:\Program Files\dotnet\sdk\8.0.423\NuGet.targets" from project "C:\Users\Tony\.gemini\antigravity\scratch\marksmith\MdToPdf\MdToPdf.csproj" (entry point):
   1:6>Done building target "_GenerateProjectRestoreGraph" in project "MdToPdf.csproj".
   1:6>Done Building Project "C:\Users\Tony\.gemini\antigravity\scratch\marksmith\MdToPdf\MdToPdf.csproj" (_GenerateProjectRestoreGraph target(s)).
     1>Done executing task "MSBuild".
     1>Done building target "_GenerateRestoreGraph" in project "MdToPdf.csproj".
       Target "_CheckForUnsupportedTargetFramework" skipped, due to false condition; ('$(_UnsupportedTargetFrameworkError)' == 'true') was evaluated as ('' == 'true').
     1>Target "_CollectTargetFrameworkForTelemetry" in file "C:\Program Files\dotnet\sdk\8.0.423\Sdks\Microsoft.NET.Sdk\targets\Microsoft.NET.TargetFrameworkInference.targets" from project "C:\Users\Tony\.gemini\antigravity\scratch\marksmith\MdToPdf\MdToPdf.csproj" (target "Restore" depends on it):
       Using "AllowEmptyTelemetry" task from assembly "C:\Program Files\dotnet\sdk\8.0.423\Sdks\Microsoft.NET.Sdk\targets\..\tools\net8.0\Microsoft.NET.Build.Tasks.dll".
       Task "AllowEmptyTelemetry"
       Done executing task "AllowEmptyTelemetry".
     1>Done building target "_CollectTargetFrameworkForTelemetry" in project "MdToPdf.csproj".
     1>Target "_CheckForUnsupportedNETCoreVersion" in file "C:\Program Files\dotnet\sdk\8.0.423\Sdks\Microsoft.NET.Sdk\targets\Microsoft.NET.TargetFrameworkInference.targets" from project "C:\Users\Tony\.gemini\antigravity\scratch\marksmith\MdToPdf\MdToPdf.csproj" (target "Restore" depends on it):
       Task "NETSdkError" skipped, due to false condition; ('$(_TargetFrameworkVersionWithoutV)' > '$(NETCoreAppMaximumVersion)' and '$(DisplayVSMessage)' != 'true') was evaluated as ('8.0' > '8.0' and '' != 'true').
       Task "NETSdkError" skipped, due to false condition; ('$(DisplayVSMessage)' == 'true') was evaluated as ('' == 'true').
     1>Done building target "_CheckForUnsupportedNETCoreVersion" in project "MdToPdf.csproj".
       Target "_CheckForEolTargetFrameworks" skipped, due to false condition; ('@(_EolNetCoreTargetFrameworkVersions->AnyHaveMetadataValue('Identity', '$(_TargetFrameworkVersionWithoutV)'))' and '$(TargetFrameworkIdentifier)' == '.NETCoreApp' and '$(CheckEolTargetFramework)' == 'true') was evaluated as ('false' and '.NETCoreApp' == '.NETCoreApp' and 'true' == 'true').
       Target "_CheckForEolWorkloads" skipped, due to false condition; ('@(EolWorkload)' != '' and '$(CheckEolWorkloads)' == 'true') was evaluated as ('' != '' and 'true' == 'true').
     1>Target "_CheckForUnsupportedCppNETCoreVersion" in file "C:\Program Files\dotnet\sdk\8.0.423\Sdks\Microsoft.NET.Sdk\targets\Microsoft.NET.TargetFrameworkInference.targets" from project "C:\Users\Tony\.gemini\antigravity\scratch\marksmith\MdToPdf\MdToPdf.csproj" (target "Restore" depends on it):
       Task "NETSdkError" skipped, due to false condition; ('$(TargetFrameworkIdentifier)' == '.NETCoreApp' and '$(_TargetFrameworkVersionWithoutV)' < '3.1' and ('$(Language)' == 'C++' and '$(_EnablePackageReferencesInVCProjects)' != 'true')) was evaluated as ('.NETCoreApp' == '.NETCoreApp' and '8.0' < '3.1' and ('C#' == 'C++' and '' != 'true')).
     1>Done building target "_CheckForUnsupportedCppNETCoreVersion" in project "MdToPdf.csproj".
       Target "_CheckForUnsupportedNETStandardVersion" skipped, due to false condition; ('$(TargetFrameworkIdentifier)' == '.NETStandard' And '$(NETStandardMaximumVersion)' != '') was evaluated as ('.NETCoreApp' == '.NETStandard' And '' != '').
       Target "_CheckForUnsupportedTargetFrameworkAndFeatureCombination" skipped, due to false condition; ('$(TargetFrameworkIdentifier)' == '.NETFramework') was evaluated as ('.NETCoreApp' == '.NETFramework').
     1>Target "Restore" in file "C:\Program Files\dotnet\sdk\8.0.423\NuGet.targets" from project "C:\Users\Tony\.gemini\antigravity\scratch\marksmith\MdToPdf\MdToPdf.csproj" (entry point):
       Task "RemoveDuplicates"
       Done executing task "RemoveDuplicates".
       Using "RestoreTask" task from assembly "C:\Program Files\dotnet\sdk\8.0.423\NuGet.Build.Tasks.dll".
       Task "RestoreTask"
         Assembly loaded during TaskRun (NuGet.Build.Tasks.RestoreTask): NuGet.Packaging, Version=6.11.2.1, Culture=neutral, PublicKeyToken=31bf3856ad364e35 (location: C:\Program Files\dotnet\sdk\8.0.423\NuGet.Packaging.dll, MVID: c1c2e436-5cb7-4b71-9a19-279d9f55a209, AssemblyLoadContext: MSBuild plugin C:\Program Files\dotnet\sdk\8.0.423\NuGet.Build.Tasks.dll)
         Assembly loaded during TaskRun (NuGet.Build.Tasks.RestoreTask): NuGet.LibraryModel, Version=6.11.2.1, Culture=neutral, PublicKeyToken=31bf3856ad364e35 (location: C:\Program Files\dotnet\sdk\8.0.423\NuGet.LibraryModel.dll, MVID: b61750c2-23dd-40f0-a7db-489b6da04dbd, AssemblyLoadContext: MSBuild plugin C:\Program Files\dotnet\sdk\8.0.423\NuGet.Build.Tasks.dll)
         Assembly loaded during TaskRun (NuGet.Build.Tasks.RestoreTask): NuGet.Versioning, Version=6.11.2.1, Culture=neutral, PublicKeyToken=31bf3856ad364e35 (location: C:\Program Files\dotnet\sdk\8.0.423\NuGet.Versioning.dll, MVID: a3e0c61b-90af-4847-b8b3-eec0a9682cea, AssemblyLoadContext: MSBuild plugin C:\Program Files\dotnet\sdk\8.0.423\NuGet.Build.Tasks.dll)
         Assembly loaded during TaskRun (NuGet.Build.Tasks.RestoreTask): NuGet.Frameworks, Version=6.11.2.1, Culture=neutral, PublicKeyToken=31bf3856ad364e35 (location: C:\Program Files\dotnet\sdk\8.0.423\NuGet.Frameworks.dll, MVID: 69f2c13d-a9f1-4a43-bb62-e18b47d48034, AssemblyLoadContext: MSBuild plugin C:\Program Files\dotnet\sdk\8.0.423\NuGet.Build.Tasks.dll)
         Assembly loaded during TaskRun (NuGet.Build.Tasks.RestoreTask): NuGet.Protocol, Version=6.11.2.1, Culture=neutral, PublicKeyToken=31bf3856ad364e35 (location: C:\Program Files\dotnet\sdk\8.0.423\NuGet.Protocol.dll, MVID: 7ab2a1a1-97bf-4bb9-8ac6-3e842f70ba74, AssemblyLoadContext: MSBuild plugin C:\Program Files\dotnet\sdk\8.0.423\NuGet.Build.Tasks.dll)
         Assembly loaded during TaskRun (NuGet.Build.Tasks.RestoreTask): NuGet.Credentials, Version=6.11.2.1, Culture=neutral, PublicKeyToken=31bf3856ad364e35 (location: C:\Program Files\dotnet\sdk\8.0.423\NuGet.Credentials.dll, MVID: 22865729-b8d2-401b-a922-f72c7c9eaf02, AssemblyLoadContext: MSBuild plugin C:\Program Files\dotnet\sdk\8.0.423\NuGet.Build.Tasks.dll)
         X.509 certificate chain validation will use the default trust store selected by .NET for code signing.
         X.509 certificate chain validation will use the default trust store selected by .NET for timestamping.
         Assembly loaded during TaskRun (NuGet.Build.Tasks.RestoreTask): NuGet.DependencyResolver.Core, Version=6.11.2.1, Culture=neutral, PublicKeyToken=31bf3856ad364e35 (location: C:\Program Files\dotnet\sdk\8.0.423\NuGet.DependencyResolver.Core.dll, MVID: 8e97e7f0-b382-4610-bfd4-56ee4fd899c9, AssemblyLoadContext: MSBuild plugin C:\Program Files\dotnet\sdk\8.0.423\NuGet.Build.Tasks.dll)
         Running restore with 8 concurrent jobs.
         Reading project file C:\Users\Tony\.gemini\antigravity\scratch\marksmith\MdToPdf\MdToPdf.csproj.
         Reading project file C:\Users\Tony\.gemini\antigravity\scratch\marksmith\MdToPdf.Core\MdToPdf.Core.csproj.
         Assembly loaded during TaskRun (NuGet.Build.Tasks.RestoreTask): Newtonsoft.Json, Version=13.0.0.0, Culture=neutral, PublicKeyToken=30ad4fe6b2a6aeed (location: C:\Program Files\dotnet\sdk\8.0.423\Newtonsoft.Json.dll, MVID: 7e62198b-eab2-4380-bbac-29171862d1d8, AssemblyLoadContext: MSBuild plugin C:\Program Files\dotnet\sdk\8.0.423\NuGet.Build.Tasks.dll)
         Assembly loaded during TaskRun (NuGet.Build.Tasks.RestoreTask): System.Runtime.Serialization.Primitives, Version=8.0.0.0, Culture=neutral, PublicKeyToken=b03f5f7f11d50a3a (location: C:\Program Files\dotnet\shared\Microsoft.NETCore.App\8.0.29\System.Runtime.Serialization.Primitives.dll, MVID: 73e5e280-e2ec-451e-9acb-4e56e6c0209e, AssemblyLoadContext: Default)
         Assembly loaded during TaskRun (NuGet.Build.Tasks.RestoreTask): System.Runtime.Numerics, Version=8.0.0.0, Culture=neutral, PublicKeyToken=b03f5f7f11d50a3a (location: C:\Program Files\dotnet\shared\Microsoft.NETCore.App\8.0.29\System.Runtime.Numerics.dll, MVID: 79cd5f45-ccfe-4e60-91c0-8cc1c0ec0032, AssemblyLoadContext: Default)
         The restore inputs for 'Marksmith' have not changed. No further actions are required to complete the restore.
         The restore inputs for 'MdToPdf.Core' have not changed. No further actions are required to complete the restore.
         Committing restore...
         Committing restore...
         Assets file has not changed. Skipping assets file writing. Path: C:\Users\Tony\.gemini\antigravity\scratch\marksmith\MdToPdf.Core\obj\project.assets.json
         No-Op restore. The cache will not be updated. Path: C:\Users\Tony\.gemini\antigravity\scratch\marksmith\MdToPdf.Core\obj\project.nuget.cache
         Assets file has not changed. Skipping assets file writing. Path: C:\Users\Tony\.gemini\antigravity\scratch\marksmith\MdToPdf\obj\project.assets.json
         No-Op restore. The cache will not be updated. Path: C:\Users\Tony\.gemini\antigravity\scratch\marksmith\MdToPdf\obj\project.nuget.cache
         Restored C:\Users\Tony\.gemini\antigravity\scratch\marksmith\MdToPdf\MdToPdf.csproj (in 47 ms).
         Restored C:\Users\Tony\.gemini\antigravity\scratch\marksmith\MdToPdf.Core\MdToPdf.Core.csproj (in 47 ms).
         
         NuGet Config files used:
             C:\Users\Tony\AppData\Roaming\NuGet\NuGet.Config
         
         Feeds used:
             https://api.nuget.org/v3/index.json
         All projects are up-to-date for restore.
       Done executing task "RestoreTask".
     1>Done building target "Restore" in project "MdToPdf.csproj".
     1>Done Building Project "C:\Users\Tony\.gemini\antigravity\scratch\marksmith\MdToPdf\MdToPdf.csproj" (Restore target(s)).
     0>The SDK "Microsoft.NET.Sdk" was successfully resolved by the "DefaultSdkResolver" resolver to location "C:\Program Files\dotnet\sdk\8.0.423\Sdks\Microsoft.NET.Sdk\Sdk" and version "".
       Property 'MSBuildExtensionsPath' with value 'C:\Program Files\dotnet\sdk\8.0.423\' expanded from the environment.
       Property reassignment: $(MSBuildProjectExtensionsPath)="C:\Users\Tony\.gemini\antigravity\scratch\marksmith\MdToPdf\obj\" (previous value: "obj\") at C:\Program Files\dotnet\sdk\8.0.423\Current\Microsoft.Common.props (60,5)
       Property 'USERPROFILE' with value 'C:\Users\Tony' expanded from the environment.
       Property 'PROCESSOR_ARCHITECTURE' with value 'AMD64' expanded from the environment.
       Property reassignment: $(CustomBeforeMicrosoftCommonTargets)="C:\Users\Tony\.nuget\packages\microsoft.windowsappsdk\1.6.250108002\buildTransitive\Microsoft.UI.Xaml.Markup.Compiler.BeforeCommon.targets" (previous value: "C:\Users\Tony\.nuget\packages\microsoft.windowsappsdk\1.6.250108002\buildTransitive\Microsoft.Build.Msix.props") at C:\Users\Tony\.nuget\packages\microsoft.windowsappsdk\1.6.250108002\buildTransitive\Microsoft.UI.Xaml.Markup.Compiler.props (15,5)
       Property 'MSBuildUserExtensionsPath' with value 'C:\Users\Tony\AppData\Local\Microsoft\MSBuild' expanded from the environment.
       Property reassignment: $(AssemblySearchPaths)="{CandidateAssemblyFiles};{HintPathFromItem}" (previous value: "{CandidateAssemblyFiles}") at C:\Program Files\dotnet\sdk\8.0.423\Sdks\Microsoft.NET.Sdk\targets\Microsoft.NET.Sdk.props (91,5)
       Property reassignment: $(AssemblySearchPaths)="{CandidateAssemblyFiles};{HintPathFromItem};{TargetFrameworkDirectory}" (previous value: "{CandidateAssemblyFiles};{HintPathFromItem}") at C:\Program Files\dotnet\sdk\8.0.423\Sdks\Microsoft.NET.Sdk\targets\Microsoft.NET.Sdk.props (92,5)
       Property reassignment: $(AssemblySearchPaths)="{CandidateAssemblyFiles};{HintPathFromItem};{TargetFrameworkDirectory};{RawFileName}" (previous value: "{CandidateAssemblyFiles};{HintPathFromItem};{TargetFrameworkDirectory}") at C:\Program Files\dotnet\sdk\8.0.423\Sdks\Microsoft.NET.Sdk\targets\Microsoft.NET.Sdk.props (93,5)
       The "DefaultSdkResolver" resolver attempted to resolve the SDK "Microsoft.NET.SDK.WorkloadAutoImportPropsLocator".
       Warnings: null
       Errors: MSB4276: The default SDK resolver failed to resolve SDK "Microsoft.NET.SDK.WorkloadAutoImportPropsLocator" because directory "C:\Program Files\dotnet\sdk\8.0.423\Sdks\Microsoft.NET.SDK.WorkloadAutoImportPropsLocator\Sdk" did not exist.
       The SDK "Microsoft.NET.SDK.WorkloadAutoImportPropsLocator" was successfully resolved by the "Microsoft.DotNet.MSBuildWorkloadSdkResolver" resolver to location "null" and version "null".
       Property reassignment: $(TargetsForTfmSpecificContentInPackage)=";PackTool;_PackProjectToolValidation" (previous value: ";PackTool") at C:\Program Files\dotnet\sdk\8.0.423\Sdks\Microsoft.NET.Sdk\targets\Microsoft.NET.PackProjectTool.props (15,5)
       Property reassignment: $(OutputType)="WinExe" (previous value: "Library") at C:\Users\Tony\.gemini\antigravity\scratch\marksmith\MdToPdf\MdToPdf.csproj (4,5)
       Property reassignment: $(AssemblyName)="Marksmith" (previous value: "MdToPdf") at C:\Users\Tony\.gemini\antigravity\scratch\marksmith\MdToPdf\MdToPdf.csproj (9,5)
       Property reassignment: $(Platforms)="x86;x64;arm64" (previous value: "AnyCPU") at C:\Users\Tony\.gemini\antigravity\scratch\marksmith\MdToPdf\MdToPdf.csproj (15,5)
       Property reassignment: $(Platform)="x64" (previous value: "AnyCPU") at C:\Users\Tony\.gemini\antigravity\scratch\marksmith\MdToPdf\MdToPdf.csproj (19,5)
       Property reassignment: $(DefineConstants)="TRACE;DISABLE_XAML_GENERATED_MAIN" (previous value: "TRACE") at C:\Users\Tony\.gemini\antigravity\scratch\marksmith\MdToPdf\MdToPdf.csproj (26,5)
       Property reassignment: $(PublishProfileImported)="false" (previous value: "true") at C:\Program Files\dotnet\sdk\8.0.423\Sdks\Microsoft.NET.Sdk\targets\Microsoft.NET.Sdk.ImportPublishProfile.targets (28,5)
       Property reassignment: $(TargetPlatformIdentifier)="Windows" (previous value: "windows") at C:\Program Files\dotnet\sdk\8.0.423\Sdks\Microsoft.NET.Sdk\targets\Microsoft.NET.TargetFrameworkInference.targets (71,5)
       Property reassignment: $(DefaultItemExcludes)=";bin\x64\Debug\/**;obj\x64\Debug\/**" (previous value: ";bin\x64\Debug\/**") at C:\Program Files\dotnet\sdk\8.0.423\Sdks\Microsoft.NET.Sdk\targets\Microsoft.NET.DefaultOutputPaths.targets (122,5)
       Property reassignment: $(OutputPath)="bin\x64\Debug\net8.0-windows10.0.19041.0\" (previous value: "bin\x64\Debug\") at C:\Program Files\dotnet\sdk\8.0.423\Sdks\Microsoft.NET.Sdk\targets\Microsoft.NET.DefaultOutputPaths.targets (137,5)
       Property reassignment: $(IntermediateOutputPath)="obj\x64\Debug\net8.0-windows10.0.19041.0\" (previous value: "obj\x64\Debug\") at C:\Program Files\dotnet\sdk\8.0.423\Sdks\Microsoft.NET.Sdk\targets\Microsoft.NET.DefaultOutputPaths.targets (142,5)
       The "DefaultSdkResolver" resolver attempted to resolve the SDK "Microsoft.NET.SDK.WorkloadManifestTargetsLocator".
       Warnings: null
       Errors: MSB4276: The default SDK resolver failed to resolve SDK "Microsoft.NET.SDK.WorkloadManifestTargetsLocator" because directory "C:\Program Files\dotnet\sdk\8.0.423\Sdks\Microsoft.NET.SDK.WorkloadManifestTargetsLocator\Sdk" did not exist.
       The SDK "Microsoft.NET.SDK.WorkloadManifestTargetsLocator" was successfully resolved by the "Microsoft.DotNet.MSBuildWorkloadSdkResolver" resolver to location "C:\Program Files\dotnet\sdk-manifests\8.0.100\microsoft.net.sdk.android\34.0.43" and version "null".
       Property reassignment: $(IntermediateOutputPath)="obj\x64\Debug\net8.0-windows10.0.19041.0\win-x64\" (previous value: "obj\x64\Debug\net8.0-windows10.0.19041.0\") at C:\Program Files\dotnet\sdk\8.0.423\Sdks\Microsoft.NET.Sdk\targets\Microsoft.NET.RuntimeIdentifierInference.targets (329,5)
       Property reassignment: $(OutputPath)="bin\x64\Debug\net8.0-windows10.0.19041.0\win-x64\" (previous value: "bin\x64\Debug\net8.0-windows10.0.19041.0\") at C:\Program Files\dotnet\sdk\8.0.423\Sdks\Microsoft.NET.Sdk\targets\Microsoft.NET.RuntimeIdentifierInference.targets (330,5)
       Property reassignment: $(_FrameworkIdentifierForImplicitDefine)="NET" (previous value: "NETCOREAPP") at C:\Program Files\dotnet\sdk\8.0.423\Sdks\Microsoft.NET.Sdk\targets\Microsoft.NET.Sdk.BeforeCommon.targets (187,5)
       Property reassignment: $(_FrameworkVersionForImplicitDefine)="8_0" (previous value: "8.0") at C:\Program Files\dotnet\sdk\8.0.423\Sdks\Microsoft.NET.Sdk\targets\Microsoft.NET.Sdk.BeforeCommon.targets (192,5)
       Property reassignment: $(CommandLineArgsForDesignTimeEvaluation)="-langversion:latest -define:TRACE;DISABLE_XAML_GENERATED_MAIN" (previous value: "-langversion:latest") at C:\Program Files\dotnet\sdk\8.0.423\Roslyn\Microsoft.CSharp.Core.targets (200,5)
       Property reassignment: $(MsAppxPackageTargets)="Dont-Use-MsAppxPackageTargets" (previous value: "WinUI3-NET5-Projects-Dont-Use-MsAppxPackageTargets") at C:\Users\Tony\.nuget\packages\microsoft.windowsappsdk\1.6.250108002\buildTransitive\Microsoft.Build.Msix.Common.props (4,5)
       Property reassignment: $(_DebugSymbolsProduced)="true" (previous value: "false") at C:\Program Files\dotnet\sdk\8.0.423\Microsoft.Common.CurrentVersion.targets (175,5)
       Property reassignment: $(_DocumentationFileProduced)="false" (previous value: "true") at C:\Program Files\dotnet\sdk\8.0.423\Microsoft.Common.CurrentVersion.targets (185,5)
       Property reassignment: $(MSBuildCopyMarkerName)="MdToPdf.csproj.Up2Date" (previous value: "MdToPdf.csproj") at C:\Program Files\dotnet\sdk\8.0.423\Microsoft.Common.CurrentVersion.targets (393,5)
       Property reassignment: $(ProcessorArchitecture)="amd64" (previous value: "x64") at C:\Program Files\dotnet\sdk\8.0.423\Microsoft.Common.CurrentVersion.targets (528,5)
       Property reassignment: $(DelaySign)="" (previous value: "false") at C:\Program Files\dotnet\sdk\8.0.423\Microsoft.Common.CurrentVersion.targets (580,5)
       Property reassignment: $(PrepareForBuildDependsOn)=";WindowsAppSDKVerifyKitVersion;GetFrameworkPaths;GetReferenceAssemblyPaths;AssignLinkMetadata" (previous value: ";WindowsAppSDKVerifyKitVersion") at C:\Program Files\dotnet\sdk\8.0.423\Microsoft.Common.CurrentVersion.targets (1188,5)
       Property 'LOCALAPPDATA' with value 'C:\Users\Tony\AppData\Local' expanded from the environment.
       Property reassignment: $(_SGenGenerateSerializationAssembliesConfig)="Auto" (previous value: "") at C:\Program Files\dotnet\sdk\8.0.423\Microsoft.Common.CurrentVersion.targets (3896,5)
       Property reassignment: $(_SGenGenerateSerializationAssembliesConfig)="Off" (previous value: "Auto") at C:\Program Files\dotnet\sdk\8.0.423\Microsoft.Common.CurrentVersion.targets (3897,5)
       Property reassignment: $(_TargetsThatPrepareProjectReferences)="
             AssignProjectConfiguration;
             _SplitProjectReferencesByFileExistence
           " (previous value: "_SplitProjectReferencesByFileExistence") at C:\Program Files\dotnet\sdk\8.0.423\Microsoft.Common.CurrentVersion.targets (5099,5)
       Property 'MSBuildExtensionsPath32' with value 'C:\Program Files\dotnet\sdk\8.0.423' expanded from the environment.
       Property reassignment: $(MSBuildWarningsAsMessages)="
              1701;1702;
       
              
              APPX1707;
           " (previous value: "1701;1702") at C:\Users\Tony\.nuget\packages\microsoft.windowsappsdk\1.6.250108002\buildTransitive\Microsoft.WinUI.AppX.targets (7,5)
       Property reassignment: $(MSBuildWarningsAsMessages)="
             
              1701;1702;
       
              
              APPX1707;
           ;
             MSB3842;
             MSB3843;
           " (previous value: "
              1701;1702;
       
              
              APPX1707;
           ") at C:\Users\Tony\.nuget\packages\microsoft.windowsappsdk\1.6.250108002\buildTransitive\Microsoft.WinUI.AppX.targets (29,5)
       Property reassignment: $(PrepareResourcesDependsOn)="
                   ResolveKeySource;
                   AddImplicitDefineConstants;
                   MarkupCompilePass1;
                   XamlPreCompile;
                   MarkupCompilePass2;
                   
             ;
             PrepareResourceNames;
             ResGen;
             CompileLicxFiles
           
               " (previous value: "
             ;
             PrepareResourceNames;
             ResGen;
             CompileLicxFiles
           ") at C:\Users\Tony\.nuget\packages\microsoft.windowsappsdk\1.6.250108002\buildTransitive\Microsoft.UI.Xaml.Markup.Compiler.interop.targets (148,9)
       Property reassignment: $(ResolveReferencesDependsOn)="
                   
             BeforeResolveReferences;
             AssignProjectConfiguration;
             ResolveProjectReferences;
             FindInvalidProjectReferences;
             ResolveNativeReferences;
             ResolveAssemblyReferences;
             GenerateBindingRedirects;
             GenerateBindingRedirectsUpdateAppConfig;
             ResolveComReferences;
             AfterResolveReferences
           ;
                   ImplicitlyExpandTargetFramework;
                   ImplicitlyExpandTargetPlatform
               " (previous value: "
             BeforeResolveReferences;
             AssignProjectConfiguration;
             ResolveProjectReferences;
             FindInvalidProjectReferences;
             ResolveNativeReferences;
             ResolveAssemblyReferences;
             GenerateBindingRedirects;
             GenerateBindingRedirectsUpdateAppConfig;
             ResolveComReferences;
             AfterResolveReferences
           ") at C:\Users\Tony\.nuget\packages\microsoft.windowsappsdk\1.6.250108002\buildTransitive\Microsoft.UI.Xaml.Markup.Compiler.interop.targets (1027,9)
       Property reassignment: $(AppxHashAlgorithmId)="sha256" (previous value: "") at C:\Users\Tony\.nuget\packages\microsoft.windowsappsdk\1.6.250108002\buildTransitive\Microsoft.Build.Msix.Packaging.targets (86,5)
       Property reassignment: $(PrepareForBuildDependsOn)="
             ;WindowsAppSDKVerifyKitVersion;GetFrameworkPaths;GetReferenceAssemblyPaths;AssignLinkMetadata;
             _ValidateWindowsPackageType;
           " (previous value: ";WindowsAppSDKVerifyKitVersion;GetFrameworkPaths;GetReferenceAssemblyPaths;AssignLinkMetadata") at C:\Users\Tony\.nuget\packages\microsoft.windowsappsdk\1.6.250108002\buildTransitive\Microsoft.Build.Msix.Packaging.targets (162,5)
       Property reassignment: $(PrepareForRunDependsOn)="
             PrepareMsixPackage;
             
             CopyFilesToOutputDirectory
           ;
           " (previous value: "
             CopyFilesToOutputDirectory
           ") at C:\Users\Tony\.nuget\packages\microsoft.windowsappsdk\1.6.250108002\buildTransitive\Microsoft.Build.Msix.Packaging.targets (271,5)
       Property reassignment: $(_GenerateAppxPackageDependsOn)="
             Build;
             
             
             ;
             PrepareMsixPackage;
             _EnsurePdbCmfExeFullPath;
             _ComputeAppxPackageOutput;
             _GenerateAppxPackageFile;
             _GenerateAppxSymbolPackage;
             _CreateTestLayout;
       
             
             GenerateAppInstallerForPackage;
       
             _AddWindowsInstallScriptToTestLayout;
           
           ;
           " (previous value: "
             
             ;
             PrepareMsixPackage;
             _EnsurePdbCmfExeFullPath;
             _ComputeAppxPackageOutput;
             _GenerateAppxPackageFile;
             _GenerateAppxSymbolPackage;
             _CreateTestLayout;
       
             
             GenerateAppInstallerForPackage;
       
             _AddWindowsInstallScriptToTestLayout;
           
           ") at C:\Users\Tony\.nuget\packages\microsoft.windowsappsdk\1.6.250108002\buildTransitive\Microsoft.Build.Msix.Packaging.targets (301,5)
       Property reassignment: $(GenerateProjectPriFileDependsOn)="
             
             ;
             CopyFilesToOutputDirectory;
             BeforeGenerateProjectPriFile;
           ;
             GetPriOutputs;
             _GetPriFilesFromPayload;
             _ComputeInputPriFiles;
             _GenerateProjectPriConfigurationFiles;
             _GenerateProjectPriFileCore;
             _AddFileReadsAndFileWritesForProjectPri;
             _CalculateUseResourceIndexerApi;
             _ExpandProjectPriFile;
             AfterGenerateProjectPriFile
           " (previous value: "
             ;
             CopyFilesToOutputDirectory;
             BeforeGenerateProjectPriFile;
           ") at C:\Users\Tony\.nuget\packages\microsoft.windowsappsdk\1.6.250108002\buildTransitive\Microsoft.Build.Msix.Pri.targets (61,5)
       Property reassignment: $(PrepareMsixPackageDependsOn)="
             GenerateProjectPriFile;
             
             ;
             _ValidatePresenceOfAppxManifestItems;
             GetPackagingOutputs;
             _GetPackageProperties;
             _ComputeAppxPackagePayload;
             _GenerateAppxManifest;
             _GenerateAppxPackageRecipe;
           ;
           " (previous value: "
             ;
             _ValidatePresenceOfAppxManifestItems;
             GetPackagingOutputs;
             _GetPackageProperties;
             _ComputeAppxPackagePayload;
             _GenerateAppxManifest;
             _GenerateAppxPackageRecipe;
           ") at C:\Users\Tony\.nuget\packages\microsoft.windowsappsdk\1.6.250108002\buildTransitive\Microsoft.Build.Msix.Pri.targets (76,5)
       Property reassignment: $(PrepareForRunDependsOn)="
             GenerateProjectPriFile;
             
             PrepareMsixPackage;
             
             CopyFilesToOutputDirectory
           ;
           ;
           " (previous value: "
             PrepareMsixPackage;
             
             CopyFilesToOutputDirectory
           ;
           ") at C:\Users\Tony\.nuget\packages\microsoft.windowsappsdk\1.6.250108002\buildTransitive\Microsoft.Build.Msix.Pri.targets (126,5)
       Property reassignment: $(GetCopyToOutputDirectoryItemsDependsOn)="
             GetPriOutputs;
             
             AssignTargetPaths;
             
             AssignProjectConfiguration;
             _SplitProjectReferencesByFileExistence
           ;
             _GetProjectReferenceTargetFrameworkProperties;
             _PopulateCommonStateForGetCopyToOutputDirectoryItems
           ;
           " (previous value: "
             AssignTargetPaths;
             
             AssignProjectConfiguration;
             _SplitProjectReferencesByFileExistence
           ;
             _GetProjectReferenceTargetFrameworkProperties;
             _PopulateCommonStateForGetCopyToOutputDirectoryItems
           ") at C:\Users\Tony\.nuget\packages\microsoft.windowsappsdk\1.6.250108002\buildTransitive\Microsoft.Build.Msix.Pri.targets (413,5)
       Property reassignment: $(GetCopyToOutputDirectoryItemsDependsOn)="
             AddProcessedXamlFilesToCopyLocal;
             
             GetPriOutputs;
             
             AssignTargetPaths;
             
             AssignProjectConfiguration;
             _SplitProjectReferencesByFileExistence
           ;
             _GetProjectReferenceTargetFrameworkProperties;
             _PopulateCommonStateForGetCopyToOutputDirectoryItems
           ;
           ;
           " (previous value: "
             GetPriOutputs;
             
             AssignTargetPaths;
             
             AssignProjectConfiguration;
             _SplitProjectReferencesByFileExistence
           ;
             _GetProjectReferenceTargetFrameworkProperties;
             _PopulateCommonStateForGetCopyToOutputDirectoryItems
           ;
           ") at C:\Users\Tony\.nuget\packages\microsoft.windowsappsdk\1.6.250108002\buildTransitive\Microsoft.Build.Msix.Pri.targets (422,5)
       Property reassignment: $(GetCopyToOutputDirectoryItemsDependsOn)="
                   
             AddProcessedXamlFilesToCopyLocal;
             
             GetPriOutputs;
             
             AssignTargetPaths;
             
             AssignProjectConfiguration;
             _SplitProjectReferencesByFileExistence
           ;
             _GetProjectReferenceTargetFrameworkProperties;
             _PopulateCommonStateForGetCopyToOutputDirectoryItems
           ;
           ;
           ;
                   AddMicrosoftWindowsAppSDKPayloadFiles
               " (previous value: "
             AddProcessedXamlFilesToCopyLocal;
             
             GetPriOutputs;
             
             AssignTargetPaths;
             
             AssignProjectConfiguration;
             _SplitProjectReferencesByFileExistence
           ;
             _GetProjectReferenceTargetFrameworkProperties;
             _PopulateCommonStateForGetCopyToOutputDirectoryItems
           ;
           ;
           ") at C:\Users\Tony\.nuget\packages\microsoft.windowsappsdk\1.6.250108002\buildTransitive\Microsoft.WindowsAppSDK.SelfContained.targets (22,9)
       Property reassignment: $(DefineConstants)="TRACE;DISABLE_XAML_GENERATED_MAIN;MICROSOFT_WINDOWSAPPSDK_SELFCONTAINED" (previous value: "TRACE;DISABLE_XAML_GENERATED_MAIN") at C:\Users\Tony\.nuget\packages\microsoft.windowsappsdk\1.6.250108002\buildTransitive\Microsoft.WindowsAppSDK.SelfContained.targets (293,9)
       Property reassignment: $(ResolveReferencesDependsOn)="
                   
                   
             BeforeResolveReferences;
             AssignProjectConfiguration;
             ResolveProjectReferences;
             FindInvalidProjectReferences;
             ResolveNativeReferences;
             ResolveAssemblyReferences;
             GenerateBindingRedirects;
             GenerateBindingRedirectsUpdateAppConfig;
             ResolveComReferences;
             AfterResolveReferences
           ;
                   ImplicitlyExpandTargetFramework;
                   ImplicitlyExpandTargetPlatform
               ;WindowsAppSDKVerifyCsWinRtVersions
               " (previous value: "
                   
             BeforeResolveReferences;
             AssignProjectConfiguration;
             ResolveProjectReferences;
             FindInvalidProjectReferences;
             ResolveNativeReferences;
             ResolveAssemblyReferences;
             GenerateBindingRedirects;
             GenerateBindingRedirectsUpdateAppConfig;
             ResolveComReferences;
             AfterResolveReferences
           ;
                   ImplicitlyExpandTargetFramework;
                   ImplicitlyExpandTargetPlatform
               ") at C:\Users\Tony\.nuget\packages\microsoft.windowsappsdk\1.6.250108002\buildTransitive\Microsoft.WindowsAppSDK.targets (47,9)
       Property reassignment: $(ResolveReferencesDependsOn)="
             
                   
                   
             BeforeResolveReferences;
             AssignProjectConfiguration;
             ResolveProjectReferences;
             FindInvalidProjectReferences;
             ResolveNativeReferences;
             ResolveAssemblyReferences;
             GenerateBindingRedirects;
             GenerateBindingRedirectsUpdateAppConfig;
             ResolveComReferences;
             AfterResolveReferences
           ;
                   ImplicitlyExpandTargetFramework;
                   ImplicitlyExpandTargetPlatform
               ;WindowsAppSDKVerifyCsWinRtVersions
               ;MvvmToolkitVerifyWindowsSdkPackageVersion
           " (previous value: "
                   
                   
             BeforeResolveReferences;
             AssignProjectConfiguration;
             ResolveProjectReferences;
             FindInvalidProjectReferences;
             ResolveNativeReferences;
             ResolveAssemblyReferences;
             GenerateBindingRedirects;
             GenerateBindingRedirectsUpdateAppConfig;
             ResolveComReferences;
             AfterResolveReferences
           ;
                   ImplicitlyExpandTargetFramework;
                   ImplicitlyExpandTargetPlatform
               ;WindowsAppSDKVerifyCsWinRtVersions
               ") at C:\Users\Tony\.nuget\packages\communitytoolkit.mvvm\8.3.2\buildTransitive\CommunityToolkit.Mvvm.WindowsSdk.targets (12,5)
       Property reassignment: $(ProjectAssetsCacheFile)="C:\Users\Tony\.gemini\antigravity\scratch\marksmith\MdToPdf\obj\x64\Debug\net8.0-windows10.0.19041.0\win-x64\MdToPdf.assets.cache" (previous value: "obj\x64\Debug\net8.0-windows10.0.19041.0\win-x64\MdToPdf.assets.cache") at C:\Program Files\dotnet\sdk\8.0.423\Sdks\Microsoft.NET.Sdk\targets\Microsoft.PackageDependencyResolution.targets (29,5)
       Property reassignment: $(ResolveAssemblyReferencesDependsOn)="
             
             ResolveProjectReferences;
             FindInvalidProjectReferences;
             GetFrameworkPaths;
             GetReferenceAssemblyPaths;
             PrepareForBuild;
             ResolveSDKReferences;
             ExpandSDKReferences;
           ;
             ResolvePackageDependenciesForBuild;
             _HandlePackageFileConflicts;
           " (previous value: "
             ResolveProjectReferences;
             FindInvalidProjectReferences;
             GetFrameworkPaths;
             GetReferenceAssemblyPaths;
             PrepareForBuild;
             ResolveSDKReferences;
             ExpandSDKReferences;
           ") at C:\Program Files\dotnet\sdk\8.0.423\Sdks\Microsoft.NET.Sdk\targets\Microsoft.PackageDependencyResolution.targets (80,5)
       Property reassignment: $(PrepareResourcesDependsOn)="
             ResolvePackageDependenciesForBuild;
             _HandlePackageFileConflicts;
             
                   ResolveKeySource;
                   AddImplicitDefineConstants;
                   MarkupCompilePass1;
                   XamlPreCompile;
                   MarkupCompilePass2;
                   
             ;
             PrepareResourceNames;
             ResGen;
             CompileLicxFiles
           
               
           " (previous value: "
                   ResolveKeySource;
                   AddImplicitDefineConstants;
                   MarkupCompilePass1;
                   XamlPreCompile;
                   MarkupCompilePass2;
                   
             ;
             PrepareResourceNames;
             ResGen;
             CompileLicxFiles
           
               ") at C:\Program Files\dotnet\sdk\8.0.423\Sdks\Microsoft.NET.Sdk\targets\Microsoft.PackageDependencyResolution.targets (86,5)
       Property reassignment: $(DefaultItemExcludes)=";bin\x64\Debug\/**;obj\x64\Debug\/**;bin\/**" (previous value: ";bin\x64\Debug\/**;obj\x64\Debug\/**") at C:\Program Files\dotnet\sdk\8.0.423\Sdks\Microsoft.NET.Sdk\targets\Microsoft.NET.Sdk.DefaultItems.targets (27,5)
       Property reassignment: $(DefaultItemExcludes)=";bin\x64\Debug\/**;obj\x64\Debug\/**;bin\/**;obj\/**" (previous value: ";bin\x64\Debug\/**;obj\x64\Debug\/**;bin\/**") at C:\Program Files\dotnet\sdk\8.0.423\Sdks\Microsoft.NET.Sdk\targets\Microsoft.NET.Sdk.DefaultItems.targets (29,5)
       Property reassignment: $(DefaultItemExcludes)=";bin\x64\Debug\/**;obj\x64\Debug\/**;bin\/**;obj\/**;**/*.user" (previous value: ";bin\x64\Debug\/**;obj\x64\Debug\/**;bin\/**;obj\/**") at C:\Program Files\dotnet\sdk\8.0.423\Sdks\Microsoft.NET.Sdk\targets\Microsoft.NET.Sdk.DefaultItems.targets (32,5)
       Property reassignment: $(DefaultItemExcludes)=";bin\x64\Debug\/**;obj\x64\Debug\/**;bin\/**;obj\/**;**/*.user;**/*.*proj" (previous value: ";bin\x64\Debug\/**;obj\x64\Debug\/**;bin\/**;obj\/**;**/*.user") at C:\Program Files\dotnet\sdk\8.0.423\Sdks\Microsoft.NET.Sdk\targets\Microsoft.NET.Sdk.DefaultItems.targets (33,5)
       Property reassignment: $(DefaultItemExcludes)=";bin\x64\Debug\/**;obj\x64\Debug\/**;bin\/**;obj\/**;**/*.user;**/*.*proj;**/*.sln" (previous value: ";bin\x64\Debug\/**;obj\x64\Debug\/**;bin\/**;obj\/**;**/*.user;**/*.*proj") at C:\Program Files\dotnet\sdk\8.0.423\Sdks\Microsoft.NET.Sdk\targets\Microsoft.NET.Sdk.DefaultItems.targets (34,5)
       Property reassignment: $(DefaultItemExcludes)=";bin\x64\Debug\/**;obj\x64\Debug\/**;bin\/**;obj\/**;**/*.user;**/*.*proj;**/*.sln;**/*.vssscc" (previous value: ";bin\x64\Debug\/**;obj\x64\Debug\/**;bin\/**;obj\/**;**/*.user;**/*.*proj;**/*.sln") at C:\Program Files\dotnet\sdk\8.0.423\Sdks\Microsoft.NET.Sdk\targets\Microsoft.NET.Sdk.DefaultItems.targets (35,5)
       Property reassignment: $(DefaultItemExcludes)=";bin\x64\Debug\/**;obj\x64\Debug\/**;bin\/**;obj\/**;**/*.user;**/*.*proj;**/*.sln;**/*.vssscc;**/.DS_Store" (previous value: ";bin\x64\Debug\/**;obj\x64\Debug\/**;bin\/**;obj\/**;**/*.user;**/*.*proj;**/*.sln;**/*.vssscc") at C:\Program Files\dotnet\sdk\8.0.423\Sdks\Microsoft.NET.Sdk\targets\Microsoft.NET.Sdk.DefaultItems.targets (36,5)
       Property reassignment: $(ResolveAssemblyReferencesDependsOn)="
             
             
             ResolveProjectReferences;
             FindInvalidProjectReferences;
             GetFrameworkPaths;
             GetReferenceAssemblyPaths;
             PrepareForBuild;
             ResolveSDKReferences;
             ExpandSDKReferences;
           ;
             ResolvePackageDependenciesForBuild;
             _HandlePackageFileConflicts;
           ;
             ResolveTargetingPackAssets;
           " (previous value: "
             
             ResolveProjectReferences;
             FindInvalidProjectReferences;
             GetFrameworkPaths;
             GetReferenceAssemblyPaths;
             PrepareForBuild;
             ResolveSDKReferences;
             ExpandSDKReferences;
           ;
             ResolvePackageDependenciesForBuild;
             _HandlePackageFileConflicts;
           ") at C:\Program Files\dotnet\sdk\8.0.423\Sdks\Microsoft.NET.Sdk\targets\Microsoft.NET.Sdk.FrameworkReferenceResolution.targets (14,5)
       Property reassignment: $(_GenerateRuntimeConfigurationPropertyInputsCache)="C:\Users\Tony\.gemini\antigravity\scratch\marksmith\MdToPdf\obj\x64\Debug\net8.0-windows10.0.19041.0\win-x64\MdToPdf.genruntimeconfig.cache" (previous value: "obj\x64\Debug\net8.0-windows10.0.19041.0\win-x64\MdToPdf.genruntimeconfig.cache") at C:\Program Files\dotnet\sdk\8.0.423\Sdks\Microsoft.NET.Sdk\targets\Microsoft.NET.Sdk.targets (44,5)
       Property reassignment: $(_GeneratePublishDependencyFilePropertyInputsCache)="C:\Users\Tony\.gemini\antigravity\scratch\marksmith\MdToPdf\obj\x64\Debug\net8.0-windows10.0.19041.0\win-x64\MdToPdf.genpublishdeps.cache" (previous value: "obj\x64\Debug\net8.0-windows10.0.19041.0\win-x64\MdToPdf.genpublishdeps.cache") at C:\Program Files\dotnet\sdk\8.0.423\Sdks\Microsoft.NET.Sdk\targets\Microsoft.NET.Sdk.targets (46,5)
       Property reassignment: $(_GenerateSingleFileBundlePropertyInputsCache)="C:\Users\Tony\.gemini\antigravity\scratch\marksmith\MdToPdf\obj\x64\Debug\net8.0-windows10.0.19041.0\win-x64\MdToPdf.genbundle.cache" (previous value: "obj\x64\Debug\net8.0-windows10.0.19041.0\win-x64\MdToPdf.genbundle.cache") at C:\Program Files\dotnet\sdk\8.0.423\Sdks\Microsoft.NET.Sdk\targets\Microsoft.NET.Sdk.targets (48,5)
       Property reassignment: $(GenerateRuntimeConfigDevFile)="false" (previous value: "true") at C:\Program Files\dotnet\sdk\8.0.423\Sdks\Microsoft.NET.Sdk\targets\Microsoft.NET.Sdk.targets (81,5)
       Property reassignment: $(_DefaultUserProfileRuntimeStorePath)="C:\Users\Tony" (previous value: "") at C:\Program Files\dotnet\sdk\8.0.423\Sdks\Microsoft.NET.Sdk\targets\Microsoft.NET.Sdk.targets (97,5)
       Property reassignment: $(_DefaultUserProfileRuntimeStorePath)="C:\Users\Tony\.dotnet\store" (previous value: "C:\Users\Tony") at C:\Program Files\dotnet\sdk\8.0.423\Sdks\Microsoft.NET.Sdk\targets\Microsoft.NET.Sdk.targets (98,5)
       Property reassignment: $(AvailablePlatforms)="Any CPU,x86,x64,ARM32" (previous value: "Any CPU,x86,x64") at C:\Program Files\dotnet\sdk\8.0.423\Sdks\Microsoft.NET.Sdk\targets\Microsoft.NET.Sdk.targets (136,5)
       Property reassignment: $(AvailablePlatforms)="Any CPU,x86,x64,ARM32,ARM64" (previous value: "Any CPU,x86,x64,ARM32") at C:\Program Files\dotnet\sdk\8.0.423\Sdks\Microsoft.NET.Sdk\targets\Microsoft.NET.Sdk.targets (140,5)
       Property reassignment: $(CoreBuildDependsOn)="
             _CheckForBuildWithNoBuild;
             
             BuildOnlySettings;
             PrepareForBuild;
             PreBuildEvent;
             ResolveReferences;
             PrepareResources;
             ResolveKeySource;
             Compile;
             ExportWindowsMDFile;
             UnmanagedUnregistration;
             GenerateSerializationAssemblies;
             CreateSatelliteAssemblies;
             GenerateManifests;
             GetTargetPath;
             PrepareForRun;
             UnmanagedRegistration;
             IncrementalClean;
             PostBuildEvent
           ;
             GenerateBuildDependencyFile;
             GenerateBuildRuntimeConfigurationFiles
           " (previous value: "
             BuildOnlySettings;
             PrepareForBuild;
             PreBuildEvent;
             ResolveReferences;
             PrepareResources;
             ResolveKeySource;
             Compile;
             ExportWindowsMDFile;
             UnmanagedUnregistration;
             GenerateSerializationAssemblies;
             CreateSatelliteAssemblies;
             GenerateManifests;
             GetTargetPath;
             PrepareForRun;
             UnmanagedRegistration;
             IncrementalClean;
             PostBuildEvent
           ") at C:\Program Files\dotnet\sdk\8.0.423\Sdks\Microsoft.NET.Sdk\targets\Microsoft.NET.Sdk.targets (197,5)
       Property reassignment: $(CoreCleanDependsOn)="
             _SdkBeforeClean;
             
           " (previous value: "") at C:\Program Files\dotnet\sdk\8.0.423\Sdks\Microsoft.NET.Sdk\targets\Microsoft.NET.Sdk.targets (206,5)
       Property reassignment: $(RebuildDependsOn)="
             _SdkBeforeRebuild;
             
             BeforeRebuild;
             Clean;
             Build;
             AfterRebuild;
           
           " (previous value: "
             BeforeRebuild;
             Clean;
             Build;
             AfterRebuild;
           ") at C:\Program Files\dotnet\sdk\8.0.423\Sdks\Microsoft.NET.Sdk\targets\Microsoft.NET.Sdk.targets (213,5)
       Property reassignment: $(CompileDependsOn)="
             
             ResolveReferences;
             ResolveKeySource;
             SetWin32ManifestProperties;
             _SetPreferNativeArm64Win32ManifestProperties;
             FindReferenceAssembliesForReferences;
             _GenerateCompileInputs;
             BeforeCompile;
             _TimeStampBeforeCompile;
             _GenerateCompileDependencyCache;
             CoreCompile;
             _TimeStampAfterCompile;
             AfterCompile;
           ;
             _CreateAppHost;
             _CreateComHost;
             _GetIjwHostPaths;
           " (previous value: "
             ResolveReferences;
             ResolveKeySource;
             SetWin32ManifestProperties;
             _SetPreferNativeArm64Win32ManifestProperties;
             FindReferenceAssembliesForReferences;
             _GenerateCompileInputs;
             BeforeCompile;
             _TimeStampBeforeCompile;
             _GenerateCompileDependencyCache;
             CoreCompile;
             _TimeStampAfterCompile;
             AfterCompile;
           ") at C:\Program Files\dotnet\sdk\8.0.423\Sdks\Microsoft.NET.Sdk\targets\Microsoft.NET.Sdk.targets (679,5)
       Property reassignment: $(CreateSatelliteAssembliesDependsOn)="
             
             ;
             _GenerateSatelliteAssemblyInputs;
             ComputeIntermediateSatelliteAssemblies;
             GenerateSatelliteAssemblies
           ;
             CoreGenerateSatelliteAssemblies
           " (previous value: "
             ;
             _GenerateSatelliteAssemblyInputs;
             ComputeIntermediateSatelliteAssemblies;
             GenerateSatelliteAssemblies
           ") at C:\Program Files\dotnet\sdk\8.0.423\Sdks\Microsoft.NET.Sdk\targets\Microsoft.NET.Sdk.targets (1065,5)
       Property reassignment: $(SourceLinkUrlInitializerTargets)=";_InitializeGitHubSourceLinkUrl;_InitializeGitLabSourceLinkUrl" (previous value: ";_InitializeGitHubSourceLinkUrl") at C:\Program Files\dotnet\sdk\8.0.423\Sdks\Microsoft.SourceLink.GitLab\build\Microsoft.SourceLink.GitLab.targets (12,5)
       Property reassignment: $(SourceControlManagerUrlTranslationTargets)=";TranslateGitHubUrlsInSourceControlInformation;TranslateGitLabUrlsInSourceControlInformation" (previous value: ";TranslateGitHubUrlsInSourceControlInformation") at C:\Program Files\dotnet\sdk\8.0.423\Sdks\Microsoft.SourceLink.GitLab\build\Microsoft.SourceLink.GitLab.targets (13,5)
       Property reassignment: $(SourceLinkUrlInitializerTargets)=";_InitializeGitHubSourceLinkUrl;_InitializeGitLabSourceLinkUrl;_InitializeAzureReposGitSourceLinkUrl" (previous value: ";_InitializeGitHubSourceLinkUrl;_InitializeGitLabSourceLinkUrl") at C:\Program Files\dotnet\sdk\8.0.423\Sdks\Microsoft.SourceLink.AzureRepos.Git\build\Microsoft.SourceLink.AzureRepos.Git.targets (12,5)
       Property reassignment: $(SourceControlManagerUrlTranslationTargets)=";TranslateGitHubUrlsInSourceControlInformation;TranslateGitLabUrlsInSourceControlInformation;TranslateAzureReposGitUrlsInSourceControlInformation" (previous value: ";TranslateGitHubUrlsInSourceControlInformation;TranslateGitLabUrlsInSourceControlInformation") at C:\Program Files\dotnet\sdk\8.0.423\Sdks\Microsoft.SourceLink.AzureRepos.Git\build\Microsoft.SourceLink.AzureRepos.Git.targets (13,5)
       Property reassignment: $(SourceLinkUrlInitializerTargets)=";_InitializeGitHubSourceLinkUrl;_InitializeGitLabSourceLinkUrl;_InitializeAzureReposGitSourceLinkUrl;_InitializeBitbucketGitSourceLinkUrl" (previous value: ";_InitializeGitHubSourceLinkUrl;_InitializeGitLabSourceLinkUrl;_InitializeAzureReposGitSourceLinkUrl") at C:\Program Files\dotnet\sdk\8.0.423\Sdks\Microsoft.SourceLink.Bitbucket.Git\build\Microsoft.SourceLink.Bitbucket.Git.targets (12,5)
       Property reassignment: $(SourceControlManagerUrlTranslationTargets)=";TranslateGitHubUrlsInSourceControlInformation;TranslateGitLabUrlsInSourceControlInformation;TranslateAzureReposGitUrlsInSourceControlInformation;TranslateBitbucketGitUrlsInSourceControlInformation" (previous value: ";TranslateGitHubUrlsInSourceControlInformation;TranslateGitLabUrlsInSourceControlInformation;TranslateAzureReposGitUrlsInSourceControlInformation") at C:\Program Files\dotnet\sdk\8.0.423\Sdks\Microsoft.SourceLink.Bitbucket.Git\build\Microsoft.SourceLink.Bitbucket.Git.targets (13,5)
       Property reassignment: $(DesignerRuntimeImplementationProjectOutputGroupDependsOn)="
             
             ;
             
             ;
             BuildOnlySettings;
             PrepareForBuild;
             AssignTargetPaths;
             ResolveReferences
           
           ;
             _GenerateDesignerDepsFile;
             _GenerateDesignerRuntimeConfigFile;
             GetCopyToOutputDirectoryItems;
             _GatherDesignerShadowCopyFiles;
           " (previous value: "
             ;
             
             ;
             BuildOnlySettings;
             PrepareForBuild;
             AssignTargetPaths;
             ResolveReferences
           
           ") at C:\Program Files\dotnet\sdk\8.0.423\Sdks\Microsoft.NET.Sdk\targets\Microsoft.NET.DesignerSupport.targets (21,5)
       Property reassignment: $(_GenerateToolsSettingsFileCacheFile)="C:\Users\Tony\.gemini\antigravity\scratch\marksmith\MdToPdf\obj\x64\Debug\net8.0-windows10.0.19041.0\win-x64\MdToPdf.toolssettingsinput.cache" (previous value: "obj\x64\Debug\net8.0-windows10.0.19041.0\win-x64\MdToPdf.toolssettingsinput.cache") at C:\Program Files\dotnet\sdk\8.0.423\Sdks\Microsoft.NET.Sdk\targets\Microsoft.NET.PackTool.targets (68,5)
       Property reassignment: $(_ShimInputCacheFile)="C:\Users\Tony\.gemini\antigravity\scratch\marksmith\MdToPdf\obj\x64\Debug\net8.0-windows10.0.19041.0\win-x64\MdToPdf.shiminput.cache" (previous value: "obj\x64\Debug\net8.0-windows10.0.19041.0\win-x64\MdToPdf.shiminput.cache") at C:\Program Files\dotnet\sdk\8.0.423\Sdks\Microsoft.NET.Sdk\targets\Microsoft.NET.PackTool.targets (137,5)
       Property reassignment: $(_ShimCreatedSentinelFile)="C:\Users\Tony\.gemini\antigravity\scratch\marksmith\MdToPdf\obj\x64\Debug\net8.0-windows10.0.19041.0\win-x64\MdToPdf.shimcreated.sentinel" (previous value: "obj\x64\Debug\net8.0-windows10.0.19041.0\win-x64\MdToPdf.shimcreated.sentinel") at C:\Program Files\dotnet\sdk\8.0.423\Sdks\Microsoft.NET.Sdk\targets\Microsoft.NET.PackTool.targets (139,5)
       Property reassignment: $(DefineConstants)="TRACE;DISABLE_XAML_GENERATED_MAIN;MICROSOFT_WINDOWSAPPSDK_SELFCONTAINED;DEBUG" (previous value: "TRACE;DISABLE_XAML_GENERATED_MAIN;MICROSOFT_WINDOWSAPPSDK_SELFCONTAINED") at C:\Program Files\dotnet\sdk\8.0.423\Sdks\Microsoft.NET.Sdk\targets\Microsoft.NET.Sdk.CSharp.targets (31,5)
       Property reassignment: $(DefineConstants)="TRACE;DISABLE_XAML_GENERATED_MAIN;MICROSOFT_WINDOWSAPPSDK_SELFCONTAINED;DEBUG;NET;NET8_0;NETCOREAPP" (previous value: "TRACE;DISABLE_XAML_GENERATED_MAIN;MICROSOFT_WINDOWSAPPSDK_SELFCONTAINED;DEBUG") at C:\Program Files\dotnet\sdk\8.0.423\Sdks\Microsoft.NET.Sdk\targets\Microsoft.NET.Sdk.CSharp.targets (34,5)
       Property reassignment: $(WarningsAsErrors)=";NU1605;SYSLIB0011" (previous value: ";NU1605") at C:\Program Files\dotnet\sdk\8.0.423\Sdks\Microsoft.NET.Sdk\targets\Microsoft.NET.Sdk.CSharp.targets (48,5)
       Property reassignment: $(PackageDescription)="Package Description" (previous value: "") at C:\Program Files\dotnet\sdk\8.0.423\Sdks\NuGet.Build.Tasks.Pack\build\NuGet.Build.Tasks.Pack.targets (34,5)
       Property reassignment: $(GenerateNuspecDependsOn)="Build;_LoadPackInputItems; _GetTargetFrameworksOutput; _WalkEachTargetPerFramework; _GetPackageFiles; " (previous value: "_LoadPackInputItems; _GetTargetFrameworksOutput; _WalkEachTargetPerFramework; _GetPackageFiles; ") at C:\Program Files\dotnet\sdk\8.0.423\Sdks\NuGet.Build.Tasks.Pack\build\NuGet.Build.Tasks.Pack.targets (59,5)
       Property reassignment: $(_IsNotSetContainersTargetsDir)="true" (previous value: "false") at C:\Program Files\dotnet\sdk\8.0.423\Sdks\Microsoft.NET.Sdk\Sdk\Sdk.targets (59,5)
       Property reassignment: $(_IsSDKContainerAllowedVersion)="true" (previous value: "false") at C:\Program Files\dotnet\sdk\8.0.423\Containers\build\Microsoft.NET.Build.Containers.targets (5,5)
       Property reassignment: $(_ContainerIsTargetingNet8TFM)="true" (previous value: "false") at C:\Program Files\dotnet\sdk\8.0.423\Containers\build\Microsoft.NET.Build.Containers.targets (15,5)
       Overriding target "GetPackagingOutputs" in project "C:\Program Files\dotnet\sdk\8.0.423\Microsoft.Common.CurrentVersion.targets" with target "GetPackagingOutputs" from project "C:\Users\Tony\.nuget\packages\microsoft.windowsappsdk\1.6.250108002\buildTransitive\Microsoft.Build.Msix.Packaging.targets".
       Overriding target "_GetPackageArchitecture" in project "C:\Users\Tony\.nuget\packages\microsoft.windowsappsdk\1.6.250108002\buildTransitive\Microsoft.Build.Msix.Packaging.targets" with target "_GetPackageArchitecture" from project "C:\Users\Tony\.nuget\packages\microsoft.windowsappsdk\1.6.250108002\buildTransitive\Microsoft.Build.Msix.Packaging.targets".
       Overriding target "ResolveFrameworkReferences" in project "C:\Program Files\dotnet\sdk\8.0.423\Microsoft.Common.CurrentVersion.targets" with target "ResolveFrameworkReferences" from project "C:\Program Files\dotnet\sdk\8.0.423\Sdks\Microsoft.NET.Sdk\targets\Microsoft.NET.Sdk.FrameworkReferenceResolution.targets".
       Overriding target "Run" in project "C:\Program Files\dotnet\sdk\8.0.423\Microsoft.Common.CurrentVersion.targets" with target "Run" from project "C:\Program Files\dotnet\sdk\8.0.423\Sdks\Microsoft.NET.Sdk\targets\Microsoft.NET.Sdk.targets".
       Overriding target "GenerateSupportedTargetFrameworkAlias" in project "C:\Program Files\dotnet\sdk\8.0.423\Microsoft.Common.CurrentVersion.targets" with target "GenerateSupportedTargetFrameworkAlias" from project "C:\Program Files\dotnet\sdk\8.0.423\Sdks\Microsoft.NET.Sdk\targets\Microsoft.NET.Sdk.targets".
       Overriding target "GetReferenceAssemblyPaths" in project "C:\Program Files\dotnet\sdk\8.0.423\Microsoft.Common.CurrentVersion.targets" with target "GetReferenceAssemblyPaths" from project "C:\Program Files\dotnet\sdk\8.0.423\Sdks\Microsoft.NET.Sdk\targets\Microsoft.NET.DisableStandardFrameworkResolution.targets".
       Overriding target "GetFrameworkPaths" in project "C:\Program Files\dotnet\sdk\8.0.423\Microsoft.Common.CurrentVersion.targets" with target "GetFrameworkPaths" from project "C:\Program Files\dotnet\sdk\8.0.423\Sdks\Microsoft.NET.Sdk\targets\Microsoft.NET.DisableStandardFrameworkResolution.targets".
       Overriding target "DesignerRuntimeImplementationProjectOutputGroup" in project "C:\Program Files\dotnet\sdk\8.0.423\Microsoft.Common.CurrentVersion.targets" with target "DesignerRuntimeImplementationProjectOutputGroup" from project "C:\Program Files\dotnet\sdk\8.0.423\Sdks\Microsoft.NET.Sdk\targets\Microsoft.NET.DesignerSupport.targets".
       Overriding target "Publish" in project "C:\Program Files\dotnet\sdk\8.0.423\Microsoft.Common.CurrentVersion.targets" with target "Publish" from project "C:\Program Files\dotnet\sdk\8.0.423\Sdks\Microsoft.NET.Sdk\targets\Microsoft.NET.Publish.targets".
       Overriding target "ResolveReadyToRunCompilers" in project "C:\Program Files\dotnet\sdk\8.0.423\Sdks\Microsoft.NET.Sdk\targets\Microsoft.NET.CrossGen.targets" with target "ResolveReadyToRunCompilers" from project "C:\Program Files\dotnet\sdk\8.0.423\Sdks\Microsoft.NET.Sdk\targets\Microsoft.NET.Publish.targets".
       Overriding target "GetCopyToPublishDirectoryItems" in project "C:\Program Files\dotnet\sdk\8.0.423\Microsoft.Common.CurrentVersion.targets" with target "GetCopyToPublishDirectoryItems" from project "C:\Program Files\dotnet\sdk\8.0.423\Sdks\Microsoft.NET.Sdk\targets\Microsoft.NET.Publish.targets".
       The target "ResolveNuGetPackageAssets" listed in an AfterTargets attribute at "C:\Users\Tony\.nuget\packages\microsoft.windowsappsdk\1.6.250108002\buildTransitive\Microsoft.WinUI.AppX.targets (56,51)" does not exist in the project, and will be ignored.
       The target "_ConvertItems" listed in a BeforeTargets attribute at "C:\Users\Tony\.nuget\packages\microsoft.windowsappsdk\1.6.250108002\buildTransitive\Microsoft.WinUI.AppX.targets (112,7)" does not exist in the project, and will be ignored.
       The target "_ExpandProjectReferences" listed in an AfterTargets attribute at "C:\Users\Tony\.nuget\packages\microsoft.windowsappsdk\1.6.250108002\buildTransitive\Microsoft.WinUI.AppX.targets (113,7)" does not exist in the project, and will be ignored.
       The target "ComputeLinkedFilesToPublish" listed in an AfterTargets attribute at "C:\Users\Tony\.nuget\packages\microsoft.windowsappsdk\1.6.250108002\buildTransitive\Microsoft.Build.Msix.Packaging.targets (1516,99)" does not exist in the project, and will be ignored.
       The target "_ExpandProjectReferences" listed in an AfterTargets attribute at "C:\Users\Tony\.nuget\packages\microsoft.windowsappsdk\1.6.250108002\buildTransitive\Microsoft.WindowsAppSDK.SelfContained.targets (123,60)" does not exist in the project, and will be ignored.
       The target "_ConvertItems" listed in a BeforeTargets attribute at "C:\Users\Tony\.nuget\packages\microsoft.windowsappsdk\1.6.250108002\buildTransitive\Microsoft.WindowsAppSDK.SelfContained.targets (238,53)" does not exist in the project, and will be ignored.
       The target "ResolveVCRTForwarderReferences" listed in a BeforeTargets attribute at "C:\Users\Tony\.nuget\packages\microsoft.windowsappsdk\1.6.250108002\buildTransitive\Microsoft.WindowsAppSDK.SelfContained.targets (263,9)" does not exist in the project, and will be ignored.
       The target "ClCompile" listed in a BeforeTargets attribute at "C:\Users\Tony\.nuget\packages\microsoft.windowsappsdk\1.6.250108002\buildTransitive\Microsoft.WindowsAppSDK.SelfContained.targets (284,13)" does not exist in the project, and will be ignored.
       The target "ClCompile" listed in a BeforeTargets attribute at "C:\Users\Tony\.nuget\packages\microsoft.windowsappsdk\1.6.250108002\buildTransitive\Microsoft.WindowsAppSDK.targets (20,11)" does not exist in the project, and will be ignored.
       The target "_ConvertItems" listed in a BeforeTargets attribute at "C:\Users\Tony\.nuget\packages\microsoft.windowsappsdk\1.6.250108002\buildTransitive\Microsoft.WindowsAppSDK.targets (37,61)" does not exist in the project, and will be ignored.
       The target "_ResolveVCLibDependencies" listed in an AfterTargets attribute at "C:\Users\Tony\.nuget\packages\microsoft.windowsappsdk\1.6.250108002\buildTransitive\Microsoft.WindowsAppSDK.targets (37,91)" does not exist in the project, and will be ignored.
       The target "ResolveNuGetPackageAssets" listed in an AfterTargets attribute at "C:\Users\Tony\.nuget\packages\communitytoolkit.mvvm\8.3.2\buildTransitive\CommunityToolkit.Mvvm.SourceGenerators.targets (13,11)" does not exist in the project, and will be ignored.
       The target "ResolveNuGetPackageAssets" listed in an AfterTargets attribute at "C:\Users\Tony\.nuget\packages\communitytoolkit.mvvm\8.3.2\buildTransitive\CommunityToolkit.Mvvm.SourceGenerators.targets (25,11)" does not exist in the project, and will be ignored.
       The target "ResolveNuGetPackageAssets" listed in an AfterTargets attribute at "C:\Users\Tony\.nuget\packages\communitytoolkit.mvvm\8.3.2\buildTransitive\CommunityToolkit.Mvvm.SourceGenerators.targets (111,11)" does not exist in the project, and will be ignored.
   1:7>Project "C:\Users\Tony\.gemini\antigravity\scratch\marksmith\MdToPdf\MdToPdf.csproj" on node 1 (default targets).
   1:7>Target "_CheckForUnsupportedTargetFramework" skipped, due to false condition; ('$(_UnsupportedTargetFrameworkError)' == 'true') was evaluated as ('' == 'true').
   1:7>Target "_CollectTargetFrameworkForTelemetry" in file "C:\Program Files\dotnet\sdk\8.0.423\Sdks\Microsoft.NET.Sdk\targets\Microsoft.NET.TargetFrameworkInference.targets" from project "C:\Users\Tony\.gemini\antigravity\scratch\marksmith\MdToPdf\MdToPdf.csproj" (target "_CheckForInvalidConfigurationAndPlatform" depends on it):
       Using "AllowEmptyTelemetry" task from assembly "C:\Program Files\dotnet\sdk\8.0.423\Sdks\Microsoft.NET.Sdk\targets\..\tools\net8.0\Microsoft.NET.Build.Tasks.dll".
       Task "AllowEmptyTelemetry"
       Done executing task "AllowEmptyTelemetry".
   1:7>Done building target "_CollectTargetFrameworkForTelemetry" in project "MdToPdf.csproj".
       Target "_CheckForMissingWorkload" skipped, due to false condition; ('@(MissingWorkloadPack)' != '' And '$(DesignTimeBuild)' != 'true') was evaluated as ('' != '' And '' != 'true').
   1:7>Target "_CheckForUnsupportedTargetPlatformIdentifier" in file "C:\Program Files\dotnet\sdk\8.0.423\Sdks\Microsoft.NET.Sdk\targets\Microsoft.NET.TargetFrameworkInference.targets" from project "C:\Users\Tony\.gemini\antigravity\scratch\marksmith\MdToPdf\MdToPdf.csproj" (target "_CheckForInvalidConfigurationAndPlatform" depends on it):
       Task "NETSdkError" skipped, due to false condition; ('$(TargetPlatformSupported)' != 'true' and '$(UseWorkloadsSpecificError)' != 'true') was evaluated as ('true' != 'true' and '' != 'true').
       Task "NETSdkError" skipped, due to false condition; ('$(TargetPlatformSupported)' != 'true' and '$(UseWorkloadsSpecificError)' == 'true') was evaluated as ('true' != 'true' and '' == 'true').
   1:7>Done building target "_CheckForUnsupportedTargetPlatformIdentifier" in project "MdToPdf.csproj".
   1:7>Target "_CheckForUnsupportedNETCoreVersion" in file "C:\Program Files\dotnet\sdk\8.0.423\Sdks\Microsoft.NET.Sdk\targets\Microsoft.NET.TargetFrameworkInference.targets" from project "C:\Users\Tony\.gemini\antigravity\scratch\marksmith\MdToPdf\MdToPdf.csproj" (target "_CheckForInvalidConfigurationAndPlatform" depends on it):
       Task "NETSdkError" skipped, due to false condition; ('$(_TargetFrameworkVersionWithoutV)' > '$(NETCoreAppMaximumVersion)' and '$(DisplayVSMessage)' != 'true') was evaluated as ('8.0' > '8.0' and '' != 'true').
       Task "NETSdkError" skipped, due to false condition; ('$(DisplayVSMessage)' == 'true') was evaluated as ('' == 'true').
   1:7>Done building target "_CheckForUnsupportedNETCoreVersion" in project "MdToPdf.csproj".
       Target "_CheckForEolTargetFrameworks" skipped, due to false condition; ('@(_EolNetCoreTargetFrameworkVersions->AnyHaveMetadataValue('Identity', '$(_TargetFrameworkVersionWithoutV)'))' and '$(TargetFrameworkIdentifier)' == '.NETCoreApp' and '$(CheckEolTargetFramework)' == 'true') was evaluated as ('false' and '.NETCoreApp' == '.NETCoreApp' and 'true' == 'true').
       Target "_CheckForEolWorkloads" skipped, due to false condition; ('@(EolWorkload)' != '' and '$(CheckEolWorkloads)' == 'true') was evaluated as ('' != '' and 'true' == 'true').
   1:7>Target "_CheckForUnsupportedCppNETCoreVersion" in file "C:\Program Files\dotnet\sdk\8.0.423\Sdks\Microsoft.NET.Sdk\targets\Microsoft.NET.TargetFrameworkInference.targets" from project "C:\Users\Tony\.gemini\antigravity\scratch\marksmith\MdToPdf\MdToPdf.csproj" (target "_CheckForInvalidConfigurationAndPlatform" depends on it):
       Task "NETSdkError" skipped, due to false condition; ('$(TargetFrameworkIdentifier)' == '.NETCoreApp' and '$(_TargetFrameworkVersionWithoutV)' < '3.1' and ('$(Language)' == 'C++' and '$(_EnablePackageReferencesInVCProjects)' != 'true')) was evaluated as ('.NETCoreApp' == '.NETCoreApp' and '8.0' < '3.1' and ('C#' == 'C++' and '' != 'true')).
   1:7>Done building target "_CheckForUnsupportedCppNETCoreVersion" in project "MdToPdf.csproj".
       Target "_CheckForUnsupportedNETStandardVersion" skipped, due to false condition; ('$(TargetFrameworkIdentifier)' == '.NETStandard' And '$(NETStandardMaximumVersion)' != '') was evaluated as ('.NETCoreApp' == '.NETStandard' And '' != '').
       Target "_CheckForUnsupportedTargetFrameworkAndFeatureCombination" skipped, due to false condition; ('$(TargetFrameworkIdentifier)' == '.NETFramework') was evaluated as ('.NETCoreApp' == '.NETFramework').
   1:7>Target "_CheckForSupportedOSPlatformVersionHigherThanTargetPlatformVersion" in file "C:\Program Files\dotnet\sdk\8.0.423\Sdks\Microsoft.NET.Sdk\targets\Microsoft.NET.TargetFrameworkInference.targets" from project "C:\Users\Tony\.gemini\antigravity\scratch\marksmith\MdToPdf\MdToPdf.csproj" (target "_CheckForInvalidConfigurationAndPlatform" depends on it):
       Task "NETSdkError" skipped, due to false condition; ('$(SupportedOSPlatformVersion)' != '' and $(TargetPlatformVersion) != '' and $([MSBuild]::VersionGreaterThan($(SupportedOSPlatformVersion), $(TargetPlatformVersion)))) was evaluated as ('10.0.17763.0' != '' and 10.0.19041.0 != '' and False).
   1:7>Done building target "_CheckForSupportedOSPlatformVersionHigherThanTargetPlatformVersion" in project "MdToPdf.csproj".
   1:7>Target "_NormalizeTargetPlatformVersion" in file "C:\Program Files\dotnet\sdk\8.0.423\Sdks\Microsoft.NET.Sdk\targets\Microsoft.NET.TargetFrameworkInference.targets" from project "C:\Users\Tony\.gemini\antigravity\scratch\marksmith\MdToPdf\MdToPdf.csproj" (target "_CheckForInvalidTargetPlatformVersion" depends on it):
   1:7>Done building target "_NormalizeTargetPlatformVersion" in project "MdToPdf.csproj".
   1:7>Target "_CheckForInvalidTargetPlatformVersion" in file "C:\Program Files\dotnet\sdk\8.0.423\Sdks\Microsoft.NET.Sdk\targets\Microsoft.NET.TargetFrameworkInference.targets" from project "C:\Users\Tony\.gemini\antigravity\scratch\marksmith\MdToPdf\MdToPdf.csproj" (target "_CheckForInvalidConfigurationAndPlatform" depends on it):
       Task "NetSdkError" skipped, due to false condition; ('$(TargetPlatformVersionSupported)' != 'true') was evaluated as ('true' != 'true').
   1:7>Done building target "_CheckForInvalidTargetPlatformVersion" in project "MdToPdf.csproj".
   1:7>Target "_CheckForUnsupportedArtifactsPath" in file "C:\Program Files\dotnet\sdk\8.0.423\Sdks\Microsoft.NET.Sdk\targets\Microsoft.NET.DefaultOutputPaths.targets" from project "C:\Users\Tony\.gemini\antigravity\scratch\marksmith\MdToPdf\MdToPdf.csproj" (target "_CheckForInvalidConfigurationAndPlatform" depends on it):
       Task "NetSdkError" skipped, due to false condition; ('$(UseArtifactsOutput)' == 'true' and '$(_ArtifactsPathSetEarly)' != 'true') was evaluated as ('' == 'true' and '' != 'true').
       Task "NetSdkError" skipped, due to false condition; ('$(_ArtifactsPathLocationType)' == 'ProjectFolder') was evaluated as ('' == 'ProjectFolder').
   1:7>Done building target "_CheckForUnsupportedArtifactsPath" in project "MdToPdf.csproj".
       Target "_CheckForMissingWorkload" skipped, due to false condition; ('@(MissingWorkloadPack)' != '' And '$(DesignTimeBuild)' != 'true') was evaluated as ('' != '' And '' != 'true').
   1:7>Target "_CheckForUnsupportedAppHostUsage" in file "C:\Program Files\dotnet\sdk\8.0.423\Sdks\Microsoft.NET.Sdk\targets\Microsoft.NET.RuntimeIdentifierInference.targets" from project "C:\Users\Tony\.gemini\antigravity\scratch\marksmith\MdToPdf\MdToPdf.csproj" (target "_CheckForInvalidConfigurationAndPlatform" depends on it):
       Task "NETSdkError" skipped, due to false condition; ('$(SelfContained)' == 'true' and '$(RuntimeIdentifier)' == '' and '$(AllowSelfContainedWithoutRuntimeIdentifier)' != 'true') was evaluated as ('false' == 'true' and 'win-x64' == '' and '' != 'true').
       Task "NETSdkError" skipped, due to false condition; ('$(PublishReadyToRun)' == 'true' and '$(RuntimeIdentifier)' == '' and '$(_IsPublishing)' == 'true') was evaluated as ('' == 'true' and 'win-x64' == '' and '' == 'true').
       Task "NETSdkError" skipped, due to false condition; ('$(PublishSingleFile)' == 'true' and '$(RuntimeIdentifier)' == '' and '$(_IsPublishing)' == 'true') was evaluated as ('' == 'true' and 'win-x64' == '' and '' == 'true').
       Task "NETSdkError" skipped, due to false condition; ('$(PublishAot)' == 'true' and '$(RuntimeIdentifier)' == '' and '$(_IsPublishing)' == 'true' and '$(AllowPublishAotWithoutRuntimeIdentifier)' != 'true') was evaluated as ('' == 'true' and 'win-x64' == '' and '' == 'true' and '' != 'true').
       Task "NETSdkError" skipped, due to false condition; ('$(PublishSelfContained)' != 'true' and '$(PublishSelfContained)' != 'false' and '$(PublishSelfContained)' != '') was evaluated as ('' != 'true' and '' != 'false' and '' != '').
       Task "NETSdkError" skipped, due to false condition; ('$(SelfContained)' == 'true' and '$(UseAppHost)' != 'true' and '$(_RuntimeIdentifierUsesAppHost)' == 'true') was evaluated as ('false' == 'true' and 'true' != 'true' and 'true' == 'true').
       Task "NETSdkError" skipped, due to false condition; ('$(SelfContained)' != 'true' and '$(UseAppHost)' == 'true' and '$(_TargetFrameworkVersionWithoutV)' < '2.1') was evaluated as ('false' != 'true' and 'true' == 'true' and '8.0' < '2.1').
       Task "NETSdkError" skipped, due to false condition; ('$(PublishSingleFile)' == 'true' and '$(_TargetFrameworkVersionWithoutV)' < '3.0') was evaluated as ('' == 'true' and '8.0' < '3.0').
       Task "NETSdkWarning" skipped, due to false condition; ('$(PublishReadyToRun)' == 'true' and '$(_TargetFrameworkVersionWithoutV)' < '3.0') was evaluated as ('' == 'true' and '8.0' < '3.0').
       Task "NETSdkWarning" skipped, due to false condition; ('$(RuntimeIdentifier)' != '' and '$(_TargetFrameworkVersionWithoutV)' != '' and $([MSBuild]::VersionLessThan($(_TargetFrameworkVersionWithoutV), '8.0')) and '$(_SelfContainedWasSpecified)' != 'true') was evaluated as ('win-x64' != '' and '8.0' != '' and False and '' != 'true').
       Task "NetSdkError" skipped, due to false condition; (('$(UseWindowsForms)' == 'true') and ('$(PublishTrimmed)' == 'true') and ('$(_SuppressWinFormsTrimError)' != 'true')) was evaluated as (('' == 'true') and ('' == 'true') and ('' != 'true')).
       Task "NetSdkError" skipped, due to false condition; (('$(UseWpf)' == 'true') and ('$(PublishTrimmed)' == 'true') and ('$(_SuppressWpfTrimError)' != 'true')) was evaluated as (('' == 'true') and ('' == 'true') and ('' != 'true')).
   1:7>Done building target "_CheckForUnsupportedAppHostUsage" in project "MdToPdf.csproj".
   1:7>Target "_CheckForUnsupportedHostingUsage" in file "C:\Program Files\dotnet\sdk\8.0.423\Sdks\Microsoft.NET.Sdk\targets\Microsoft.NET.RuntimeIdentifierInference.targets" from project "C:\Users\Tony\.gemini\antigravity\scratch\marksmith\MdToPdf\MdToPdf.csproj" (target "_CheckForInvalidConfigurationAndPlatform" depends on it):
       Task "NETSdkWarning" skipped, due to false condition; ('$(SelfContained)' == 'true' and '$(EnableComHosting)' == 'true') was evaluated as ('false' == 'true' and '' == 'true').
   1:7>Done building target "_CheckForUnsupportedHostingUsage" in project "MdToPdf.csproj".
   1:7>Target "_CheckAndUnsetUnsupportedPrefer32Bit" in file "C:\Program Files\dotnet\sdk\8.0.423\Sdks\Microsoft.NET.Sdk\targets\Microsoft.NET.RuntimeIdentifierInference.targets" from project "C:\Users\Tony\.gemini\antigravity\scratch\marksmith\MdToPdf\MdToPdf.csproj" (target "_CheckForInvalidConfigurationAndPlatform" depends on it):
       Task "NETSdkWarning" skipped, due to false condition; ('$(Prefer32Bit)' == 'true') was evaluated as ('false' == 'true').
   1:7>Done building target "_CheckAndUnsetUnsupportedPrefer32Bit" in project "MdToPdf.csproj".
   1:7>Target "_CheckForMismatchingPlatform" in file "C:\Program Files\dotnet\sdk\8.0.423\Sdks\Microsoft.NET.Sdk\targets\Microsoft.NET.RuntimeIdentifierInference.targets" from project "C:\Users\Tony\.gemini\antigravity\scratch\marksmith\MdToPdf\MdToPdf.csproj" (target "_CheckForInvalidConfigurationAndPlatform" depends on it):
       Task "NETSdkError" skipped, due to false condition; ('$(PlatformTarget)' != 'AnyCPU' and !$(RuntimeIdentifier.ToUpperInvariant().Contains($(PlatformTarget.ToUpperInvariant())))) was evaluated as ('x64' != 'AnyCPU' and !True).
   1:7>Done building target "_CheckForMismatchingPlatform" in project "MdToPdf.csproj".
   1:7>Target "_CheckForLanguageAndFeatureCombinationSupport" in file "C:\Program Files\dotnet\sdk\8.0.423\Sdks\Microsoft.NET.Sdk\targets\Microsoft.NET.RuntimeIdentifierInference.targets" from project "C:\Users\Tony\.gemini\antigravity\scratch\marksmith\MdToPdf\MdToPdf.csproj" (target "_CheckForInvalidConfigurationAndPlatform" depends on it):
       Task "NETSdkError" skipped, due to false condition; (('$(Language)' == 'C++' and '$(_EnablePackageReferencesInVCProjects)' != 'true') and $(OutputType) != 'library' and '$(TargetFrameworkIdentifier)' == '.NETCoreApp') was evaluated as (('C#' == 'C++' and '' != 'true') and WinExe != 'library' and '.NETCoreApp' == '.NETCoreApp').
       Task "NETSdkError" skipped, due to false condition; (('$(Language)' == 'C++' and '$(_EnablePackageReferencesInVCProjects)' != 'true') and $(EnableComHosting) == 'true') was evaluated as (('C#' == 'C++' and '' != 'true') and  == 'true').
       Task "NETSdkError" skipped, due to false condition; (('$(Language)' == 'C++' and '$(_EnablePackageReferencesInVCProjects)' != 'true') and $(SelfContained) == 'true') was evaluated as (('C#' == 'C++' and '' != 'true') and false == 'true').
   1:7>Done building target "_CheckForLanguageAndFeatureCombinationSupport" in project "MdToPdf.csproj".
       Target "_CheckForNETCoreSdkIsPreview" skipped, due to false condition; ( '$(_NETCoreSdkIsPreview)' == 'true' AND '$(SuppressNETCoreSdkPreviewMessage)' != 'true' ) was evaluated as ( 'false' == 'true' AND '' != 'true' ).
   1:7>Target "_GetProjectJsonPath" in file "C:\Program Files\dotnet\sdk\8.0.423\NuGet.targets" from project "C:\Users\Tony\.gemini\antigravity\scratch\marksmith\MdToPdf\MdToPdf.csproj" (target "_GetRestoreProjectStyle" depends on it):
       Task "GetRestoreProjectJsonPathTask" skipped, due to false condition; ( '$(RestoreProjectStyle)' == 'ProjectJson' OR '$(RestoreProjectStyle)' == '' ) was evaluated as ( 'PackageReference' == 'ProjectJson' OR 'PackageReference' == '' ).
   1:7>Done building target "_GetProjectJsonPath" in project "MdToPdf.csproj".
       Target "_CheckForUnsupportedNETStandardVersion" skipped, due to false condition; ('$(TargetFrameworkIdentifier)' == '.NETStandard' And '$(NETStandardMaximumVersion)' != '') was evaluated as ('.NETCoreApp' == '.NETStandard' And '' != '').
       Target "_CheckForUnsupportedTargetFrameworkAndFeatureCombination" skipped, due to false condition; ('$(TargetFrameworkIdentifier)' == '.NETFramework') was evaluated as ('.NETCoreApp' == '.NETFramework').
   1:7>Target "UpdateAspNetToFrameworkReference" in file "C:\Program Files\dotnet\sdk\8.0.423\Sdks\Microsoft.NET.Sdk\targets\Microsoft.NET.Sdk.DefaultItems.Shared.targets" from project "C:\Users\Tony\.gemini\antigravity\scratch\marksmith\MdToPdf\MdToPdf.csproj" (target "ApplyImplicitVersions" depends on it):
       Using "CheckIfPackageReferenceShouldBeFrameworkReference" task from assembly "C:\Program Files\dotnet\sdk\8.0.423\Sdks\Microsoft.NET.Sdk\targets\..\tools\net8.0\Microsoft.NET.Build.Tasks.dll".
       Task "CheckIfPackageReferenceShouldBeFrameworkReference"
       Done executing task "CheckIfPackageReferenceShouldBeFrameworkReference".
       Task "NETSdkError" skipped, due to false condition; ('$(_ShouldRemoveAspNetCoreAll)' == 'true') was evaluated as ('False' == 'true').
       Task "CheckIfPackageReferenceShouldBeFrameworkReference"
       Done executing task "CheckIfPackageReferenceShouldBeFrameworkReference".
       Task "NETSdkWarning" skipped, due to false condition; ('$(_ShouldRemoveAspNetCoreApp)' == 'true') was evaluated as ('False' == 'true').
   1:7>Done building target "UpdateAspNetToFrameworkReference" in project "MdToPdf.csproj".
       Target "IncludeTargetingPackReference" skipped, due to false condition; ('$(TargetFrameworkMoniker)' != '' and '$(TargetFrameworkIdentifier)' == '.NETFramework' and '$(AutomaticallyUseReferenceAssemblyPackages)' == 'true') was evaluated as ('.NETCoreApp,Version=v8.0' != '' and '.NETCoreApp' == '.NETFramework' and 'true' == 'true').
   1:7>Target "CheckForImplicitPackageReferenceOverrides" in file "C:\Program Files\dotnet\sdk\8.0.423\Sdks\Microsoft.NET.Sdk\targets\Microsoft.NET.Sdk.DefaultItems.Shared.targets" from project "C:\Users\Tony\.gemini\antigravity\scratch\marksmith\MdToPdf\MdToPdf.csproj" (target "ApplyImplicitVersions" depends on it):
       Using "CheckForImplicitPackageReferenceOverrides" task from assembly "C:\Program Files\dotnet\sdk\8.0.423\Sdks\Microsoft.NET.Sdk\targets\..\tools\net8.0\Microsoft.NET.Build.Tasks.dll".
       Task "CheckForImplicitPackageReferenceOverrides"
       Done executing task "CheckForImplicitPackageReferenceOverrides".
   1:7>Done building target "CheckForImplicitPackageReferenceOverrides" in project "MdToPdf.csproj".
   1:7>Target "ApplyImplicitVersions" in file "C:\Program Files\dotnet\sdk\8.0.423\Sdks\Microsoft.NET.Sdk\targets\Microsoft.NET.Sdk.DefaultItems.Shared.targets" from project "C:\Users\Tony\.gemini\antigravity\scratch\marksmith\MdToPdf\MdToPdf.csproj" (target "CollectPackageReferences" depends on it):
       Using "ApplyImplicitVersions" task from assembly "C:\Program Files\dotnet\sdk\8.0.423\Sdks\Microsoft.NET.Sdk\targets\..\tools\net8.0\Microsoft.NET.Build.Tasks.dll".
       Task "ApplyImplicitVersions"
       Done executing task "ApplyImplicitVersions".
   1:7>Done building target "ApplyImplicitVersions" in project "MdToPdf.csproj".
       Target "CheckForImplicitPackageReferenceOverrides" skipped. Previously built successfully.
   1:7>Target "AddWindowsSdkKnownFrameworkReferences" in file "C:\Program Files\dotnet\sdk\8.0.423\Sdks\Microsoft.NET.Sdk\targets\Microsoft.NET.Sdk.FrameworkReferenceResolution.targets" from project "C:\Users\Tony\.gemini\antigravity\scratch\marksmith\MdToPdf\MdToPdf.csproj" (target "ProcessFrameworkReferences" depends on it):
       Using "CreateWindowsSdkKnownFrameworkReferences" task from assembly "C:\Program Files\dotnet\sdk\8.0.423\Sdks\Microsoft.NET.Sdk\targets\..\tools\net8.0\Microsoft.NET.Build.Tasks.dll".
       Task "CreateWindowsSdkKnownFrameworkReferences"
       Done executing task "CreateWindowsSdkKnownFrameworkReferences".
   1:7>Done building target "AddWindowsSdkKnownFrameworkReferences" in project "MdToPdf.csproj".
   1:7>Target "_ComputeToolPackInputsToProcessFrameworkReferences" in file "C:\Program Files\dotnet\sdk\8.0.423\Sdks\Microsoft.NET.Sdk\targets\Microsoft.NET.Publish.targets" from project "C:\Users\Tony\.gemini\antigravity\scratch\marksmith\MdToPdf\MdToPdf.csproj" (target "ProcessFrameworkReferences" depends on it):
   1:7>Done building target "_ComputeToolPackInputsToProcessFrameworkReferences" in project "MdToPdf.csproj".
   1:7>Target "ProcessFrameworkReferences" in file "C:\Program Files\dotnet\sdk\8.0.423\Sdks\Microsoft.NET.Sdk\targets\Microsoft.NET.Sdk.FrameworkReferenceResolution.targets" from project "C:\Users\Tony\.gemini\antigravity\scratch\marksmith\MdToPdf\MdToPdf.csproj" (target "CollectPackageReferences" depends on it):
       Using "CheckForDuplicateFrameworkReferences" task from assembly "C:\Program Files\dotnet\sdk\8.0.423\Sdks\Microsoft.NET.Sdk\targets\..\tools\net8.0\Microsoft.NET.Build.Tasks.dll".
       Task "CheckForDuplicateFrameworkReferences"
       Done executing task "CheckForDuplicateFrameworkReferences".
       Using "ProcessFrameworkReferences" task from assembly "C:\Program Files\dotnet\sdk\8.0.423\Sdks\Microsoft.NET.Sdk\targets\..\tools\net8.0\Microsoft.NET.Build.Tasks.dll".
       Task "ProcessFrameworkReferences"
       Done executing task "ProcessFrameworkReferences".
       Using "ResolveAppHosts" task from assembly "C:\Program Files\dotnet\sdk\8.0.423\Sdks\Microsoft.NET.Sdk\targets\..\tools\net8.0\Microsoft.NET.Build.Tasks.dll".
       Task "ResolveAppHosts"
       Done executing task "ResolveAppHosts".
   1:7>Done building target "ProcessFrameworkReferences" in project "MdToPdf.csproj".
       Target "IncludeTargetingPackReference" skipped, due to false condition; ('$(TargetFrameworkMoniker)' != '' and '$(TargetFrameworkIdentifier)' == '.NETFramework' and '$(AutomaticallyUseReferenceAssemblyPackages)' == 'true') was evaluated as ('.NETCoreApp,Version=v8.0' != '' and '.NETCoreApp' == '.NETFramework' and 'true' == 'true').
   1:7>Target "_AddMicrosoftNetCompilerToolsetFrameworkPackage" in file "C:\Program Files\dotnet\sdk\8.0.423\Sdks\Microsoft.NET.Sdk\targets\Microsoft.NET.Sdk.targets" from project "C:\Users\Tony\.gemini\antigravity\scratch\marksmith\MdToPdf\MdToPdf.csproj" (target "CollectPackageReferences" depends on it):
       Task "NETSdkWarning" skipped, due to false condition; ('@(PackageReference->AnyHaveMetadataValue('Identity', 'Microsoft.Net.Compilers.Toolset.Framework'))' == 'true') was evaluated as ('false' == 'true').
   1:7>Done building target "_AddMicrosoftNetCompilerToolsetFrameworkPackage" in project "MdToPdf.csproj".
   1:7>Target "_CheckForObsoleteDotNetCliToolReferences" in file "C:\Program Files\dotnet\sdk\8.0.423\Sdks\Microsoft.NET.Sdk\targets\Microsoft.NET.ObsoleteReferences.targets" from project "C:\Users\Tony\.gemini\antigravity\scratch\marksmith\MdToPdf\MdToPdf.csproj" (target "CollectPackageReferences" depends on it):
       Task "NETSdkWarning" skipped, due to false condition; ( '%(_ReferenceToObsoleteDotNetCliTool.Identity)' != '' ) was evaluated as ( '' != '' ).
   1:7>Done building target "_CheckForObsoleteDotNetCliToolReferences" in project "MdToPdf.csproj".
   1:7>Target "CollectPackageReferences" in file "C:\Program Files\dotnet\sdk\8.0.423\NuGet.targets" from project "C:\Users\Tony\.gemini\antigravity\scratch\marksmith\MdToPdf\MdToPdf.csproj" (target "_GetRestoreProjectStyle" depends on it):
       Using "CheckForDuplicateNuGetItemsTask" task from assembly "C:\Program Files\dotnet\sdk\8.0.423\NuGet.Build.Tasks.dll".
       Task "CheckForDuplicateNuGetItemsTask"
       Done executing task "CheckForDuplicateNuGetItemsTask".
   1:7>Done building target "CollectPackageReferences" in project "MdToPdf.csproj".
   1:7>Target "_GetRestoreProjectStyle" in file "C:\Program Files\dotnet\sdk\8.0.423\NuGet.targets" from project "C:\Users\Tony\.gemini\antigravity\scratch\marksmith\MdToPdf\MdToPdf.csproj" (target "EnableIntermediateOutputPathMismatchWarning" depends on it):
       Using "GetRestoreProjectStyleTask" task from assembly "C:\Program Files\dotnet\sdk\8.0.423\NuGet.Build.Tasks.dll".
       Task "GetRestoreProjectStyleTask"
       Done executing task "GetRestoreProjectStyleTask".
   1:7>Done building target "_GetRestoreProjectStyle" in project "MdToPdf.csproj".
   1:7>Target "EnableIntermediateOutputPathMismatchWarning" in file "C:\Program Files\dotnet\sdk\8.0.423\NuGet.targets" from project "C:\Users\Tony\.gemini\antigravity\scratch\marksmith\MdToPdf\MdToPdf.csproj" (target "_CheckForInvalidConfigurationAndPlatform" depends on it):
   1:7>Done building target "EnableIntermediateOutputPathMismatchWarning" in project "MdToPdf.csproj".
   1:7>Target "CheckForDuplicateItems" in file "C:\Program Files\dotnet\sdk\8.0.423\Sdks\Microsoft.NET.Sdk\targets\Microsoft.NET.Sdk.DefaultItems.Shared.targets" from project "C:\Users\Tony\.gemini\antigravity\scratch\marksmith\MdToPdf\MdToPdf.csproj" (target "CheckForDuplicatePageItems" depends on it):
       Using "CheckForDuplicateItems" task from assembly "C:\Program Files\dotnet\sdk\8.0.423\Sdks\Microsoft.NET.Sdk\targets\..\tools\net8.0\Microsoft.NET.Build.Tasks.dll".
       Task "CheckForDuplicateItems"
       Done executing task "CheckForDuplicateItems".
       Task "CheckForDuplicateItems"
       Done executing task "CheckForDuplicateItems".
       Task "CheckForDuplicateItems"
       Done executing task "CheckForDuplicateItems".
   1:7>Done building target "CheckForDuplicateItems" in project "MdToPdf.csproj".
   1:7>Target "CheckForDuplicatePageItems" in file "C:\Users\Tony\.nuget\packages\microsoft.windowsappsdk\1.6.250108002\buildTransitive\Microsoft.WinUI.targets" from project "C:\Users\Tony\.gemini\antigravity\scratch\marksmith\MdToPdf\MdToPdf.csproj" (target "_CheckForInvalidConfigurationAndPlatform" depends on it):
       Task "CheckForDuplicateItems"
       Done executing task "CheckForDuplicateItems".
   1:7>Done building target "CheckForDuplicatePageItems" in project "MdToPdf.csproj".
   1:7>Target "CheckForInvalidUseUwpWinAppSDKOptions" in file "C:\Users\Tony\.nuget\packages\microsoft.windowsappsdk\1.6.250108002\buildTransitive\Microsoft.WinUI.targets" from project "C:\Users\Tony\.gemini\antigravity\scratch\marksmith\MdToPdf\MdToPdf.csproj" (target "_CheckForInvalidConfigurationAndPlatform" depends on it):
       Task "Error" skipped, due to false condition; ( '$(UseUwp)' == 'true'
                               and '$(EnableUnsafeMixedMicrosoftWindowsUIXamlProjections)' != 'true'
                               and '$(UseUwpTools)' != 'true') was evaluated as ( '' == 'true'
                               and 'false' != 'true'
                               and '' != 'true').
   1:7>Done building target "CheckForInvalidUseUwpWinAppSDKOptions" in project "MdToPdf.csproj".
   1:7>Target "CheckForInvalidCustomBeforeMicrosoftCommonTargets" in file "C:\Users\Tony\.nuget\packages\microsoft.windowsappsdk\1.6.250108002\buildTransitive\Microsoft.WinUI.targets" from project "C:\Users\Tony\.gemini\antigravity\scratch\marksmith\MdToPdf\MdToPdf.csproj" (target "_CheckForInvalidConfigurationAndPlatform" depends on it):
       Task "Error" skipped, due to false condition; ('$(_IsWinUICustomBeforeMicrosoftCommonTargetsChainValid)' != 'true') was evaluated as ('true' != 'true').
   1:7>Done building target "CheckForInvalidCustomBeforeMicrosoftCommonTargets" in project "MdToPdf.csproj".
       Target "CheckForDuplicateItems" skipped. Previously built successfully.
   1:7>Target "CheckForDuplicatePriItems" in file "C:\Users\Tony\.nuget\packages\microsoft.windowsappsdk\1.6.250108002\buildTransitive\Microsoft.Build.Msix.Pri.targets" from project "C:\Users\Tony\.gemini\antigravity\scratch\marksmith\MdToPdf\MdToPdf.csproj" (target "_CheckForInvalidConfigurationAndPlatform" depends on it):
       Task "CheckForDuplicateItems"
       Done executing task "CheckForDuplicateItems".
   1:7>Done building target "CheckForDuplicatePriItems" in project "MdToPdf.csproj".
       Target "ApplyImplicitVersions" skipped. Previously built successfully.
       Target "CheckForImplicitPackageReferenceOverrides" skipped. Previously built successfully.
       Target "CheckForDuplicateItems" skipped. Previously built successfully.
       Target "WarnForExplicitVersions" skipped, due to false condition; ('@(SdkBuildWarning)' != '') was evaluated as ('' != '').
       Target "_CheckForFailedSDKResolution" skipped, due to false condition; ('$(SdkResolverHonoredGlobalJson)' == 'false') was evaluated as ('' == 'false').
       Target "_WarnWhenUsingNET8AndVSPriorTo178" skipped, due to false condition; ($([MSBuild]::VersionLessThan($(MSBuildVersion), '17.8.0')) and '$(TargetFrameworkIdentifier)' == '.NETCoreApp' and $([MSBuild]::VersionGreaterThanOrEquals($(_TargetFrameworkVersionWithoutV), '8.0'))) was evaluated as (False and '.NETCoreApp' == '.NETCoreApp' and True).
       Target "_CheckForInvalidWindowsDesktopTargetingConfiguration" skipped, due to false condition; ('$(TargetFrameworkIdentifier)' == '.NETCoreApp' and $([MSBuild]::VersionGreaterThanOrEquals($(_TargetFrameworkVersionWithoutV), '5.0')) and ('$(UseWindowsForms)' == 'true' or '$(UseWPF)' == 'true')) was evaluated as ('.NETCoreApp' == '.NETCoreApp' and True and ('' == 'true' or '' == 'true')).
       Target "_CheckForUnnecessaryWindowsDesktopSDK" skipped, due to false condition; ('$(TargetFrameworkIdentifier)' == '.NETCoreApp' and $([MSBuild]::VersionGreaterThanOrEquals($(_TargetFrameworkVersionWithoutV), '5.0')) and '$(_MicrosoftWindowsDesktopSdkImported)' == 'true' and '$(TargetFrameworks)' == '') was evaluated as ('.NETCoreApp' == '.NETCoreApp' and True and '' == 'true' and '' == '').
       Target "ProcessFrameworkReferences" skipped. Previously built successfully.
       Target "IncludeTargetingPackReference" skipped, due to false condition; ('$(TargetFrameworkMoniker)' != '' and '$(TargetFrameworkIdentifier)' == '.NETFramework' and '$(AutomaticallyUseReferenceAssemblyPackages)' == 'true') was evaluated as ('.NETCoreApp,Version=v8.0' != '' and '.NETCoreApp' == '.NETFramework' and 'true' == 'true').
   1:7>Target "_CheckForInvalidConfigurationAndPlatform" in file "C:\Program Files\dotnet\sdk\8.0.423\Microsoft.Common.CurrentVersion.targets" from project "C:\Users\Tony\.gemini\antigravity\scratch\marksmith\MdToPdf\MdToPdf.csproj" (target "BeforeBuild" depends on it):
       Task "Error" skipped, due to false condition; ( '$(_InvalidConfigurationError)' == 'true' ) was evaluated as ( '' == 'true' ).
       Task "Warning" skipped, due to false condition; ( '$(_InvalidConfigurationWarning)' == 'true' ) was evaluated as ( '' == 'true' ).
       Task "Message"
         Configuration=Debug
       Done executing task "Message".
       Task "Message"
         Platform=x64
       Done executing task "Message".
       Task "Error" skipped, due to false condition; ('$(OutDir)' != '' and !HasTrailingSlash('$(OutDir)')) was evaluated as ('bin\x64\Debug\net8.0-windows10.0.19041.0\win-x64\' != '' and !HasTrailingSlash('bin\x64\Debug\net8.0-windows10.0.19041.0\win-x64\')).
       Task "Error" skipped, due to false condition; ('$(IntermediateOutputPath)' != '' and !HasTrailingSlash('$(IntermediateOutputPath)')) was evaluated as ('obj\x64\Debug\net8.0-windows10.0.19041.0\win-x64\' != '' and !HasTrailingSlash('obj\x64\Debug\net8.0-windows10.0.19041.0\win-x64\')).
       Task "Error" skipped, due to false condition; ('$(BaseIntermediateOutputPath)' != '' and !HasTrailingSlash('$(BaseIntermediateOutputPath)')) was evaluated as ('obj\' != '' and !HasTrailingSlash('obj\')).
       Task "MSBuildInternalMessage" skipped, due to false condition; ( '$(Prefer32Bit)' == 'true' and '$(PreferNativeArm64)' == 'true' ) was evaluated as ( 'false' == 'true' and '' == 'true' ).
       Task "MSBuildInternalMessage" skipped, due to false condition; ( '$(NoWin32Manifest)' == 'true' and '$(PreferNativeArm64)' == 'true' ) was evaluated as ( '' == 'true' and '' == 'true' ).
       Task "MSBuildInternalMessage" skipped, due to false condition; ( '$(PreferNativeArm64)' == 'true' and '$(Platform)' != 'AnyCPU' ) was evaluated as ( '' == 'true' and 'x64' != 'AnyCPU' ).
       Task "Error" skipped, due to false condition; ( '$(_InitialMSBuildProjectExtensionsPath)' != '' And '$(MSBuildProjectExtensionsPath)' != '$(_InitialMSBuildProjectExtensionsPath)' ) was evaluated as ( 'C:\Users\Tony\.gemini\antigravity\scratch\marksmith\MdToPdf\obj\' != '' And 'C:\Users\Tony\.gemini\antigravity\scratch\marksmith\MdToPdf\obj\' != 'C:\Users\Tony\.gemini\antigravity\scratch\marksmith\MdToPdf\obj\' ).
       Task "Warning" skipped, due to false condition; ( '$(EnableBaseIntermediateOutputPathMismatchWarning)' == 'true' And '$(_InitialBaseIntermediateOutputPath)' != '$(BaseIntermediateOutputPath)' And '$(BaseIntermediateOutputPath)' != '$(MSBuildProjectExtensionsPath)' ) was evaluated as ( 'true' == 'true' And 'obj\' != 'obj\' And 'obj\' != 'C:\Users\Tony\.gemini\antigravity\scratch\marksmith\MdToPdf\obj\' ).
   1:7>Done building target "_CheckForInvalidConfigurationAndPlatform" in project "MdToPdf.csproj".
   1:7>Target "ValidateCommandLineProperties" in file "C:\Program Files\dotnet\sdk\8.0.423\Sdks\Microsoft.NET.Sdk\targets\Microsoft.NET.Sdk.targets" from project "C:\Users\Tony\.gemini\antigravity\scratch\marksmith\MdToPdf\MdToPdf.csproj" (target "BeforeBuild" depends on it):
   1:7>Done building target "ValidateCommandLineProperties" in project "MdToPdf.csproj".
       Target "UpdatePackageVersion" skipped, due to false condition; ('$(InteractiveExperiencesVersion)'!='') was evaluated as (''!='').
   1:7>Target "BeforeBuild" in file "C:\Program Files\dotnet\sdk\8.0.423\Microsoft.Common.CurrentVersion.targets" from project "C:\Users\Tony\.gemini\antigravity\scratch\marksmith\MdToPdf\MdToPdf.csproj" (target "Build" depends on it):
   1:7>Done building target "BeforeBuild" in project "MdToPdf.csproj".
       Target "_CheckForBuildWithNoBuild" skipped, due to false condition; ('$(NoBuild)' == 'true' and '$(GeneratePackageOnBuild)' != 'true') was evaluated as ('' == 'true' and 'false' != 'true').
   1:7>Target "BuildOnlySettings" in file "C:\Program Files\dotnet\sdk\8.0.423\Microsoft.Common.CurrentVersion.targets" from project "C:\Users\Tony\.gemini\antigravity\scratch\marksmith\MdToPdf\MdToPdf.csproj" (target "CoreBuild" depends on it):
   1:7>Done building target "BuildOnlySettings" in project "MdToPdf.csproj".
       Target "WindowsAppSDKVerifyKitVersion" skipped, due to false condition; ('$(WindowsAppSDKVerifyKitVersion)'!='false' and '$(MicrosoftWindowsAppSDKChannel)'=='experimental' and '@(Midl)'!='') was evaluated as (''!='false' and 'stable'=='experimental' and ''!='').
       Target "_CheckForUnsupportedTargetFramework" skipped, due to false condition; ('$(_UnsupportedTargetFrameworkError)' == 'true') was evaluated as ('' == 'true').
   1:7>Target "GetFrameworkPaths" in file "C:\Program Files\dotnet\sdk\8.0.423\Sdks\Microsoft.NET.Sdk\targets\Microsoft.NET.DisableStandardFrameworkResolution.targets" from project "C:\Users\Tony\.gemini\antigravity\scratch\marksmith\MdToPdf\MdToPdf.csproj" (target "PrepareForBuild" depends on it):
   1:7>Done building target "GetFrameworkPaths" in project "MdToPdf.csproj".
       Target "_CheckForUnsupportedTargetFramework" skipped, due to false condition; ('$(_UnsupportedTargetFrameworkError)' == 'true') was evaluated as ('' == 'true').
   1:7>Target "GetReferenceAssemblyPaths" in file "C:\Program Files\dotnet\sdk\8.0.423\Sdks\Microsoft.NET.Sdk\targets\Microsoft.NET.DisableStandardFrameworkResolution.targets" from project "C:\Users\Tony\.gemini\antigravity\scratch\marksmith\MdToPdf\MdToPdf.csproj" (target "PrepareForBuild" depends on it):
   1:7>Done building target "GetReferenceAssemblyPaths" in project "MdToPdf.csproj".
       Target "AssignLinkMetadata" skipped, due to false condition; ( '$(SynthesizeLinkMetadata)' == 'true' ) was evaluated as ( '' == 'true' ).
   1:7>Target "_ValidateWindowsPackageType" in file "C:\Users\Tony\.nuget\packages\microsoft.windowsappsdk\1.6.250108002\buildTransitive\Microsoft.Build.Msix.Packaging.targets" from project "C:\Users\Tony\.gemini\antigravity\scratch\marksmith\MdToPdf\MdToPdf.csproj" (target "PrepareForBuild" depends on it):
       Task "Error" skipped, due to false condition; (!$(_ValidWindowsPackageTypes.Contains('$(WindowsPackageType)'))) was evaluated as (!True).
       Task "Error" skipped, due to false condition; ('$(WindowsPackageType)' == 'None' and '$(GenerateAppxPackageOnBuild)'=='true') was evaluated as ('None' == 'None' and 'false'=='true').
       Task "Error" skipped, due to false condition; ('$(WindowsPackageType)' == 'None' and '$(PublishAppxPackage)'=='true') was evaluated as ('None' == 'None' and 'false'=='true').
       Task "Error" skipped, due to false condition; ('$(WindowsPackageType)' == 'None' and '$(AppxPackage)'=='true') was evaluated as ('None' == 'None' and 'false'=='true').
       Task "Error" skipped, due to false condition; ('$(WindowsPackageType)' == 'None' and '@(AppxManifest)'!='') was evaluated as ('None' == 'None' and ''!='').
       Task "Error" skipped, due to false condition; ('$(WindowsPackageType)' != 'None' and '@(AppxManifest)'=='') was evaluated as ('None' != 'None' and ''=='').
   1:7>Done building target "_ValidateWindowsPackageType" in project "MdToPdf.csproj".
   1:7>Target "_CalculatePrepareMsixPackage" in file "C:\Users\Tony\.nuget\packages\microsoft.windowsappsdk\1.6.250108002\buildTransitive\Microsoft.Build.Msix.Packaging.targets" from project "C:\Users\Tony\.gemini\antigravity\scratch\marksmith\MdToPdf\MdToPdf.csproj" (target "PrepareForBuild" depends on it):
   1:7>Done building target "_CalculatePrepareMsixPackage" in project "MdToPdf.csproj".
       Target "ValidateWinUIPlatform" skipped, due to false condition; ('$(_WinUIPlatformTarget)' == 'ARM') was evaluated as ('x64' == 'ARM').
       Target "_VerifyPackReleaseConfigurations" skipped, due to false condition; ('$(_IsPacking)' == 'true' and '$(DOTNET_CLI_DISABLE_PUBLISH_AND_PACK_RELEASE)' != 'true' and '$(DOTNET_CLI_LAZY_PUBLISH_AND_PACK_RELEASE_FOR_SOLUTIONS)' == 'true') was evaluated as ('' == 'true' and '' != 'true' and '' == 'true').
   1:7>Target "PrepareForBuild" in file "C:\Program Files\dotnet\sdk\8.0.423\Microsoft.Common.CurrentVersion.targets" from project "C:\Users\Tony\.gemini\antigravity\scratch\marksmith\MdToPdf\MdToPdf.csproj" (target "CoreBuild" depends on it):
       Using "FindAppConfigFile" task from assembly "Microsoft.Build.Tasks.Core, Version=15.1.0.0, Culture=neutral, PublicKeyToken=b03f5f7f11d50a3a".
       Task "FindAppConfigFile"
       Done executing task "FindAppConfigFile".
       Using "MakeDir" task from assembly "Microsoft.Build.Tasks.Core, Version=15.1.0.0, Culture=neutral, PublicKeyToken=b03f5f7f11d50a3a".
       Task "MakeDir"
       Done executing task "MakeDir".
   1:7>Done building target "PrepareForBuild" in project "MdToPdf.csproj".
   1:7>Target "GenerateGlobalUsings" in file "C:\Program Files\dotnet\sdk\8.0.423\Sdks\Microsoft.NET.Sdk\targets\Microsoft.NET.GenerateGlobalUsings.targets" from project "C:\Users\Tony\.gemini\antigravity\scratch\marksmith\MdToPdf\MdToPdf.csproj" (target "CoreBuild" depends on it):
       Using "GenerateGlobalUsings" task from assembly "C:\Program Files\dotnet\sdk\8.0.423\Sdks\Microsoft.NET.Sdk\targets\..\tools\net8.0\Microsoft.NET.Build.Tasks.dll".
       Task "GenerateGlobalUsings"
       Done executing task "GenerateGlobalUsings".
       Using "WriteLinesToFile" task from assembly "Microsoft.Build.Tasks.Core, Version=15.1.0.0, Culture=neutral, PublicKeyToken=b03f5f7f11d50a3a".
       Task "WriteLinesToFile"
         Skipping write to file "obj\x64\Debug\net8.0-windows10.0.19041.0\win-x64\MdToPdf.GlobalUsings.g.cs" because content would not change.
       Done executing task "WriteLinesToFile".
   1:7>Done building target "GenerateGlobalUsings" in project "MdToPdf.csproj".
       Target "PreBuildEvent" skipped, due to false condition; ('$(PreBuildEvent)'!='') was evaluated as (''!='').
   1:7>Target "BeforeResolveReferences" in file "C:\Program Files\dotnet\sdk\8.0.423\Microsoft.Common.CurrentVersion.targets" from project "C:\Users\Tony\.gemini\antigravity\scratch\marksmith\MdToPdf\MdToPdf.csproj" (target "ResolveReferences" depends on it):
   1:7>Done building target "BeforeResolveReferences" in project "MdToPdf.csproj".
   1:7>Target "IgnoreJavaScriptOutputAssembly" in file "C:\Program Files\dotnet\sdk\8.0.423\Microsoft.Common.CurrentVersion.targets" from project "C:\Users\Tony\.gemini\antigravity\scratch\marksmith\MdToPdf\MdToPdf.csproj" (target "AssignProjectConfiguration" depends on it):
   1:7>Done building target "IgnoreJavaScriptOutputAssembly" in project "MdToPdf.csproj".
       Target "ProcessFrameworkReferences" skipped. Previously built successfully.
   1:7>Target "_DefaultMicrosoftNETPlatformLibrary" in file "C:\Program Files\dotnet\sdk\8.0.423\Sdks\Microsoft.NET.Sdk\targets\Microsoft.NET.Sdk.Shared.targets" from project "C:\Users\Tony\.gemini\antigravity\scratch\marksmith\MdToPdf\MdToPdf.csproj" (target "ResolvePackageAssets" depends on it):
   1:7>Done building target "_DefaultMicrosoftNETPlatformLibrary" in project "MdToPdf.csproj".
   1:7>Target "_ComputePackageReferencePublish" in file "C:\Program Files\dotnet\sdk\8.0.423\Sdks\Microsoft.NET.Sdk\targets\Microsoft.NET.Sdk.Shared.targets" from project "C:\Users\Tony\.gemini\antigravity\scratch\marksmith\MdToPdf\MdToPdf.csproj" (target "ResolvePackageAssets" depends on it):
   1:7>Done building target "_ComputePackageReferencePublish" in project "MdToPdf.csproj".
       Target "_ResolveCompilerVersion" skipped, due to false condition; ('$(CompilerApiVersion)' == '' And
                            ('$(Language)' == 'C#' Or '$(Language)' == 'VB') And
                            Exists('$(RoslynTargetsPath)\Microsoft.Build.Tasks.CodeAnalysis.dll')) was evaluated as ('roslyn4.11' == '' And
                            ('C#' == 'C#' Or 'C#' == 'VB') And
                            Exists('C:\Program Files\dotnet\sdk\8.0.423\Roslyn\Microsoft.Build.Tasks.CodeAnalysis.dll')).
   1:7>Target "ResolvePackageAssets" in file "C:\Program Files\dotnet\sdk\8.0.423\Sdks\Microsoft.NET.Sdk\targets\Microsoft.PackageDependencyResolution.targets" from project "C:\Users\Tony\.gemini\antigravity\scratch\marksmith\MdToPdf\MdToPdf.csproj" (target "ResolveLockFileReferences" depends on it):
       Using "ResolvePackageAssets" task from assembly "C:\Program Files\dotnet\sdk\8.0.423\Sdks\Microsoft.NET.Sdk\targets\..\tools\net8.0\Microsoft.NET.Build.Tasks.dll".
       Task "ResolvePackageAssets"
       Done executing task "ResolvePackageAssets".
   1:7>Done building target "ResolvePackageAssets" in project "MdToPdf.csproj".
       Target "AdjustDefaultPlatformTargetForNetFrameworkExeWithNoNativeCopyLocalItems" skipped, due to false condition; ('$(_UsingDefaultPlatformTarget)' == 'true' and
                            '$(_UsingDefaultRuntimeIdentifier)' == 'true') was evaluated as ('true' == 'true' and
                            '' == 'true').
   1:7>Target "_UpdateMuiFilesAfterNugetRestore" in file "C:\Users\Tony\.nuget\packages\microsoft.windowsappsdk\1.6.250108002\buildTransitive\Microsoft.WinUI.AppX.targets" from project "C:\Users\Tony\.gemini\antigravity\scratch\marksmith\MdToPdf\MdToPdf.csproj" (target "ResolveLockFileReferences" depends on it):
   1:7>Done building target "_UpdateMuiFilesAfterNugetRestore" in project "MdToPdf.csproj".
       Target "_CheckForTransitiveWindowsDesktopDependencies" skipped, due to false condition; ('$(TargetFrameworkIdentifier)' == '.NETCoreApp' and $([MSBuild]::VersionGreaterThanOrEquals($(_TargetFrameworkVersionWithoutV), '5.0')) and '$(TargetPlatformIdentifier)' != 'Windows' and '@(TransitiveFrameworkReference)' != '') was evaluated as ('.NETCoreApp' == '.NETCoreApp' and True and 'Windows' != 'Windows' and '' != '').
       Target "AddTransitiveFrameworkReferences" skipped, due to false condition; ('@(TransitiveFrameworkReference)' != '') was evaluated as ('' != '').
       Target "_WarnForUnsupportedUseUwpFeatureEnabled" skipped, due to false condition; ( '$(IncludeWindowsSDKRefFrameworkReferences)' == 'true'
                             and '$(UseUwp)' == 'true') was evaluated as ( 'true' == 'true'
                             and '' == 'true').
   1:7>Target "ResolveLockFileReferences" in file "C:\Program Files\dotnet\sdk\8.0.423\Sdks\Microsoft.NET.Sdk\targets\Microsoft.PackageDependencyResolution.targets" from project "C:\Users\Tony\.gemini\antigravity\scratch\marksmith\MdToPdf\MdToPdf.csproj" (target "ResolvePackageDependenciesForBuild" depends on it):
       Using "JoinItems" task from assembly "C:\Program Files\dotnet\sdk\8.0.423\Sdks\Microsoft.NET.Sdk\targets\..\tools\net8.0\Microsoft.NET.Build.Tasks.dll".
       Task "JoinItems"
       Done executing task "JoinItems".
   1:7>Done building target "ResolveLockFileReferences" in project "MdToPdf.csproj".
       Target "ResolvePackageAssets" skipped. Previously built successfully.
   1:7>Target "ResolveLockFileAnalyzers" in file "C:\Program Files\dotnet\sdk\8.0.423\Sdks\Microsoft.NET.Sdk\targets\Microsoft.PackageDependencyResolution.targets" from project "C:\Users\Tony\.gemini\antigravity\scratch\marksmith\MdToPdf\MdToPdf.csproj" (target "ResolvePackageDependenciesForBuild" depends on it):
   1:7>Done building target "ResolveLockFileAnalyzers" in project "MdToPdf.csproj".
       Target "ResolvePackageAssets" skipped. Previously built successfully.
       Target "RunProduceContentAssets" skipped, due to false condition; ('@(_ContentFilesToPreprocess)' != '' and '$(_CleaningWithoutRebuilding)' != 'true') was evaluated as ('' != '' and '' != 'true').
   1:7>Target "ResolveLockFileCopyLocalFiles" in file "C:\Program Files\dotnet\sdk\8.0.423\Sdks\Microsoft.NET.Sdk\targets\Microsoft.PackageDependencyResolution.targets" from project "C:\Users\Tony\.gemini\antigravity\scratch\marksmith\MdToPdf\MdToPdf.csproj" (target "ResolvePackageDependenciesForBuild" depends on it):
   1:7>Done building target "ResolveLockFileCopyLocalFiles" in project "MdToPdf.csproj".
       Target "ProcessFrameworkReferences" skipped. Previously built successfully.
       Target "ResolvePackageAssets" skipped. Previously built successfully.
   1:7>Target "ResolveFrameworkReferences" in file "C:\Program Files\dotnet\sdk\8.0.423\Sdks\Microsoft.NET.Sdk\targets\Microsoft.NET.Sdk.FrameworkReferenceResolution.targets" from project "C:\Users\Tony\.gemini\antigravity\scratch\marksmith\MdToPdf\MdToPdf.csproj" (target "ResolveRuntimePackAssets" depends on it):
       Using "GetPackageDirectory" task from assembly "C:\Program Files\dotnet\sdk\8.0.423\Sdks\Microsoft.NET.Sdk\targets\..\tools\net8.0\Microsoft.NET.Build.Tasks.dll".
       Task "GetPackageDirectory"
       Done executing task "GetPackageDirectory".
       Task "GetPackageDirectory"
       Done executing task "GetPackageDirectory".
       Task "GetPackageDirectory"
       Done executing task "GetPackageDirectory".
       Task "GetPackageDirectory"
       Done executing task "GetPackageDirectory".
       Task "GetPackageDirectory"
       Done executing task "GetPackageDirectory".
       Task "GetPackageDirectory"
       Done executing task "GetPackageDirectory".
       Task "GetPackageDirectory"
       Done executing task "GetPackageDirectory".
       Task "GetPackageDirectory"
       Done executing task "GetPackageDirectory".
       Task "GetPackageDirectory"
       Done executing task "GetPackageDirectory".
       Task "GetPackageDirectory"
       Done executing task "GetPackageDirectory".
       Using "ResolveFrameworkReferences" task from assembly "C:\Program Files\dotnet\sdk\8.0.423\Sdks\Microsoft.NET.Sdk\targets\..\tools\net8.0\Microsoft.NET.Build.Tasks.dll".
       Task "ResolveFrameworkReferences"
       Done executing task "ResolveFrameworkReferences".
   1:7>Done building target "ResolveFrameworkReferences" in project "MdToPdf.csproj".
   1:7>Target "ResolveRuntimePackAssets" in file "C:\Program Files\dotnet\sdk\8.0.423\Sdks\Microsoft.NET.Sdk\targets\Microsoft.NET.Sdk.FrameworkReferenceResolution.targets" from project "C:\Users\Tony\.gemini\antigravity\scratch\marksmith\MdToPdf\MdToPdf.csproj" (target "ResolvePackageDependenciesForBuild" depends on it):
       Using "ResolveRuntimePackAssets" task from assembly "C:\Program Files\dotnet\sdk\8.0.423\Sdks\Microsoft.NET.Sdk\targets\..\tools\net8.0\Microsoft.NET.Build.Tasks.dll".
       Task "ResolveRuntimePackAssets"
       Done executing task "ResolveRuntimePackAssets".
   1:7>Done building target "ResolveRuntimePackAssets" in project "MdToPdf.csproj".
       Target "RunProduceContentAssets" skipped, due to false condition; ('@(_ContentFilesToPreprocess)' != '' and '$(_CleaningWithoutRebuilding)' != 'true') was evaluated as ('' != '' and '' != 'true').
       Target "ResolvePackageAssets" skipped. Previously built successfully.
   1:7>Target "IncludeTransitiveProjectReferences" in file "C:\Program Files\dotnet\sdk\8.0.423\Sdks\Microsoft.NET.Sdk\targets\Microsoft.PackageDependencyResolution.targets" from project "C:\Users\Tony\.gemini\antigravity\scratch\marksmith\MdToPdf\MdToPdf.csproj" (target "ResolvePackageDependenciesForBuild" depends on it):
   1:7>Done building target "IncludeTransitiveProjectReferences" in project "MdToPdf.csproj".
   1:7>Target "ResolvePackageDependenciesForBuild" in file "C:\Program Files\dotnet\sdk\8.0.423\Sdks\Microsoft.NET.Sdk\targets\Microsoft.PackageDependencyResolution.targets" from project "C:\Users\Tony\.gemini\antigravity\scratch\marksmith\MdToPdf\MdToPdf.csproj" (target "AssignProjectConfiguration" depends on it):
   1:7>Done building target "ResolvePackageDependenciesForBuild" in project "MdToPdf.csproj".
       Target "MVVMToolkitRemoveAnalyzersForRosynNotFound" skipped, due to false condition; ('$(CSharpCoreTargetsPath)' == '') was evaluated as ('C:\Program Files\dotnet\sdk\8.0.423\Roslyn\Microsoft.CSharp.Core.targets' == '').
   1:7>Target "MVVMToolkitGatherAnalyzers" in file "C:\Users\Tony\.nuget\packages\communitytoolkit.mvvm\8.3.2\buildTransitive\CommunityToolkit.Mvvm.SourceGenerators.targets" from project "C:\Users\Tony\.gemini\antigravity\scratch\marksmith\MdToPdf\MdToPdf.csproj" (target "MVVMToolkitRemoveAnalyzersForRoslyn3" depends on it):
   1:7>Done building target "MVVMToolkitGatherAnalyzers" in project "MdToPdf.csproj".
   1:7>Target "MVVMToolkitRemoveAnalyzersForRoslyn3" in file "C:\Users\Tony\.nuget\packages\communitytoolkit.mvvm\8.3.2\buildTransitive\CommunityToolkit.Mvvm.SourceGenerators.targets" from project "C:\Users\Tony\.gemini\antigravity\scratch\marksmith\MdToPdf\MdToPdf.csproj" (target "AssignProjectConfiguration" depends on it):
       Using "GetAssemblyIdentity" task from assembly "Microsoft.Build.Tasks.Core, Version=15.1.0.0, Culture=neutral, PublicKeyToken=b03f5f7f11d50a3a".
       Task "GetAssemblyIdentity"
       Done executing task "GetAssemblyIdentity".
       Task "Warning" skipped, due to false condition; ('$(MVVMToolkitCurrentCompilerVersionIsNotNewEnough)' == 'true') was evaluated as ('' == 'true').
   1:7>Done building target "MVVMToolkitRemoveAnalyzersForRoslyn3" in project "MdToPdf.csproj".
       Target "MVVMToolkitRemoveDuplicateAnalyzersWhenRoslynComponentVersioningIsNotSupported" skipped, due to false condition; ('$(MVVMToolkitIsManualRoslynMultiTargetingLogicNeeded)' == 'true') was evaluated as ('' == 'true').
       Target "MVVMToolkitWarnForPackagesConfigUse" skipped, due to false condition; ('$(UsingMicrosoftNetSDK)' != 'true') was evaluated as ('true' != 'true').
   1:7>Target "AssignProjectConfiguration" in file "C:\Program Files\dotnet\sdk\8.0.423\Microsoft.Common.CurrentVersion.targets" from project "C:\Users\Tony\.gemini\antigravity\scratch\marksmith\MdToPdf\MdToPdf.csproj" (target "ResolveReferences" depends on it):
       Using "AssignProjectConfiguration" task from assembly "Microsoft.Build.Tasks.Core, Version=15.1.0.0, Culture=neutral, PublicKeyToken=b03f5f7f11d50a3a".
       Task "AssignProjectConfiguration"
         Project reference "..\MdToPdf.Core\MdToPdf.Core.csproj" has not been resolved.
       Done executing task "AssignProjectConfiguration".
   1:7>Done building target "AssignProjectConfiguration" in project "MdToPdf.csproj".
       Target "AssignProjectConfiguration" skipped. Previously built successfully.
   1:7>Target "_SplitProjectReferencesByFileExistence" in file "C:\Program Files\dotnet\sdk\8.0.423\Microsoft.Common.CurrentVersion.targets" from project "C:\Users\Tony\.gemini\antigravity\scratch\marksmith\MdToPdf\MdToPdf.csproj" (target "PrepareProjectReferences" depends on it):
       Task "ResolveNonMSBuildProjectOutput" skipped, due to false condition; ('$(BuildingInsideVisualStudio)'=='true' and '@(ProjectReferenceWithConfiguration)'!='') was evaluated as (''=='true' and '..\MdToPdf.Core\MdToPdf.Core.csproj'!='').
   1:7>Done building target "_SplitProjectReferencesByFileExistence" in project "MdToPdf.csproj".
   1:7>Target "_AddOutputPathToGlobalPropertiesToRemove" in file "C:\Program Files\dotnet\sdk\8.0.423\Microsoft.Common.CurrentVersion.targets" from project "C:\Users\Tony\.gemini\antigravity\scratch\marksmith\MdToPdf\MdToPdf.csproj" (target "_GetProjectReferenceTargetFrameworkProperties" depends on it):
   1:7>Done building target "_AddOutputPathToGlobalPropertiesToRemove" in project "MdToPdf.csproj".
   1:7>Target "_GetProjectReferenceTargetFrameworkProperties" in file "C:\Program Files\dotnet\sdk\8.0.423\Microsoft.Common.CurrentVersion.targets" from project "C:\Users\Tony\.gemini\antigravity\scratch\marksmith\MdToPdf\MdToPdf.csproj" (target "PrepareProjectReferences" depends on it):
       Task "MSBuild"
         Removing Properties:
           TargetFramework
           RuntimeIdentifier
           SelfContained
     0>Property 'MSBuildExtensionsPath' with value 'C:\Program Files\dotnet\sdk\8.0.423\' expanded from the environment.
       Property reassignment: $(MSBuildProjectExtensionsPath)="C:\Users\Tony\.gemini\antigravity\scratch\marksmith\MdToPdf.Core\obj\" (previous value: "obj\") at C:\Program Files\dotnet\sdk\8.0.423\Current\Microsoft.Common.props (60,5)
       Property 'USERPROFILE' with value 'C:\Users\Tony' expanded from the environment.
       Property 'MSBuildUserExtensionsPath' with value 'C:\Users\Tony\AppData\Local\Microsoft\MSBuild' expanded from the environment.
       Property reassignment: $(AssemblySearchPaths)="{CandidateAssemblyFiles};{HintPathFromItem}" (previous value: "{CandidateAssemblyFiles}") at C:\Program Files\dotnet\sdk\8.0.423\Sdks\Microsoft.NET.Sdk\targets\Microsoft.NET.Sdk.props (91,5)
       Property reassignment: $(AssemblySearchPaths)="{CandidateAssemblyFiles};{HintPathFromItem};{TargetFrameworkDirectory}" (previous value: "{CandidateAssemblyFiles};{HintPathFromItem}") at C:\Program Files\dotnet\sdk\8.0.423\Sdks\Microsoft.NET.Sdk\targets\Microsoft.NET.Sdk.props (92,5)
       Property reassignment: $(AssemblySearchPaths)="{CandidateAssemblyFiles};{HintPathFromItem};{TargetFrameworkDirectory};{RawFileName}" (previous value: "{CandidateAssemblyFiles};{HintPathFromItem};{TargetFrameworkDirectory}") at C:\Program Files\dotnet\sdk\8.0.423\Sdks\Microsoft.NET.Sdk\targets\Microsoft.NET.Sdk.props (93,5)
       Property reassignment: $(TargetsForTfmSpecificContentInPackage)=";PackTool;_PackProjectToolValidation" (previous value: ";PackTool") at C:\Program Files\dotnet\sdk\8.0.423\Sdks\Microsoft.NET.Sdk\targets\Microsoft.NET.PackProjectTool.props (15,5)
       Property reassignment: $(RootNamespace)="MdToPdf" (previous value: "MdToPdf.Core") at C:\Users\Tony\.gemini\antigravity\scratch\marksmith\MdToPdf.Core\MdToPdf.Core.csproj (9,5)
       Property reassignment: $(PublishProfileImported)="false" (previous value: "true") at C:\Program Files\dotnet\sdk\8.0.423\Sdks\Microsoft.NET.Sdk\targets\Microsoft.NET.Sdk.ImportPublishProfile.targets (28,5)
       Property reassignment: $(TargetPlatformVersion)="" (previous value: "0.0") at C:\Program Files\dotnet\sdk\8.0.423\Sdks\Microsoft.NET.Sdk\targets\Microsoft.NET.TargetFrameworkInference.targets (69,5)
       Property reassignment: $(DefaultItemExcludes)=";bin\Debug\/**;obj\Debug\/**" (previous value: ";bin\Debug\/**") at C:\Program Files\dotnet\sdk\8.0.423\Sdks\Microsoft.NET.Sdk\targets\Microsoft.NET.DefaultOutputPaths.targets (122,5)
       Property reassignment: $(OutputPath)="bin\Debug\net8.0\" (previous value: "bin\Debug\") at C:\Program Files\dotnet\sdk\8.0.423\Sdks\Microsoft.NET.Sdk\targets\Microsoft.NET.DefaultOutputPaths.targets (137,5)
       Property reassignment: $(IntermediateOutputPath)="obj\Debug\net8.0\" (previous value: "obj\Debug\") at C:\Program Files\dotnet\sdk\8.0.423\Sdks\Microsoft.NET.Sdk\targets\Microsoft.NET.DefaultOutputPaths.targets (142,5)
       Property reassignment: $(_FrameworkIdentifierForImplicitDefine)="NET" (previous value: "NETCOREAPP") at C:\Program Files\dotnet\sdk\8.0.423\Sdks\Microsoft.NET.Sdk\targets\Microsoft.NET.Sdk.BeforeCommon.targets (187,5)
       Property reassignment: $(_FrameworkVersionForImplicitDefine)="8_0" (previous value: "8.0") at C:\Program Files\dotnet\sdk\8.0.423\Sdks\Microsoft.NET.Sdk\targets\Microsoft.NET.Sdk.BeforeCommon.targets (192,5)
       Property reassignment: $(CommandLineArgsForDesignTimeEvaluation)="-langversion:latest -define:TRACE" (previous value: "-langversion:latest") at C:\Program Files\dotnet\sdk\8.0.423\Roslyn\Microsoft.CSharp.Core.targets (200,5)
       Property reassignment: $(_DebugSymbolsProduced)="true" (previous value: "false") at C:\Program Files\dotnet\sdk\8.0.423\Microsoft.Common.CurrentVersion.targets (175,5)
       Property reassignment: $(_DocumentationFileProduced)="false" (previous value: "true") at C:\Program Files\dotnet\sdk\8.0.423\Microsoft.Common.CurrentVersion.targets (185,5)
       Property reassignment: $(MSBuildCopyMarkerName)="MdToPdf..A84DC3B6" (previous value: "MdToPdf.Core.csproj") at C:\Program Files\dotnet\sdk\8.0.423\Microsoft.Common.CurrentVersion.targets (392,5)
       Property reassignment: $(MSBuildCopyMarkerName)="MdToPdf..A84DC3B6.Up2Date" (previous value: "MdToPdf..A84DC3B6") at C:\Program Files\dotnet\sdk\8.0.423\Microsoft.Common.CurrentVersion.targets (393,5)
       Property reassignment: $(ProcessorArchitecture)="msil" (previous value: "") at C:\Program Files\dotnet\sdk\8.0.423\Microsoft.Common.CurrentVersion.targets (541,5)
       Property reassignment: $(DelaySign)="" (previous value: "false") at C:\Program Files\dotnet\sdk\8.0.423\Microsoft.Common.CurrentVersion.targets (580,5)
       Property 'LOCALAPPDATA' with value 'C:\Users\Tony\AppData\Local' expanded from the environment.
       Property reassignment: $(_SGenGenerateSerializationAssembliesConfig)="Auto" (previous value: "") at C:\Program Files\dotnet\sdk\8.0.423\Microsoft.Common.CurrentVersion.targets (3896,5)
       Property reassignment: $(_SGenGenerateSerializationAssembliesConfig)="Off" (previous value: "Auto") at C:\Program Files\dotnet\sdk\8.0.423\Microsoft.Common.CurrentVersion.targets (3897,5)
       Property reassignment: $(_TargetsThatPrepareProjectReferences)="
             AssignProjectConfiguration;
             _SplitProjectReferencesByFileExistence
           " (previous value: "_SplitProjectReferencesByFileExistence") at C:\Program Files\dotnet\sdk\8.0.423\Microsoft.Common.CurrentVersion.targets (5099,5)
       Property 'MSBuildExtensionsPath32' with value 'C:\Program Files\dotnet\sdk\8.0.423' expanded from the environment.
       Property reassignment: $(ProjectAssetsCacheFile)="C:\Users\Tony\.gemini\antigravity\scratch\marksmith\MdToPdf.Core\obj\Debug\net8.0\MdToPdf.Core.assets.cache" (previous value: "obj\Debug\net8.0\MdToPdf.Core.assets.cache") at C:\Program Files\dotnet\sdk\8.0.423\Sdks\Microsoft.NET.Sdk\targets\Microsoft.PackageDependencyResolution.targets (29,5)
       Property reassignment: $(ResolveAssemblyReferencesDependsOn)="
             
             ResolveProjectReferences;
             FindInvalidProjectReferences;
             GetFrameworkPaths;
             GetReferenceAssemblyPaths;
             PrepareForBuild;
             ResolveSDKReferences;
             ExpandSDKReferences;
           ;
             ResolvePackageDependenciesForBuild;
             _HandlePackageFileConflicts;
           " (previous value: "
             ResolveProjectReferences;
             FindInvalidProjectReferences;
             GetFrameworkPaths;
             GetReferenceAssemblyPaths;
             PrepareForBuild;
             ResolveSDKReferences;
             ExpandSDKReferences;
           ") at C:\Program Files\dotnet\sdk\8.0.423\Sdks\Microsoft.NET.Sdk\targets\Microsoft.PackageDependencyResolution.targets (80,5)
       Property reassignment: $(PrepareResourcesDependsOn)="
             ResolvePackageDependenciesForBuild;
             _HandlePackageFileConflicts;
             
             ;
             PrepareResourceNames;
             ResGen;
             CompileLicxFiles
           
           " (previous value: "
             ;
             PrepareResourceNames;
             ResGen;
             CompileLicxFiles
           ") at C:\Program Files\dotnet\sdk\8.0.423\Sdks\Microsoft.NET.Sdk\targets\Microsoft.PackageDependencyResolution.targets (86,5)
       Property reassignment: $(DefaultItemExcludes)=";bin\Debug\/**;obj\Debug\/**;bin\/**" (previous value: ";bin\Debug\/**;obj\Debug\/**") at C:\Program Files\dotnet\sdk\8.0.423\Sdks\Microsoft.NET.Sdk\targets\Microsoft.NET.Sdk.DefaultItems.targets (27,5)
       Property reassignment: $(DefaultItemExcludes)=";bin\Debug\/**;obj\Debug\/**;bin\/**;obj\/**" (previous value: ";bin\Debug\/**;obj\Debug\/**;bin\/**") at C:\Program Files\dotnet\sdk\8.0.423\Sdks\Microsoft.NET.Sdk\targets\Microsoft.NET.Sdk.DefaultItems.targets (29,5)
       Property reassignment: $(DefaultItemExcludes)=";bin\Debug\/**;obj\Debug\/**;bin\/**;obj\/**;**/*.user" (previous value: ";bin\Debug\/**;obj\Debug\/**;bin\/**;obj\/**") at C:\Program Files\dotnet\sdk\8.0.423\Sdks\Microsoft.NET.Sdk\targets\Microsoft.NET.Sdk.DefaultItems.targets (32,5)
       Property reassignment: $(DefaultItemExcludes)=";bin\Debug\/**;obj\Debug\/**;bin\/**;obj\/**;**/*.user;**/*.*proj" (previous value: ";bin\Debug\/**;obj\Debug\/**;bin\/**;obj\/**;**/*.user") at C:\Program Files\dotnet\sdk\8.0.423\Sdks\Microsoft.NET.Sdk\targets\Microsoft.NET.Sdk.DefaultItems.targets (33,5)
       Property reassignment: $(DefaultItemExcludes)=";bin\Debug\/**;obj\Debug\/**;bin\/**;obj\/**;**/*.user;**/*.*proj;**/*.sln" (previous value: ";bin\Debug\/**;obj\Debug\/**;bin\/**;obj\/**;**/*.user;**/*.*proj") at C:\Program Files\dotnet\sdk\8.0.423\Sdks\Microsoft.NET.Sdk\targets\Microsoft.NET.Sdk.DefaultItems.targets (34,5)
       Property reassignment: $(DefaultItemExcludes)=";bin\Debug\/**;obj\Debug\/**;bin\/**;obj\/**;**/*.user;**/*.*proj;**/*.sln;**/*.vssscc" (previous value: ";bin\Debug\/**;obj\Debug\/**;bin\/**;obj\/**;**/*.user;**/*.*proj;**/*.sln") at C:\Program Files\dotnet\sdk\8.0.423\Sdks\Microsoft.NET.Sdk\targets\Microsoft.NET.Sdk.DefaultItems.targets (35,5)
       Property reassignment: $(DefaultItemExcludes)=";bin\Debug\/**;obj\Debug\/**;bin\/**;obj\/**;**/*.user;**/*.*proj;**/*.sln;**/*.vssscc;**/.DS_Store" (previous value: ";bin\Debug\/**;obj\Debug\/**;bin\/**;obj\/**;**/*.user;**/*.*proj;**/*.sln;**/*.vssscc") at C:\Program Files\dotnet\sdk\8.0.423\Sdks\Microsoft.NET.Sdk\targets\Microsoft.NET.Sdk.DefaultItems.targets (36,5)
       Property reassignment: $(ResolveAssemblyReferencesDependsOn)="
             
             
             ResolveProjectReferences;
             FindInvalidProjectReferences;
             GetFrameworkPaths;
             GetReferenceAssemblyPaths;
             PrepareForBuild;
             ResolveSDKReferences;
             ExpandSDKReferences;
           ;
             ResolvePackageDependenciesForBuild;
             _HandlePackageFileConflicts;
           ;
             ResolveTargetingPackAssets;
           " (previous value: "
             
             ResolveProjectReferences;
             FindInvalidProjectReferences;
             GetFrameworkPaths;
             GetReferenceAssemblyPaths;
             PrepareForBuild;
             ResolveSDKReferences;
             ExpandSDKReferences;
           ;
             ResolvePackageDependenciesForBuild;
             _HandlePackageFileConflicts;
           ") at C:\Program Files\dotnet\sdk\8.0.423\Sdks\Microsoft.NET.Sdk\targets\Microsoft.NET.Sdk.FrameworkReferenceResolution.targets (14,5)
       Property reassignment: $(_GenerateRuntimeConfigurationPropertyInputsCache)="C:\Users\Tony\.gemini\antigravity\scratch\marksmith\MdToPdf.Core\obj\Debug\net8.0\MdToPdf.Core.genruntimeconfig.cache" (previous value: "obj\Debug\net8.0\MdToPdf.Core.genruntimeconfig.cache") at C:\Program Files\dotnet\sdk\8.0.423\Sdks\Microsoft.NET.Sdk\targets\Microsoft.NET.Sdk.targets (44,5)
       Property reassignment: $(_GeneratePublishDependencyFilePropertyInputsCache)="C:\Users\Tony\.gemini\antigravity\scratch\marksmith\MdToPdf.Core\obj\Debug\net8.0\MdToPdf.Core.genpublishdeps.cache" (previous value: "obj\Debug\net8.0\MdToPdf.Core.genpublishdeps.cache") at C:\Program Files\dotnet\sdk\8.0.423\Sdks\Microsoft.NET.Sdk\targets\Microsoft.NET.Sdk.targets (46,5)
       Property reassignment: $(_GenerateSingleFileBundlePropertyInputsCache)="C:\Users\Tony\.gemini\antigravity\scratch\marksmith\MdToPdf.Core\obj\Debug\net8.0\MdToPdf.Core.genbundle.cache" (previous value: "obj\Debug\net8.0\MdToPdf.Core.genbundle.cache") at C:\Program Files\dotnet\sdk\8.0.423\Sdks\Microsoft.NET.Sdk\targets\Microsoft.NET.Sdk.targets (48,5)
       Property reassignment: $(GenerateRuntimeConfigDevFile)="false" (previous value: "true") at C:\Program Files\dotnet\sdk\8.0.423\Sdks\Microsoft.NET.Sdk\targets\Microsoft.NET.Sdk.targets (81,5)
       Property reassignment: $(_DefaultUserProfileRuntimeStorePath)="C:\Users\Tony" (previous value: "") at C:\Program Files\dotnet\sdk\8.0.423\Sdks\Microsoft.NET.Sdk\targets\Microsoft.NET.Sdk.targets (97,5)
       Property reassignment: $(_DefaultUserProfileRuntimeStorePath)="C:\Users\Tony\.dotnet\store" (previous value: "C:\Users\Tony") at C:\Program Files\dotnet\sdk\8.0.423\Sdks\Microsoft.NET.Sdk\targets\Microsoft.NET.Sdk.targets (98,5)
       Property reassignment: $(AvailablePlatforms)="Any CPU,x86,x64,ARM32" (previous value: "Any CPU,x86,x64") at C:\Program Files\dotnet\sdk\8.0.423\Sdks\Microsoft.NET.Sdk\targets\Microsoft.NET.Sdk.targets (136,5)
       Property reassignment: $(AvailablePlatforms)="Any CPU,x86,x64,ARM32,ARM64" (previous value: "Any CPU,x86,x64,ARM32") at C:\Program Files\dotnet\sdk\8.0.423\Sdks\Microsoft.NET.Sdk\targets\Microsoft.NET.Sdk.targets (140,5)
       Property reassignment: $(CoreBuildDependsOn)="
             _CheckForBuildWithNoBuild;
             
             BuildOnlySettings;
             PrepareForBuild;
             PreBuildEvent;
             ResolveReferences;
             PrepareResources;
             ResolveKeySource;
             Compile;
             ExportWindowsMDFile;
             UnmanagedUnregistration;
             GenerateSerializationAssemblies;
             CreateSatelliteAssemblies;
             GenerateManifests;
             GetTargetPath;
             PrepareForRun;
             UnmanagedRegistration;
             IncrementalClean;
             PostBuildEvent
           ;
             GenerateBuildDependencyFile;
             GenerateBuildRuntimeConfigurationFiles
           " (previous value: "
             BuildOnlySettings;
             PrepareForBuild;
             PreBuildEvent;
             ResolveReferences;
             PrepareResources;
             ResolveKeySource;
             Compile;
             ExportWindowsMDFile;
             UnmanagedUnregistration;
             GenerateSerializationAssemblies;
             CreateSatelliteAssemblies;
             GenerateManifests;
             GetTargetPath;
             PrepareForRun;
             UnmanagedRegistration;
             IncrementalClean;
             PostBuildEvent
           ") at C:\Program Files\dotnet\sdk\8.0.423\Sdks\Microsoft.NET.Sdk\targets\Microsoft.NET.Sdk.targets (197,5)
       Property reassignment: $(CoreCleanDependsOn)="
             _SdkBeforeClean;
             
           " (previous value: "") at C:\Program Files\dotnet\sdk\8.0.423\Sdks\Microsoft.NET.Sdk\targets\Microsoft.NET.Sdk.targets (206,5)
       Property reassignment: $(RebuildDependsOn)="
             _SdkBeforeRebuild;
             
             BeforeRebuild;
             Clean;
             Build;
             AfterRebuild;
           
           " (previous value: "
             BeforeRebuild;
             Clean;
             Build;
             AfterRebuild;
           ") at C:\Program Files\dotnet\sdk\8.0.423\Sdks\Microsoft.NET.Sdk\targets\Microsoft.NET.Sdk.targets (213,5)
       Property reassignment: $(CompileDependsOn)="
             
             ResolveReferences;
             ResolveKeySource;
             SetWin32ManifestProperties;
             _SetPreferNativeArm64Win32ManifestProperties;
             FindReferenceAssembliesForReferences;
             _GenerateCompileInputs;
             BeforeCompile;
             _TimeStampBeforeCompile;
             _GenerateCompileDependencyCache;
             CoreCompile;
             _TimeStampAfterCompile;
             AfterCompile;
           ;
             _CreateAppHost;
             _CreateComHost;
             _GetIjwHostPaths;
           " (previous value: "
             ResolveReferences;
             ResolveKeySource;
             SetWin32ManifestProperties;
             _SetPreferNativeArm64Win32ManifestProperties;
             FindReferenceAssembliesForReferences;
             _GenerateCompileInputs;
             BeforeCompile;
             _TimeStampBeforeCompile;
             _GenerateCompileDependencyCache;
             CoreCompile;
             _TimeStampAfterCompile;
             AfterCompile;
           ") at C:\Program Files\dotnet\sdk\8.0.423\Sdks\Microsoft.NET.Sdk\targets\Microsoft.NET.Sdk.targets (679,5)
       Property reassignment: $(CreateSatelliteAssembliesDependsOn)="
             
             ;
             _GenerateSatelliteAssemblyInputs;
             ComputeIntermediateSatelliteAssemblies;
             GenerateSatelliteAssemblies
           ;
             CoreGenerateSatelliteAssemblies
           " (previous value: "
             ;
             _GenerateSatelliteAssemblyInputs;
             ComputeIntermediateSatelliteAssemblies;
             GenerateSatelliteAssemblies
           ") at C:\Program Files\dotnet\sdk\8.0.423\Sdks\Microsoft.NET.Sdk\targets\Microsoft.NET.Sdk.targets (1065,5)
       Property reassignment: $(SourceLinkUrlInitializerTargets)=";_InitializeGitHubSourceLinkUrl;_InitializeGitLabSourceLinkUrl" (previous value: ";_InitializeGitHubSourceLinkUrl") at C:\Program Files\dotnet\sdk\8.0.423\Sdks\Microsoft.SourceLink.GitLab\build\Microsoft.SourceLink.GitLab.targets (12,5)
       Property reassignment: $(SourceControlManagerUrlTranslationTargets)=";TranslateGitHubUrlsInSourceControlInformation;TranslateGitLabUrlsInSourceControlInformation" (previous value: ";TranslateGitHubUrlsInSourceControlInformation") at C:\Program Files\dotnet\sdk\8.0.423\Sdks\Microsoft.SourceLink.GitLab\build\Microsoft.SourceLink.GitLab.targets (13,5)
       Property reassignment: $(SourceLinkUrlInitializerTargets)=";_InitializeGitHubSourceLinkUrl;_InitializeGitLabSourceLinkUrl;_InitializeAzureReposGitSourceLinkUrl" (previous value: ";_InitializeGitHubSourceLinkUrl;_InitializeGitLabSourceLinkUrl") at C:\Program Files\dotnet\sdk\8.0.423\Sdks\Microsoft.SourceLink.AzureRepos.Git\build\Microsoft.SourceLink.AzureRepos.Git.targets (12,5)
       Property reassignment: $(SourceControlManagerUrlTranslationTargets)=";TranslateGitHubUrlsInSourceControlInformation;TranslateGitLabUrlsInSourceControlInformation;TranslateAzureReposGitUrlsInSourceControlInformation" (previous value: ";TranslateGitHubUrlsInSourceControlInformation;TranslateGitLabUrlsInSourceControlInformation") at C:\Program Files\dotnet\sdk\8.0.423\Sdks\Microsoft.SourceLink.AzureRepos.Git\build\Microsoft.SourceLink.AzureRepos.Git.targets (13,5)
       Property reassignment: $(SourceLinkUrlInitializerTargets)=";_InitializeGitHubSourceLinkUrl;_InitializeGitLabSourceLinkUrl;_InitializeAzureReposGitSourceLinkUrl;_InitializeBitbucketGitSourceLinkUrl" (previous value: ";_InitializeGitHubSourceLinkUrl;_InitializeGitLabSourceLinkUrl;_InitializeAzureReposGitSourceLinkUrl") at C:\Program Files\dotnet\sdk\8.0.423\Sdks\Microsoft.SourceLink.Bitbucket.Git\build\Microsoft.SourceLink.Bitbucket.Git.targets (12,5)
       Property reassignment: $(SourceControlManagerUrlTranslationTargets)=";TranslateGitHubUrlsInSourceControlInformation;TranslateGitLabUrlsInSourceControlInformation;TranslateAzureReposGitUrlsInSourceControlInformation;TranslateBitbucketGitUrlsInSourceControlInformation" (previous value: ";TranslateGitHubUrlsInSourceControlInformation;TranslateGitLabUrlsInSourceControlInformation;TranslateAzureReposGitUrlsInSourceControlInformation") at C:\Program Files\dotnet\sdk\8.0.423\Sdks\Microsoft.SourceLink.Bitbucket.Git\build\Microsoft.SourceLink.Bitbucket.Git.targets (13,5)
       Property reassignment: $(DesignerRuntimeImplementationProjectOutputGroupDependsOn)="
             
             ;
             
             ;
             BuildOnlySettings;
             PrepareForBuild;
             AssignTargetPaths;
             ResolveReferences
           
           ;
             _GenerateDesignerDepsFile;
             _GenerateDesignerRuntimeConfigFile;
             GetCopyToOutputDirectoryItems;
             _GatherDesignerShadowCopyFiles;
           " (previous value: "
             ;
             
             ;
             BuildOnlySettings;
             PrepareForBuild;
             AssignTargetPaths;
             ResolveReferences
           
           ") at C:\Program Files\dotnet\sdk\8.0.423\Sdks\Microsoft.NET.Sdk\targets\Microsoft.NET.DesignerSupport.targets (21,5)
       Property reassignment: $(_GenerateToolsSettingsFileCacheFile)="C:\Users\Tony\.gemini\antigravity\scratch\marksmith\MdToPdf.Core\obj\Debug\net8.0\MdToPdf.Core.toolssettingsinput.cache" (previous value: "obj\Debug\net8.0\MdToPdf.Core.toolssettingsinput.cache") at C:\Program Files\dotnet\sdk\8.0.423\Sdks\Microsoft.NET.Sdk\targets\Microsoft.NET.PackTool.targets (68,5)
       Property reassignment: $(_ShimInputCacheFile)="C:\Users\Tony\.gemini\antigravity\scratch\marksmith\MdToPdf.Core\obj\Debug\net8.0\MdToPdf.Core.shiminput.cache" (previous value: "obj\Debug\net8.0\MdToPdf.Core.shiminput.cache") at C:\Program Files\dotnet\sdk\8.0.423\Sdks\Microsoft.NET.Sdk\targets\Microsoft.NET.PackTool.targets (137,5)
       Property reassignment: $(_ShimCreatedSentinelFile)="C:\Users\Tony\.gemini\antigravity\scratch\marksmith\MdToPdf.Core\obj\Debug\net8.0\MdToPdf.Core.shimcreated.sentinel" (previous value: "obj\Debug\net8.0\MdToPdf.Core.shimcreated.sentinel") at C:\Program Files\dotnet\sdk\8.0.423\Sdks\Microsoft.NET.Sdk\targets\Microsoft.NET.PackTool.targets (139,5)
       Property reassignment: $(DefineConstants)="TRACE;DEBUG" (previous value: "TRACE") at C:\Program Files\dotnet\sdk\8.0.423\Sdks\Microsoft.NET.Sdk\targets\Microsoft.NET.Sdk.CSharp.targets (31,5)
       Property reassignment: $(DefineConstants)="TRACE;DEBUG;NET;NET8_0;NETCOREAPP" (previous value: "TRACE;DEBUG") at C:\Program Files\dotnet\sdk\8.0.423\Sdks\Microsoft.NET.Sdk\targets\Microsoft.NET.Sdk.CSharp.targets (34,5)
       Property reassignment: $(WarningsAsErrors)=";NU1605;SYSLIB0011" (previous value: ";NU1605") at C:\Program Files\dotnet\sdk\8.0.423\Sdks\Microsoft.NET.Sdk\targets\Microsoft.NET.Sdk.CSharp.targets (48,5)
       Property reassignment: $(PackageDescription)="Package Description" (previous value: "") at C:\Program Files\dotnet\sdk\8.0.423\Sdks\NuGet.Build.Tasks.Pack\build\NuGet.Build.Tasks.Pack.targets (34,5)
       Property reassignment: $(GenerateNuspecDependsOn)="Build;_LoadPackInputItems; _GetTargetFrameworksOutput; _WalkEachTargetPerFramework; _GetPackageFiles; " (previous value: "_LoadPackInputItems; _GetTargetFrameworksOutput; _WalkEachTargetPerFramework; _GetPackageFiles; ") at C:\Program Files\dotnet\sdk\8.0.423\Sdks\NuGet.Build.Tasks.Pack\build\NuGet.Build.Tasks.Pack.targets (59,5)
       Property reassignment: $(_IsNotSetContainersTargetsDir)="true" (previous value: "false") at C:\Program Files\dotnet\sdk\8.0.423\Sdks\Microsoft.NET.Sdk\Sdk\Sdk.targets (59,5)
       Property reassignment: $(_IsSDKContainerAllowedVersion)="true" (previous value: "false") at C:\Program Files\dotnet\sdk\8.0.423\Containers\build\Microsoft.NET.Build.Containers.targets (5,5)
       Property reassignment: $(_ContainerIsTargetingNet8TFM)="true" (previous value: "false") at C:\Program Files\dotnet\sdk\8.0.423\Containers\build\Microsoft.NET.Build.Containers.targets (15,5)
       Overriding target "ResolveFrameworkReferences" in project "C:\Program Files\dotnet\sdk\8.0.423\Microsoft.Common.CurrentVersion.targets" with target "ResolveFrameworkReferences" from project "C:\Program Files\dotnet\sdk\8.0.423\Sdks\Microsoft.NET.Sdk\targets\Microsoft.NET.Sdk.FrameworkReferenceResolution.targets".
       Overriding target "Run" in project "C:\Program Files\dotnet\sdk\8.0.423\Microsoft.Common.CurrentVersion.targets" with target "Run" from project "C:\Program Files\dotnet\sdk\8.0.423\Sdks\Microsoft.NET.Sdk\targets\Microsoft.NET.Sdk.targets".
       Overriding target "GenerateSupportedTargetFrameworkAlias" in project "C:\Program Files\dotnet\sdk\8.0.423\Microsoft.Common.CurrentVersion.targets" with target "GenerateSupportedTargetFrameworkAlias" from project "C:\Program Files\dotnet\sdk\8.0.423\Sdks\Microsoft.NET.Sdk\targets\Microsoft.NET.Sdk.targets".
       Overriding target "GetReferenceAssemblyPaths" in project "C:\Program Files\dotnet\sdk\8.0.423\Microsoft.Common.CurrentVersion.targets" with target "GetReferenceAssemblyPaths" from project "C:\Program Files\dotnet\sdk\8.0.423\Sdks\Microsoft.NET.Sdk\targets\Microsoft.NET.DisableStandardFrameworkResolution.targets".
       Overriding target "GetFrameworkPaths" in project "C:\Program Files\dotnet\sdk\8.0.423\Microsoft.Common.CurrentVersion.targets" with target "GetFrameworkPaths" from project "C:\Program Files\dotnet\sdk\8.0.423\Sdks\Microsoft.NET.Sdk\targets\Microsoft.NET.DisableStandardFrameworkResolution.targets".
       Overriding target "DesignerRuntimeImplementationProjectOutputGroup" in project "C:\Program Files\dotnet\sdk\8.0.423\Microsoft.Common.CurrentVersion.targets" with target "DesignerRuntimeImplementationProjectOutputGroup" from project "C:\Program Files\dotnet\sdk\8.0.423\Sdks\Microsoft.NET.Sdk\targets\Microsoft.NET.DesignerSupport.targets".
       Overriding target "Publish" in project "C:\Program Files\dotnet\sdk\8.0.423\Microsoft.Common.CurrentVersion.targets" with target "Publish" from project "C:\Program Files\dotnet\sdk\8.0.423\Sdks\Microsoft.NET.Sdk\targets\Microsoft.NET.Publish.targets".
       Overriding target "ResolveReadyToRunCompilers" in project "C:\Program Files\dotnet\sdk\8.0.423\Sdks\Microsoft.NET.Sdk\targets\Microsoft.NET.CrossGen.targets" with target "ResolveReadyToRunCompilers" from project "C:\Program Files\dotnet\sdk\8.0.423\Sdks\Microsoft.NET.Sdk\targets\Microsoft.NET.Publish.targets".
       Overriding target "GetCopyToPublishDirectoryItems" in project "C:\Program Files\dotnet\sdk\8.0.423\Microsoft.Common.CurrentVersion.targets" with target "GetCopyToPublishDirectoryItems" from project "C:\Program Files\dotnet\sdk\8.0.423\Sdks\Microsoft.NET.Sdk\targets\Microsoft.NET.Publish.targets".
       The target "ResolveNuGetPackageAssets" listed in an AfterTargets attribute at "C:\Users\Tony\.nuget\packages\communitytoolkit.mvvm\8.3.2\buildTransitive\CommunityToolkit.Mvvm.SourceGenerators.targets (13,11)" does not exist in the project, and will be ignored.
       The target "ResolveNuGetPackageAssets" listed in an AfterTargets attribute at "C:\Users\Tony\.nuget\packages\communitytoolkit.mvvm\8.3.2\buildTransitive\CommunityToolkit.Mvvm.SourceGenerators.targets (25,11)" does not exist in the project, and will be ignored.
       The target "ResolveNuGetPackageAssets" listed in an AfterTargets attribute at "C:\Users\Tony\.nuget\packages\communitytoolkit.mvvm\8.3.2\buildTransitive\CommunityToolkit.Mvvm.SourceGenerators.targets (111,11)" does not exist in the project, and will be ignored.
   1:7>Project "C:\Users\Tony\.gemini\antigravity\scratch\marksmith\MdToPdf\MdToPdf.csproj" (1:7) is building "C:\Users\Tony\.gemini\antigravity\scratch\marksmith\MdToPdf.Core\MdToPdf.Core.csproj" (2:5) on node 1 (GetTargetFrameworks target(s)).
   2:5>Target "GetTargetFrameworksWithPlatformForSingleTargetFramework" in file "C:\Program Files\dotnet\sdk\8.0.423\Microsoft.Common.CurrentVersion.targets" from project "C:\Users\Tony\.gemini\antigravity\scratch\marksmith\MdToPdf.Core\MdToPdf.Core.csproj" (target "GetTargetFrameworks" depends on it):
   2:5>Using "CombineTargetFrameworkInfoProperties" task from assembly "Microsoft.Build.Tasks.Core, Version=15.1.0.0, Culture=neutral, PublicKeyToken=b03f5f7f11d50a3a".
       Task "CombineTargetFrameworkInfoProperties"
       Done executing task "CombineTargetFrameworkInfoProperties".
   2:5>Done building target "GetTargetFrameworksWithPlatformForSingleTargetFramework" in project "MdToPdf.Core.csproj".
   2:5>Target "GetTargetFrameworks" in file "C:\Program Files\dotnet\sdk\8.0.423\Microsoft.Common.CurrentVersion.targets" from project "C:\Users\Tony\.gemini\antigravity\scratch\marksmith\MdToPdf.Core\MdToPdf.Core.csproj" (entry point):
       Task "Error" skipped, due to false condition; ('$(IsCrossTargetingBuild)' == 'true') was evaluated as ('' == 'true').
       Using "CombineXmlElements" task from assembly "Microsoft.Build.Tasks.Core, Version=15.1.0.0, Culture=neutral, PublicKeyToken=b03f5f7f11d50a3a".
       Task "CombineXmlElements"
       Done executing task "CombineXmlElements".
   2:5>Done building target "GetTargetFrameworks" in project "MdToPdf.Core.csproj".
   2:5>Done Building Project "C:\Users\Tony\.gemini\antigravity\scratch\marksmith\MdToPdf.Core\MdToPdf.Core.csproj" (GetTargetFrameworks target(s)).
   1:7>Done executing task "MSBuild".
       Task "MSBuild" skipped, due to false condition; ('%(_MSBuildProjectReferenceExistent.SkipGetTargetFrameworkProperties)' != 'true' and '$(EnableDynamicPlatformResolution)' == 'true') was evaluated as ('' != 'true' and '' == 'true').
       Using "GetReferenceNearestTargetFrameworkTask" task from assembly "C:\Program Files\dotnet\sdk\8.0.423\NuGet.Build.Tasks.dll".
       Task "GetReferenceNearestTargetFrameworkTask"
       Done executing task "GetReferenceNearestTargetFrameworkTask".
       Task "GetReferenceNearestTargetFrameworkTask" skipped, due to false condition; ('@(_ProjectReferenceTargetFrameworkPossibilities)' != '' and '$(ReferringTargetFrameworkForProjectReferences)' != ''
                                                               And '$(GetReferenceNearestTargetFrameworkTaskSupportsTargetPlatformParameter)' != 'true' and '%(_ProjectReferenceTargetFrameworkPossibilities.IsVcxOrNativeProj)' != 'true') was evaluated as ('..\MdToPdf.Core\MdToPdf.Core.csproj' != '' and '.NETCoreApp,Version=v8.0' != ''
                                                               And 'true' != 'true' and '' != 'true').
       Using "SetRidAgnosticValueForProjects" task from assembly "Microsoft.Build.Tasks.Core, Version=15.1.0.0, Culture=neutral, PublicKeyToken=b03f5f7f11d50a3a".
       Task "SetRidAgnosticValueForProjects"
       Done executing task "SetRidAgnosticValueForProjects".
   1:7>Done building target "_GetProjectReferenceTargetFrameworkProperties" in project "MdToPdf.csproj".
   1:7>Target "ValidateExecutableReferences" in file "C:\Program Files\dotnet\sdk\8.0.423\Sdks\Microsoft.NET.Sdk\targets\Microsoft.NET.Sdk.targets" from project "C:\Users\Tony\.gemini\antigravity\scratch\marksmith\MdToPdf\MdToPdf.csproj" (target "PrepareProjectReferences" depends on it):
       Using "ValidateExecutableReferences" task from assembly "C:\Program Files\dotnet\sdk\8.0.423\Sdks\Microsoft.NET.Sdk\targets\..\tools\net8.0\Microsoft.NET.Build.Tasks.dll".
       Task "ValidateExecutableReferences"
       Done executing task "ValidateExecutableReferences".
   1:7>Done building target "ValidateExecutableReferences" in project "MdToPdf.csproj".
       Target "_GetProjectReferencePlatformProperties" skipped, due to false condition; ('$(EnableDynamicPlatformResolution)' == 'true'
                            and '@(_MSBuildProjectReferenceExistent)' != '') was evaluated as ('' == 'true'
                            and '..\MdToPdf.Core\MdToPdf.Core.csproj' != '').
   1:7>Target "PrepareProjectReferences" in file "C:\Program Files\dotnet\sdk\8.0.423\Microsoft.Common.CurrentVersion.targets" from project "C:\Users\Tony\.gemini\antigravity\scratch\marksmith\MdToPdf\MdToPdf.csproj" (target "ResolveProjectReferences" depends on it):
   1:7>Done building target "PrepareProjectReferences" in project "MdToPdf.csproj".
   1:7>Target "ResolveProjectReferences" in file "C:\Program Files\dotnet\sdk\8.0.423\Microsoft.Common.CurrentVersion.targets" from project "C:\Users\Tony\.gemini\antigravity\scratch\marksmith\MdToPdf\MdToPdf.csproj" (target "ResolveReferences" depends on it):
       Task "MSBuild" skipped, due to false condition; ('%(_MSBuildProjectReferenceExistent.BuildReference)' == 'true' and '@(ProjectReferenceWithConfiguration)' != '' and ('$(BuildingInsideVisualStudio)' == 'true' or '$(BuildProjectReferences)' != 'true') and '$(VisualStudioVersion)' != '10.0' and '@(_MSBuildProjectReferenceExistent)' != '') was evaluated as ('true' == 'true' and '..\MdToPdf.Core\MdToPdf.Core.csproj' != '' and ('' == 'true' or 'true' != 'true') and '17.0' != '10.0' and '..\MdToPdf.Core\MdToPdf.Core.csproj' != '').
       Task "MSBuild"
         Removing Properties for project "..\MdToPdf.Core\MdToPdf.Core.csproj":
           TargetFramework
           RuntimeIdentifier
           SelfContained
   1:7>Project "C:\Users\Tony\.gemini\antigravity\scratch\marksmith\MdToPdf\MdToPdf.csproj" (1:7) is building "C:\Users\Tony\.gemini\antigravity\scratch\marksmith\MdToPdf.Core\MdToPdf.Core.csproj" (2:6) on node 1 (default targets).
   2:6>Target "_CheckForUnsupportedTargetFramework" skipped, due to false condition; ('$(_UnsupportedTargetFrameworkError)' == 'true') was evaluated as ('' == 'true').
   2:6>Target "_CollectTargetFrameworkForTelemetry" in file "C:\Program Files\dotnet\sdk\8.0.423\Sdks\Microsoft.NET.Sdk\targets\Microsoft.NET.TargetFrameworkInference.targets" from project "C:\Users\Tony\.gemini\antigravity\scratch\marksmith\MdToPdf.Core\MdToPdf.Core.csproj" (target "_CheckForInvalidConfigurationAndPlatform" depends on it):
       Using "AllowEmptyTelemetry" task from assembly "C:\Program Files\dotnet\sdk\8.0.423\Sdks\Microsoft.NET.Sdk\targets\..\tools\net8.0\Microsoft.NET.Build.Tasks.dll".
       Task "AllowEmptyTelemetry"
       Done executing task "AllowEmptyTelemetry".
   2:6>Done building target "_CollectTargetFrameworkForTelemetry" in project "MdToPdf.Core.csproj".
       Target "_CheckForUnsupportedTargetPlatformIdentifier" skipped, due to false condition; ('$(TargetPlatformIdentifier)' != '' and '$(TargetFrameworkIdentifier)' == '.NETCoreApp' and $([MSBuild]::VersionGreaterThanOrEquals($(TargetFrameworkVersion), 5.0)) And ('$(DesignTimeBuild)' != 'true' Or '@(MissingWorkloadPack)' == '')) was evaluated as ('' != '' and '.NETCoreApp' == '.NETCoreApp' and True And ('' != 'true' Or '' == '')).
       Target "_CheckForMissingWorkload" skipped, due to false condition; ('@(MissingWorkloadPack)' != '' And '$(DesignTimeBuild)' != 'true') was evaluated as ('' != '' And '' != 'true').
   2:6>Target "_CheckForUnsupportedNETCoreVersion" in file "C:\Program Files\dotnet\sdk\8.0.423\Sdks\Microsoft.NET.Sdk\targets\Microsoft.NET.TargetFrameworkInference.targets" from project "C:\Users\Tony\.gemini\antigravity\scratch\marksmith\MdToPdf.Core\MdToPdf.Core.csproj" (target "_CheckForInvalidConfigurationAndPlatform" depends on it):
       Task "NETSdkError" skipped, due to false condition; ('$(_TargetFrameworkVersionWithoutV)' > '$(NETCoreAppMaximumVersion)' and '$(DisplayVSMessage)' != 'true') was evaluated as ('8.0' > '8.0' and '' != 'true').
       Task "NETSdkError" skipped, due to false condition; ('$(DisplayVSMessage)' == 'true') was evaluated as ('' == 'true').
   2:6>Done building target "_CheckForUnsupportedNETCoreVersion" in project "MdToPdf.Core.csproj".
       Target "_CheckForEolTargetFrameworks" skipped, due to false condition; ('@(_EolNetCoreTargetFrameworkVersions->AnyHaveMetadataValue('Identity', '$(_TargetFrameworkVersionWithoutV)'))' and '$(TargetFrameworkIdentifier)' == '.NETCoreApp' and '$(CheckEolTargetFramework)' == 'true') was evaluated as ('false' and '.NETCoreApp' == '.NETCoreApp' and '' == 'true').
       Target "_CheckForEolWorkloads" skipped, due to false condition; ('@(EolWorkload)' != '' and '$(CheckEolWorkloads)' == 'true') was evaluated as ('' != '' and 'true' == 'true').
   2:6>Target "_CheckForUnsupportedCppNETCoreVersion" in file "C:\Program Files\dotnet\sdk\8.0.423\Sdks\Microsoft.NET.Sdk\targets\Microsoft.NET.TargetFrameworkInference.targets" from project "C:\Users\Tony\.gemini\antigravity\scratch\marksmith\MdToPdf.Core\MdToPdf.Core.csproj" (target "_CheckForInvalidConfigurationAndPlatform" depends on it):
       Task "NETSdkError" skipped, due to false condition; ('$(TargetFrameworkIdentifier)' == '.NETCoreApp' and '$(_TargetFrameworkVersionWithoutV)' < '3.1' and ('$(Language)' == 'C++' and '$(_EnablePackageReferencesInVCProjects)' != 'true')) was evaluated as ('.NETCoreApp' == '.NETCoreApp' and '8.0' < '3.1' and ('C#' == 'C++' and '' != 'true')).
   2:6>Done building target "_CheckForUnsupportedCppNETCoreVersion" in project "MdToPdf.Core.csproj".
       Target "_CheckForUnsupportedNETStandardVersion" skipped, due to false condition; ('$(TargetFrameworkIdentifier)' == '.NETStandard' And '$(NETStandardMaximumVersion)' != '') was evaluated as ('.NETCoreApp' == '.NETStandard' And '' != '').
       Target "_CheckForUnsupportedTargetFrameworkAndFeatureCombination" skipped, due to false condition; ('$(TargetFrameworkIdentifier)' == '.NETFramework') was evaluated as ('.NETCoreApp' == '.NETFramework').
       Target "_CheckForSupportedOSPlatformVersionHigherThanTargetPlatformVersion" skipped, due to false condition; ('$(TargetPlatformVersion)' != '' and '$(TargetFrameworkIdentifier)' == '.NETCoreApp' and $([MSBuild]::VersionGreaterThanOrEquals($(TargetFrameworkVersion), 5.0))) was evaluated as ('' != '' and '.NETCoreApp' == '.NETCoreApp' and True).
       Target "_CheckForInvalidTargetPlatformVersion" skipped, due to false condition; ('$(TargetPlatformVersion)' != '' and '$(TargetFrameworkIdentifier)' == '.NETCoreApp' and $([MSBuild]::VersionGreaterThanOrEquals($(TargetFrameworkVersion), 5.0)) and ('$(Language)' != 'C++' or '$(_EnablePackageReferencesInVCProjects)' == 'true')) was evaluated as ('' != '' and '.NETCoreApp' == '.NETCoreApp' and True and ('C#' != 'C++' or '' == 'true')).
   2:6>Target "_CheckForUnsupportedArtifactsPath" in file "C:\Program Files\dotnet\sdk\8.0.423\Sdks\Microsoft.NET.Sdk\targets\Microsoft.NET.DefaultOutputPaths.targets" from project "C:\Users\Tony\.gemini\antigravity\scratch\marksmith\MdToPdf.Core\MdToPdf.Core.csproj" (target "_CheckForInvalidConfigurationAndPlatform" depends on it):
       Task "NetSdkError" skipped, due to false condition; ('$(UseArtifactsOutput)' == 'true' and '$(_ArtifactsPathSetEarly)' != 'true') was evaluated as ('' == 'true' and '' != 'true').
       Task "NetSdkError" skipped, due to false condition; ('$(_ArtifactsPathLocationType)' == 'ProjectFolder') was evaluated as ('' == 'ProjectFolder').
   2:6>Done building target "_CheckForUnsupportedArtifactsPath" in project "MdToPdf.Core.csproj".
       Target "_CheckForMissingWorkload" skipped, due to false condition; ('@(MissingWorkloadPack)' != '' And '$(DesignTimeBuild)' != 'true') was evaluated as ('' != '' And '' != 'true').
       Target "_CheckForUnsupportedAppHostUsage" skipped, due to false condition; ('$(TargetFrameworkIdentifier)' == '.NETCoreApp' and '$(HasRuntimeOutput)' == 'true') was evaluated as ('.NETCoreApp' == '.NETCoreApp' and '' == 'true').
   2:6>Target "_CheckForUnsupportedHostingUsage" in file "C:\Program Files\dotnet\sdk\8.0.423\Sdks\Microsoft.NET.Sdk\targets\Microsoft.NET.RuntimeIdentifierInference.targets" from project "C:\Users\Tony\.gemini\antigravity\scratch\marksmith\MdToPdf.Core\MdToPdf.Core.csproj" (target "_CheckForInvalidConfigurationAndPlatform" depends on it):
       Task "NETSdkWarning" skipped, due to false condition; ('$(SelfContained)' == 'true' and '$(EnableComHosting)' == 'true') was evaluated as ('' == 'true' and '' == 'true').
   2:6>Done building target "_CheckForUnsupportedHostingUsage" in project "MdToPdf.Core.csproj".
   2:6>Target "_CheckAndUnsetUnsupportedPrefer32Bit" in file "C:\Program Files\dotnet\sdk\8.0.423\Sdks\Microsoft.NET.Sdk\targets\Microsoft.NET.RuntimeIdentifierInference.targets" from project "C:\Users\Tony\.gemini\antigravity\scratch\marksmith\MdToPdf.Core\MdToPdf.Core.csproj" (target "_CheckForInvalidConfigurationAndPlatform" depends on it):
       Task "NETSdkWarning" skipped, due to false condition; ('$(Prefer32Bit)' == 'true') was evaluated as ('false' == 'true').
   2:6>Done building target "_CheckAndUnsetUnsupportedPrefer32Bit" in project "MdToPdf.Core.csproj".
       Target "_CheckForMismatchingPlatform" skipped, due to false condition; ('$(RuntimeIdentifier)' != '' and '$(PlatformTarget)' != '') was evaluated as ('' != '' and '' != '').
   2:6>Target "_CheckForLanguageAndFeatureCombinationSupport" in file "C:\Program Files\dotnet\sdk\8.0.423\Sdks\Microsoft.NET.Sdk\targets\Microsoft.NET.RuntimeIdentifierInference.targets" from project "C:\Users\Tony\.gemini\antigravity\scratch\marksmith\MdToPdf.Core\MdToPdf.Core.csproj" (target "_CheckForInvalidConfigurationAndPlatform" depends on it):
       Task "NETSdkError" skipped, due to false condition; (('$(Language)' == 'C++' and '$(_EnablePackageReferencesInVCProjects)' != 'true') and $(OutputType) != 'library' and '$(TargetFrameworkIdentifier)' == '.NETCoreApp') was evaluated as (('C#' == 'C++' and '' != 'true') and Library != 'library' and '.NETCoreApp' == '.NETCoreApp').
       Task "NETSdkError" skipped, due to false condition; (('$(Language)' == 'C++' and '$(_EnablePackageReferencesInVCProjects)' != 'true') and $(EnableComHosting) == 'true') was evaluated as (('C#' == 'C++' and '' != 'true') and  == 'true').
       Task "NETSdkError" skipped, due to false condition; (('$(Language)' == 'C++' and '$(_EnablePackageReferencesInVCProjects)' != 'true') and $(SelfContained) == 'true') was evaluated as (('C#' == 'C++' and '' != 'true') and  == 'true').
   2:6>Done building target "_CheckForLanguageAndFeatureCombinationSupport" in project "MdToPdf.Core.csproj".
       Target "_CheckForNETCoreSdkIsPreview" skipped, due to false condition; ( '$(_NETCoreSdkIsPreview)' == 'true' AND '$(SuppressNETCoreSdkPreviewMessage)' != 'true' ) was evaluated as ( 'false' == 'true' AND '' != 'true' ).
   2:6>Target "_GetProjectJsonPath" in file "C:\Program Files\dotnet\sdk\8.0.423\NuGet.targets" from project "C:\Users\Tony\.gemini\antigravity\scratch\marksmith\MdToPdf.Core\MdToPdf.Core.csproj" (target "_GetRestoreProjectStyle" depends on it):
       Task "GetRestoreProjectJsonPathTask" skipped, due to false condition; ( '$(RestoreProjectStyle)' == 'ProjectJson' OR '$(RestoreProjectStyle)' == '' ) was evaluated as ( 'PackageReference' == 'ProjectJson' OR 'PackageReference' == '' ).
   2:6>Done building target "_GetProjectJsonPath" in project "MdToPdf.Core.csproj".
       Target "_CheckForUnsupportedTargetPlatformIdentifier" skipped, due to false condition; ('$(TargetPlatformIdentifier)' != '' and '$(TargetFrameworkIdentifier)' == '.NETCoreApp' and $([MSBuild]::VersionGreaterThanOrEquals($(TargetFrameworkVersion), 5.0)) And ('$(DesignTimeBuild)' != 'true' Or '@(MissingWorkloadPack)' == '')) was evaluated as ('' != '' and '.NETCoreApp' == '.NETCoreApp' and True And ('' != 'true' Or '' == '')).
       Target "_CheckForMissingWorkload" skipped, due to false condition; ('@(MissingWorkloadPack)' != '' And '$(DesignTimeBuild)' != 'true') was evaluated as ('' != '' And '' != 'true').
       Target "_CheckForUnsupportedNETStandardVersion" skipped, due to false condition; ('$(TargetFrameworkIdentifier)' == '.NETStandard' And '$(NETStandardMaximumVersion)' != '') was evaluated as ('.NETCoreApp' == '.NETStandard' And '' != '').
       Target "_CheckForUnsupportedTargetFrameworkAndFeatureCombination" skipped, due to false condition; ('$(TargetFrameworkIdentifier)' == '.NETFramework') was evaluated as ('.NETCoreApp' == '.NETFramework').
   2:6>Target "UpdateAspNetToFrameworkReference" in file "C:\Program Files\dotnet\sdk\8.0.423\Sdks\Microsoft.NET.Sdk\targets\Microsoft.NET.Sdk.DefaultItems.Shared.targets" from project "C:\Users\Tony\.gemini\antigravity\scratch\marksmith\MdToPdf.Core\MdToPdf.Core.csproj" (target "ApplyImplicitVersions" depends on it):
       Using "CheckIfPackageReferenceShouldBeFrameworkReference" task from assembly "C:\Program Files\dotnet\sdk\8.0.423\Sdks\Microsoft.NET.Sdk\targets\..\tools\net8.0\Microsoft.NET.Build.Tasks.dll".
       Task "CheckIfPackageReferenceShouldBeFrameworkReference"
       Done executing task "CheckIfPackageReferenceShouldBeFrameworkReference".
       Task "NETSdkError" skipped, due to false condition; ('$(_ShouldRemoveAspNetCoreAll)' == 'true') was evaluated as ('False' == 'true').
       Task "CheckIfPackageReferenceShouldBeFrameworkReference"
       Done executing task "CheckIfPackageReferenceShouldBeFrameworkReference".
       Task "NETSdkWarning" skipped, due to false condition; ('$(_ShouldRemoveAspNetCoreApp)' == 'true') was evaluated as ('False' == 'true').
   2:6>Done building target "UpdateAspNetToFrameworkReference" in project "MdToPdf.Core.csproj".
       Target "IncludeTargetingPackReference" skipped, due to false condition; ('$(TargetFrameworkMoniker)' != '' and '$(TargetFrameworkIdentifier)' == '.NETFramework' and '$(AutomaticallyUseReferenceAssemblyPackages)' == 'true') was evaluated as ('.NETCoreApp,Version=v8.0' != '' and '.NETCoreApp' == '.NETFramework' and 'true' == 'true').
   2:6>Target "CheckForImplicitPackageReferenceOverrides" in file "C:\Program Files\dotnet\sdk\8.0.423\Sdks\Microsoft.NET.Sdk\targets\Microsoft.NET.Sdk.DefaultItems.Shared.targets" from project "C:\Users\Tony\.gemini\antigravity\scratch\marksmith\MdToPdf.Core\MdToPdf.Core.csproj" (target "ApplyImplicitVersions" depends on it):
       Using "CheckForImplicitPackageReferenceOverrides" task from assembly "C:\Program Files\dotnet\sdk\8.0.423\Sdks\Microsoft.NET.Sdk\targets\..\tools\net8.0\Microsoft.NET.Build.Tasks.dll".
       Task "CheckForImplicitPackageReferenceOverrides"
       Done executing task "CheckForImplicitPackageReferenceOverrides".
   2:6>Done building target "CheckForImplicitPackageReferenceOverrides" in project "MdToPdf.Core.csproj".
   2:6>Target "ApplyImplicitVersions" in file "C:\Program Files\dotnet\sdk\8.0.423\Sdks\Microsoft.NET.Sdk\targets\Microsoft.NET.Sdk.DefaultItems.Shared.targets" from project "C:\Users\Tony\.gemini\antigravity\scratch\marksmith\MdToPdf.Core\MdToPdf.Core.csproj" (target "CollectPackageReferences" depends on it):
       Using "ApplyImplicitVersions" task from assembly "C:\Program Files\dotnet\sdk\8.0.423\Sdks\Microsoft.NET.Sdk\targets\..\tools\net8.0\Microsoft.NET.Build.Tasks.dll".
       Task "ApplyImplicitVersions"
       Done executing task "ApplyImplicitVersions".
   2:6>Done building target "ApplyImplicitVersions" in project "MdToPdf.Core.csproj".
       Target "CheckForImplicitPackageReferenceOverrides" skipped. Previously built successfully.
       Target "AddWindowsSdkKnownFrameworkReferences" skipped, due to false condition; ('$(TargetFrameworkIdentifier)' == '.NETCoreApp' And '$(TargetPlatformIdentifier)' == 'Windows') was evaluated as ('.NETCoreApp' == '.NETCoreApp' And '' == 'Windows').
       Target "_NormalizeTargetPlatformVersion" skipped, due to false condition; ('$(TargetPlatformVersion)' != '' and '$(TargetFrameworkIdentifier)' == '.NETCoreApp' and $([MSBuild]::VersionGreaterThanOrEquals($(TargetFrameworkVersion), 5.0)) and ('$(Language)' != 'C++' or '$(_EnablePackageReferencesInVCProjects)' == 'true')) was evaluated as ('' != '' and '.NETCoreApp' == '.NETCoreApp' and True and ('C#' != 'C++' or '' == 'true')).
   2:6>Target "_ComputeToolPackInputsToProcessFrameworkReferences" in file "C:\Program Files\dotnet\sdk\8.0.423\Sdks\Microsoft.NET.Sdk\targets\Microsoft.NET.Publish.targets" from project "C:\Users\Tony\.gemini\antigravity\scratch\marksmith\MdToPdf.Core\MdToPdf.Core.csproj" (target "ProcessFrameworkReferences" depends on it):
   2:6>Done building target "_ComputeToolPackInputsToProcessFrameworkReferences" in project "MdToPdf.Core.csproj".
   2:6>Target "ProcessFrameworkReferences" in file "C:\Program Files\dotnet\sdk\8.0.423\Sdks\Microsoft.NET.Sdk\targets\Microsoft.NET.Sdk.FrameworkReferenceResolution.targets" from project "C:\Users\Tony\.gemini\antigravity\scratch\marksmith\MdToPdf.Core\MdToPdf.Core.csproj" (target "CollectPackageReferences" depends on it):
       Using "CheckForDuplicateFrameworkReferences" task from assembly "C:\Program Files\dotnet\sdk\8.0.423\Sdks\Microsoft.NET.Sdk\targets\..\tools\net8.0\Microsoft.NET.Build.Tasks.dll".
       Task "CheckForDuplicateFrameworkReferences"
       Done executing task "CheckForDuplicateFrameworkReferences".
       Using "ProcessFrameworkReferences" task from assembly "C:\Program Files\dotnet\sdk\8.0.423\Sdks\Microsoft.NET.Sdk\targets\..\tools\net8.0\Microsoft.NET.Build.Tasks.dll".
       Task "ProcessFrameworkReferences"
       Done executing task "ProcessFrameworkReferences".
       Using "ResolveAppHosts" task from assembly "C:\Program Files\dotnet\sdk\8.0.423\Sdks\Microsoft.NET.Sdk\targets\..\tools\net8.0\Microsoft.NET.Build.Tasks.dll".
       Task "ResolveAppHosts"
       Done executing task "ResolveAppHosts".
   2:6>Done building target "ProcessFrameworkReferences" in project "MdToPdf.Core.csproj".
       Target "IncludeTargetingPackReference" skipped, due to false condition; ('$(TargetFrameworkMoniker)' != '' and '$(TargetFrameworkIdentifier)' == '.NETFramework' and '$(AutomaticallyUseReferenceAssemblyPackages)' == 'true') was evaluated as ('.NETCoreApp,Version=v8.0' != '' and '.NETCoreApp' == '.NETFramework' and 'true' == 'true').
   2:6>Target "_AddMicrosoftNetCompilerToolsetFrameworkPackage" in file "C:\Program Files\dotnet\sdk\8.0.423\Sdks\Microsoft.NET.Sdk\targets\Microsoft.NET.Sdk.targets" from project "C:\Users\Tony\.gemini\antigravity\scratch\marksmith\MdToPdf.Core\MdToPdf.Core.csproj" (target "CollectPackageReferences" depends on it):
       Task "NETSdkWarning" skipped, due to false condition; ('@(PackageReference->AnyHaveMetadataValue('Identity', 'Microsoft.Net.Compilers.Toolset.Framework'))' == 'true') was evaluated as ('false' == 'true').
   2:6>Done building target "_AddMicrosoftNetCompilerToolsetFrameworkPackage" in project "MdToPdf.Core.csproj".
   2:6>Target "_CheckForObsoleteDotNetCliToolReferences" in file "C:\Program Files\dotnet\sdk\8.0.423\Sdks\Microsoft.NET.Sdk\targets\Microsoft.NET.ObsoleteReferences.targets" from project "C:\Users\Tony\.gemini\antigravity\scratch\marksmith\MdToPdf.Core\MdToPdf.Core.csproj" (target "CollectPackageReferences" depends on it):
       Task "NETSdkWarning" skipped, due to false condition; ( '%(_ReferenceToObsoleteDotNetCliTool.Identity)' != '' ) was evaluated as ( '' != '' ).
   2:6>Done building target "_CheckForObsoleteDotNetCliToolReferences" in project "MdToPdf.Core.csproj".
   2:6>Target "CollectPackageReferences" in file "C:\Program Files\dotnet\sdk\8.0.423\NuGet.targets" from project "C:\Users\Tony\.gemini\antigravity\scratch\marksmith\MdToPdf.Core\MdToPdf.Core.csproj" (target "_GetRestoreProjectStyle" depends on it):
       Using "CheckForDuplicateNuGetItemsTask" task from assembly "C:\Program Files\dotnet\sdk\8.0.423\NuGet.Build.Tasks.dll".
       Task "CheckForDuplicateNuGetItemsTask"
       Done executing task "CheckForDuplicateNuGetItemsTask".
   2:6>Done building target "CollectPackageReferences" in project "MdToPdf.Core.csproj".
   2:6>Target "_GetRestoreProjectStyle" in file "C:\Program Files\dotnet\sdk\8.0.423\NuGet.targets" from project "C:\Users\Tony\.gemini\antigravity\scratch\marksmith\MdToPdf.Core\MdToPdf.Core.csproj" (target "EnableIntermediateOutputPathMismatchWarning" depends on it):
       Using "GetRestoreProjectStyleTask" task from assembly "C:\Program Files\dotnet\sdk\8.0.423\NuGet.Build.Tasks.dll".
       Task "GetRestoreProjectStyleTask"
       Done executing task "GetRestoreProjectStyleTask".
   2:6>Done building target "_GetRestoreProjectStyle" in project "MdToPdf.Core.csproj".
   2:6>Target "EnableIntermediateOutputPathMismatchWarning" in file "C:\Program Files\dotnet\sdk\8.0.423\NuGet.targets" from project "C:\Users\Tony\.gemini\antigravity\scratch\marksmith\MdToPdf.Core\MdToPdf.Core.csproj" (target "_CheckForInvalidConfigurationAndPlatform" depends on it):
   2:6>Done building target "EnableIntermediateOutputPathMismatchWarning" in project "MdToPdf.Core.csproj".
       Target "ApplyImplicitVersions" skipped. Previously built successfully.
       Target "CheckForImplicitPackageReferenceOverrides" skipped. Previously built successfully.
   2:6>Target "CheckForDuplicateItems" in file "C:\Program Files\dotnet\sdk\8.0.423\Sdks\Microsoft.NET.Sdk\targets\Microsoft.NET.Sdk.DefaultItems.Shared.targets" from project "C:\Users\Tony\.gemini\antigravity\scratch\marksmith\MdToPdf.Core\MdToPdf.Core.csproj" (target "_CheckForInvalidConfigurationAndPlatform" depends on it):
       Using "CheckForDuplicateItems" task from assembly "C:\Program Files\dotnet\sdk\8.0.423\Sdks\Microsoft.NET.Sdk\targets\..\tools\net8.0\Microsoft.NET.Build.Tasks.dll".
       Task "CheckForDuplicateItems"
       Done executing task "CheckForDuplicateItems".
       Task "CheckForDuplicateItems"
       Done executing task "CheckForDuplicateItems".
       Task "CheckForDuplicateItems"
       Done executing task "CheckForDuplicateItems".
   2:6>Done building target "CheckForDuplicateItems" in project "MdToPdf.Core.csproj".
       Target "WarnForExplicitVersions" skipped, due to false condition; ('@(SdkBuildWarning)' != '') was evaluated as ('' != '').
       Target "_CheckForFailedSDKResolution" skipped, due to false condition; ('$(SdkResolverHonoredGlobalJson)' == 'false') was evaluated as ('' == 'false').
       Target "_WarnWhenUsingNET8AndVSPriorTo178" skipped, due to false condition; ($([MSBuild]::VersionLessThan($(MSBuildVersion), '17.8.0')) and '$(TargetFrameworkIdentifier)' == '.NETCoreApp' and $([MSBuild]::VersionGreaterThanOrEquals($(_TargetFrameworkVersionWithoutV), '8.0'))) was evaluated as (False and '.NETCoreApp' == '.NETCoreApp' and True).
       Target "_CheckForInvalidWindowsDesktopTargetingConfiguration" skipped, due to false condition; ('$(TargetFrameworkIdentifier)' == '.NETCoreApp' and $([MSBuild]::VersionGreaterThanOrEquals($(_TargetFrameworkVersionWithoutV), '5.0')) and ('$(UseWindowsForms)' == 'true' or '$(UseWPF)' == 'true')) was evaluated as ('.NETCoreApp' == '.NETCoreApp' and True and ('' == 'true' or '' == 'true')).
       Target "_CheckForUnnecessaryWindowsDesktopSDK" skipped, due to false condition; ('$(TargetFrameworkIdentifier)' == '.NETCoreApp' and $([MSBuild]::VersionGreaterThanOrEquals($(_TargetFrameworkVersionWithoutV), '5.0')) and '$(_MicrosoftWindowsDesktopSdkImported)' == 'true' and '$(TargetFrameworks)' == '') was evaluated as ('.NETCoreApp' == '.NETCoreApp' and True and '' == 'true' and '' == '').
       Target "ProcessFrameworkReferences" skipped. Previously built successfully.
       Target "IncludeTargetingPackReference" skipped, due to false condition; ('$(TargetFrameworkMoniker)' != '' and '$(TargetFrameworkIdentifier)' == '.NETFramework' and '$(AutomaticallyUseReferenceAssemblyPackages)' == 'true') was evaluated as ('.NETCoreApp,Version=v8.0' != '' and '.NETCoreApp' == '.NETFramework' and 'true' == 'true').
   2:6>Target "_CheckForInvalidConfigurationAndPlatform" in file "C:\Program Files\dotnet\sdk\8.0.423\Microsoft.Common.CurrentVersion.targets" from project "C:\Users\Tony\.gemini\antigravity\scratch\marksmith\MdToPdf.Core\MdToPdf.Core.csproj" (target "BeforeBuild" depends on it):
       Task "Error" skipped, due to false condition; ( '$(_InvalidConfigurationError)' == 'true' ) was evaluated as ( '' == 'true' ).
       Task "Warning" skipped, due to false condition; ( '$(_InvalidConfigurationWarning)' == 'true' ) was evaluated as ( '' == 'true' ).
       Task "Message"
         Configuration=Debug
       Done executing task "Message".
       Task "Message"
         Platform=AnyCPU
       Done executing task "Message".
       Task "Error" skipped, due to false condition; ('$(OutDir)' != '' and !HasTrailingSlash('$(OutDir)')) was evaluated as ('bin\Debug\net8.0\' != '' and !HasTrailingSlash('bin\Debug\net8.0\')).
       Task "Error" skipped, due to false condition; ('$(IntermediateOutputPath)' != '' and !HasTrailingSlash('$(IntermediateOutputPath)')) was evaluated as ('obj\Debug\net8.0\' != '' and !HasTrailingSlash('obj\Debug\net8.0\')).
       Task "Error" skipped, due to false condition; ('$(BaseIntermediateOutputPath)' != '' and !HasTrailingSlash('$(BaseIntermediateOutputPath)')) was evaluated as ('obj\' != '' and !HasTrailingSlash('obj\')).
       Task "MSBuildInternalMessage" skipped, due to false condition; ( '$(Prefer32Bit)' == 'true' and '$(PreferNativeArm64)' == 'true' ) was evaluated as ( 'false' == 'true' and '' == 'true' ).
       Task "MSBuildInternalMessage" skipped, due to false condition; ( '$(NoWin32Manifest)' == 'true' and '$(PreferNativeArm64)' == 'true' ) was evaluated as ( '' == 'true' and '' == 'true' ).
       Task "MSBuildInternalMessage" skipped, due to false condition; ( '$(PreferNativeArm64)' == 'true' and '$(Platform)' != 'AnyCPU' ) was evaluated as ( '' == 'true' and 'AnyCPU' != 'AnyCPU' ).
       Task "Error" skipped, due to false condition; ( '$(_InitialMSBuildProjectExtensionsPath)' != '' And '$(MSBuildProjectExtensionsPath)' != '$(_InitialMSBuildProjectExtensionsPath)' ) was evaluated as ( 'C:\Users\Tony\.gemini\antigravity\scratch\marksmith\MdToPdf.Core\obj\' != '' And 'C:\Users\Tony\.gemini\antigravity\scratch\marksmith\MdToPdf.Core\obj\' != 'C:\Users\Tony\.gemini\antigravity\scratch\marksmith\MdToPdf.Core\obj\' ).
       Task "Warning" skipped, due to false condition; ( '$(EnableBaseIntermediateOutputPathMismatchWarning)' == 'true' And '$(_InitialBaseIntermediateOutputPath)' != '$(BaseIntermediateOutputPath)' And '$(BaseIntermediateOutputPath)' != '$(MSBuildProjectExtensionsPath)' ) was evaluated as ( 'true' == 'true' And 'obj\' != 'obj\' And 'obj\' != 'C:\Users\Tony\.gemini\antigravity\scratch\marksmith\MdToPdf.Core\obj\' ).
   2:6>Done building target "_CheckForInvalidConfigurationAndPlatform" in project "MdToPdf.Core.csproj".
   2:6>Target "ValidateCommandLineProperties" in file "C:\Program Files\dotnet\sdk\8.0.423\Sdks\Microsoft.NET.Sdk\targets\Microsoft.NET.Sdk.targets" from project "C:\Users\Tony\.gemini\antigravity\scratch\marksmith\MdToPdf.Core\MdToPdf.Core.csproj" (target "BeforeBuild" depends on it):
   2:6>Done building target "ValidateCommandLineProperties" in project "MdToPdf.Core.csproj".
   2:6>Target "BeforeBuild" in file "C:\Program Files\dotnet\sdk\8.0.423\Microsoft.Common.CurrentVersion.targets" from project "C:\Users\Tony\.gemini\antigravity\scratch\marksmith\MdToPdf.Core\MdToPdf.Core.csproj" (target "Build" depends on it):
   2:6>Done building target "BeforeBuild" in project "MdToPdf.Core.csproj".
       Target "_CheckForBuildWithNoBuild" skipped, due to false condition; ('$(NoBuild)' == 'true' and '$(GeneratePackageOnBuild)' != 'true') was evaluated as ('' == 'true' and 'false' != 'true').
   2:6>Target "BuildOnlySettings" in file "C:\Program Files\dotnet\sdk\8.0.423\Microsoft.Common.CurrentVersion.targets" from project "C:\Users\Tony\.gemini\antigravity\scratch\marksmith\MdToPdf.Core\MdToPdf.Core.csproj" (target "CoreBuild" depends on it):
   2:6>Done building target "BuildOnlySettings" in project "MdToPdf.Core.csproj".
       Target "_CheckForUnsupportedTargetFramework" skipped, due to false condition; ('$(_UnsupportedTargetFrameworkError)' == 'true') was evaluated as ('' == 'true').
       Target "_CheckForUnsupportedTargetPlatformIdentifier" skipped, due to false condition; ('$(TargetPlatformIdentifier)' != '' and '$(TargetFrameworkIdentifier)' == '.NETCoreApp' and $([MSBuild]::VersionGreaterThanOrEquals($(TargetFrameworkVersion), 5.0)) And ('$(DesignTimeBuild)' != 'true' Or '@(MissingWorkloadPack)' == '')) was evaluated as ('' != '' and '.NETCoreApp' == '.NETCoreApp' and True And ('' != 'true' Or '' == '')).
       Target "_CheckForMissingWorkload" skipped, due to false condition; ('@(MissingWorkloadPack)' != '' And '$(DesignTimeBuild)' != 'true') was evaluated as ('' != '' And '' != 'true').
   2:6>Target "GetFrameworkPaths" in file "C:\Program Files\dotnet\sdk\8.0.423\Sdks\Microsoft.NET.Sdk\targets\Microsoft.NET.DisableStandardFrameworkResolution.targets" from project "C:\Users\Tony\.gemini\antigravity\scratch\marksmith\MdToPdf.Core\MdToPdf.Core.csproj" (target "PrepareForBuild" depends on it):
   2:6>Done building target "GetFrameworkPaths" in project "MdToPdf.Core.csproj".
       Target "_CheckForUnsupportedTargetFramework" skipped, due to false condition; ('$(_UnsupportedTargetFrameworkError)' == 'true') was evaluated as ('' == 'true').
       Target "_CheckForUnsupportedTargetPlatformIdentifier" skipped, due to false condition; ('$(TargetPlatformIdentifier)' != '' and '$(TargetFrameworkIdentifier)' == '.NETCoreApp' and $([MSBuild]::VersionGreaterThanOrEquals($(TargetFrameworkVersion), 5.0)) And ('$(DesignTimeBuild)' != 'true' Or '@(MissingWorkloadPack)' == '')) was evaluated as ('' != '' and '.NETCoreApp' == '.NETCoreApp' and True And ('' != 'true' Or '' == '')).
       Target "_CheckForMissingWorkload" skipped, due to false condition; ('@(MissingWorkloadPack)' != '' And '$(DesignTimeBuild)' != 'true') was evaluated as ('' != '' And '' != 'true').
   2:6>Target "GetReferenceAssemblyPaths" in file "C:\Program Files\dotnet\sdk\8.0.423\Sdks\Microsoft.NET.Sdk\targets\Microsoft.NET.DisableStandardFrameworkResolution.targets" from project "C:\Users\Tony\.gemini\antigravity\scratch\marksmith\MdToPdf.Core\MdToPdf.Core.csproj" (target "PrepareForBuild" depends on it):
   2:6>Done building target "GetReferenceAssemblyPaths" in project "MdToPdf.Core.csproj".
       Target "AssignLinkMetadata" skipped, due to false condition; ( '$(SynthesizeLinkMetadata)' == 'true' ) was evaluated as ( '' == 'true' ).
       Target "_VerifyPackReleaseConfigurations" skipped, due to false condition; ('$(_IsPacking)' == 'true' and '$(DOTNET_CLI_DISABLE_PUBLISH_AND_PACK_RELEASE)' != 'true' and '$(DOTNET_CLI_LAZY_PUBLISH_AND_PACK_RELEASE_FOR_SOLUTIONS)' == 'true') was evaluated as ('' == 'true' and '' != 'true' and '' == 'true').
   2:6>Target "PrepareForBuild" in file "C:\Program Files\dotnet\sdk\8.0.423\Microsoft.Common.CurrentVersion.targets" from project "C:\Users\Tony\.gemini\antigravity\scratch\marksmith\MdToPdf.Core\MdToPdf.Core.csproj" (target "CoreBuild" depends on it):
       Task "FindAppConfigFile"
       Done executing task "FindAppConfigFile".
       Task "MakeDir"
       Done executing task "MakeDir".
   2:6>Done building target "PrepareForBuild" in project "MdToPdf.Core.csproj".
   2:6>Target "GenerateGlobalUsings" in file "C:\Program Files\dotnet\sdk\8.0.423\Sdks\Microsoft.NET.Sdk\targets\Microsoft.NET.GenerateGlobalUsings.targets" from project "C:\Users\Tony\.gemini\antigravity\scratch\marksmith\MdToPdf.Core\MdToPdf.Core.csproj" (target "CoreBuild" depends on it):
       Using "GenerateGlobalUsings" task from assembly "C:\Program Files\dotnet\sdk\8.0.423\Sdks\Microsoft.NET.Sdk\targets\..\tools\net8.0\Microsoft.NET.Build.Tasks.dll".
       Task "GenerateGlobalUsings"
       Done executing task "GenerateGlobalUsings".
       Task "WriteLinesToFile"
         Skipping write to file "obj\Debug\net8.0\MdToPdf.Core.GlobalUsings.g.cs" because content would not change.
       Done executing task "WriteLinesToFile".
   2:6>Done building target "GenerateGlobalUsings" in project "MdToPdf.Core.csproj".
       Target "PreBuildEvent" skipped, due to false condition; ('$(PreBuildEvent)'!='') was evaluated as (''!='').
   2:6>Target "BeforeResolveReferences" in file "C:\Program Files\dotnet\sdk\8.0.423\Microsoft.Common.CurrentVersion.targets" from project "C:\Users\Tony\.gemini\antigravity\scratch\marksmith\MdToPdf.Core\MdToPdf.Core.csproj" (target "ResolveReferences" depends on it):
   2:6>Done building target "BeforeResolveReferences" in project "MdToPdf.Core.csproj".
       Target "AssignProjectConfiguration" skipped, due to false condition; ('$(CurrentSolutionConfigurationContents)' != '' or '@(ProjectReference)'!='') was evaluated as ('' != '' or ''!='').
   2:6>Target "IgnoreJavaScriptOutputAssembly" in file "C:\Program Files\dotnet\sdk\8.0.423\Microsoft.Common.CurrentVersion.targets" from project "C:\Users\Tony\.gemini\antigravity\scratch\marksmith\MdToPdf.Core\MdToPdf.Core.csproj" (target "AssignProjectConfiguration" depends on it):
   2:6>Done building target "IgnoreJavaScriptOutputAssembly" in project "MdToPdf.Core.csproj".
       Target "ProcessFrameworkReferences" skipped. Previously built successfully.
   2:6>Target "_DefaultMicrosoftNETPlatformLibrary" in file "C:\Program Files\dotnet\sdk\8.0.423\Sdks\Microsoft.NET.Sdk\targets\Microsoft.NET.Sdk.Shared.targets" from project "C:\Users\Tony\.gemini\antigravity\scratch\marksmith\MdToPdf.Core\MdToPdf.Core.csproj" (target "ResolvePackageAssets" depends on it):
   2:6>Done building target "_DefaultMicrosoftNETPlatformLibrary" in project "MdToPdf.Core.csproj".
   2:6>Target "_ComputePackageReferencePublish" in file "C:\Program Files\dotnet\sdk\8.0.423\Sdks\Microsoft.NET.Sdk\targets\Microsoft.NET.Sdk.Shared.targets" from project "C:\Users\Tony\.gemini\antigravity\scratch\marksmith\MdToPdf.Core\MdToPdf.Core.csproj" (target "ResolvePackageAssets" depends on it):
   2:6>Done building target "_ComputePackageReferencePublish" in project "MdToPdf.Core.csproj".
       Target "_ResolveCompilerVersion" skipped, due to false condition; ('$(CompilerApiVersion)' == '' And
                            ('$(Language)' == 'C#' Or '$(Language)' == 'VB') And
                            Exists('$(RoslynTargetsPath)\Microsoft.Build.Tasks.CodeAnalysis.dll')) was evaluated as ('roslyn4.11' == '' And
                            ('C#' == 'C#' Or 'C#' == 'VB') And
                            Exists('C:\Program Files\dotnet\sdk\8.0.423\Roslyn\Microsoft.Build.Tasks.CodeAnalysis.dll')).
   2:6>Target "ResolvePackageAssets" in file "C:\Program Files\dotnet\sdk\8.0.423\Sdks\Microsoft.NET.Sdk\targets\Microsoft.PackageDependencyResolution.targets" from project "C:\Users\Tony\.gemini\antigravity\scratch\marksmith\MdToPdf.Core\MdToPdf.Core.csproj" (target "ResolveLockFileReferences" depends on it):
       Using "ResolvePackageAssets" task from assembly "C:\Program Files\dotnet\sdk\8.0.423\Sdks\Microsoft.NET.Sdk\targets\..\tools\net8.0\Microsoft.NET.Build.Tasks.dll".
       Task "ResolvePackageAssets"
       Done executing task "ResolvePackageAssets".
   2:6>Done building target "ResolvePackageAssets" in project "MdToPdf.Core.csproj".
       Target "AdjustDefaultPlatformTargetForNetFrameworkExeWithNoNativeCopyLocalItems" skipped, due to false condition; ('$(_UsingDefaultPlatformTarget)' == 'true' and
                            '$(_UsingDefaultRuntimeIdentifier)' == 'true') was evaluated as ('true' == 'true' and
                            '' == 'true').
       Target "_CheckForTransitiveWindowsDesktopDependencies" skipped, due to false condition; ('$(TargetFrameworkIdentifier)' == '.NETCoreApp' and $([MSBuild]::VersionGreaterThanOrEquals($(_TargetFrameworkVersionWithoutV), '5.0')) and '$(TargetPlatformIdentifier)' != 'Windows' and '@(TransitiveFrameworkReference)' != '') was evaluated as ('.NETCoreApp' == '.NETCoreApp' and True and '' != 'Windows' and '' != '').
       Target "AddTransitiveFrameworkReferences" skipped, due to false condition; ('@(TransitiveFrameworkReference)' != '') was evaluated as ('' != '').
   2:6>Target "ResolveLockFileReferences" in file "C:\Program Files\dotnet\sdk\8.0.423\Sdks\Microsoft.NET.Sdk\targets\Microsoft.PackageDependencyResolution.targets" from project "C:\Users\Tony\.gemini\antigravity\scratch\marksmith\MdToPdf.Core\MdToPdf.Core.csproj" (target "ResolvePackageDependenciesForBuild" depends on it):
       Using "JoinItems" task from assembly "C:\Program Files\dotnet\sdk\8.0.423\Sdks\Microsoft.NET.Sdk\targets\..\tools\net8.0\Microsoft.NET.Build.Tasks.dll".
       Task "JoinItems"
       Done executing task "JoinItems".
   2:6>Done building target "ResolveLockFileReferences" in project "MdToPdf.Core.csproj".
       Target "ResolvePackageAssets" skipped. Previously built successfully.
   2:6>Target "ResolveLockFileAnalyzers" in file "C:\Program Files\dotnet\sdk\8.0.423\Sdks\Microsoft.NET.Sdk\targets\Microsoft.PackageDependencyResolution.targets" from project "C:\Users\Tony\.gemini\antigravity\scratch\marksmith\MdToPdf.Core\MdToPdf.Core.csproj" (target "ResolvePackageDependenciesForBuild" depends on it):
   2:6>Done building target "ResolveLockFileAnalyzers" in project "MdToPdf.Core.csproj".
       Target "ResolvePackageAssets" skipped. Previously built successfully.
       Target "RunProduceContentAssets" skipped, due to false condition; ('@(_ContentFilesToPreprocess)' != '' and '$(_CleaningWithoutRebuilding)' != 'true') was evaluated as ('' != '' and '' != 'true').
   2:6>Target "ResolveLockFileCopyLocalFiles" in file "C:\Program Files\dotnet\sdk\8.0.423\Sdks\Microsoft.NET.Sdk\targets\Microsoft.PackageDependencyResolution.targets" from project "C:\Users\Tony\.gemini\antigravity\scratch\marksmith\MdToPdf.Core\MdToPdf.Core.csproj" (target "ResolvePackageDependenciesForBuild" depends on it):
   2:6>Done building target "ResolveLockFileCopyLocalFiles" in project "MdToPdf.Core.csproj".
       Target "ResolveRuntimePackAssets" skipped, due to false condition; ('@(RuntimePack)' != '') was evaluated as ('' != '').
       Target "RunProduceContentAssets" skipped, due to false condition; ('@(_ContentFilesToPreprocess)' != '' and '$(_CleaningWithoutRebuilding)' != 'true') was evaluated as ('' != '' and '' != 'true').
       Target "ResolvePackageAssets" skipped. Previously built successfully.
   2:6>Target "IncludeTransitiveProjectReferences" in file "C:\Program Files\dotnet\sdk\8.0.423\Sdks\Microsoft.NET.Sdk\targets\Microsoft.PackageDependencyResolution.targets" from project "C:\Users\Tony\.gemini\antigravity\scratch\marksmith\MdToPdf.Core\MdToPdf.Core.csproj" (target "ResolvePackageDependenciesForBuild" depends on it):
   2:6>Done building target "IncludeTransitiveProjectReferences" in project "MdToPdf.Core.csproj".
   2:6>Target "ResolvePackageDependenciesForBuild" in file "C:\Program Files\dotnet\sdk\8.0.423\Sdks\Microsoft.NET.Sdk\targets\Microsoft.PackageDependencyResolution.targets" from project "C:\Users\Tony\.gemini\antigravity\scratch\marksmith\MdToPdf.Core\MdToPdf.Core.csproj" (target "AssignProjectConfiguration" depends on it):
   2:6>Done building target "ResolvePackageDependenciesForBuild" in project "MdToPdf.Core.csproj".
       Target "MVVMToolkitRemoveAnalyzersForRosynNotFound" skipped, due to false condition; ('$(CSharpCoreTargetsPath)' == '') was evaluated as ('C:\Program Files\dotnet\sdk\8.0.423\Roslyn\Microsoft.CSharp.Core.targets' == '').
   2:6>Target "MVVMToolkitGatherAnalyzers" in file "C:\Users\Tony\.nuget\packages\communitytoolkit.mvvm\8.3.2\buildTransitive\CommunityToolkit.Mvvm.SourceGenerators.targets" from project "C:\Users\Tony\.gemini\antigravity\scratch\marksmith\MdToPdf.Core\MdToPdf.Core.csproj" (target "MVVMToolkitRemoveAnalyzersForRoslyn3" depends on it):
   2:6>Done building target "MVVMToolkitGatherAnalyzers" in project "MdToPdf.Core.csproj".
   2:6>Target "MVVMToolkitRemoveAnalyzersForRoslyn3" in file "C:\Users\Tony\.nuget\packages\communitytoolkit.mvvm\8.3.2\buildTransitive\CommunityToolkit.Mvvm.SourceGenerators.targets" from project "C:\Users\Tony\.gemini\antigravity\scratch\marksmith\MdToPdf.Core\MdToPdf.Core.csproj" (target "AssignProjectConfiguration" depends on it):
       Task "GetAssemblyIdentity"
       Done executing task "GetAssemblyIdentity".
       Task "Warning" skipped, due to false condition; ('$(MVVMToolkitCurrentCompilerVersionIsNotNewEnough)' == 'true') was evaluated as ('' == 'true').
   2:6>Done building target "MVVMToolkitRemoveAnalyzersForRoslyn3" in project "MdToPdf.Core.csproj".
       Target "MVVMToolkitRemoveDuplicateAnalyzersWhenRoslynComponentVersioningIsNotSupported" skipped, due to false condition; ('$(MVVMToolkitIsManualRoslynMultiTargetingLogicNeeded)' == 'true') was evaluated as ('' == 'true').
       Target "MVVMToolkitWarnForPackagesConfigUse" skipped, due to false condition; ('$(UsingMicrosoftNetSDK)' != 'true') was evaluated as ('true' != 'true').
       Target "AssignProjectConfiguration" skipped, due to false condition; ('$(CurrentSolutionConfigurationContents)' != '' or '@(ProjectReference)'!='') was evaluated as ('' != '' or ''!='').
   2:6>Target "_SplitProjectReferencesByFileExistence" in file "C:\Program Files\dotnet\sdk\8.0.423\Microsoft.Common.CurrentVersion.targets" from project "C:\Users\Tony\.gemini\antigravity\scratch\marksmith\MdToPdf.Core\MdToPdf.Core.csproj" (target "PrepareProjectReferences" depends on it):
       Task "ResolveNonMSBuildProjectOutput" skipped, due to false condition; ('$(BuildingInsideVisualStudio)'=='true' and '@(ProjectReferenceWithConfiguration)'!='') was evaluated as (''=='true' and ''!='').
   2:6>Done building target "_SplitProjectReferencesByFileExistence" in project "MdToPdf.Core.csproj".
   2:6>Target "_AddOutputPathToGlobalPropertiesToRemove" in file "C:\Program Files\dotnet\sdk\8.0.423\Microsoft.Common.CurrentVersion.targets" from project "C:\Users\Tony\.gemini\antigravity\scratch\marksmith\MdToPdf.Core\MdToPdf.Core.csproj" (target "_GetProjectReferenceTargetFrameworkProperties" depends on it):
   2:6>Done building target "_AddOutputPathToGlobalPropertiesToRemove" in project "MdToPdf.Core.csproj".
   2:6>Target "_GetProjectReferenceTargetFrameworkProperties" in file "C:\Program Files\dotnet\sdk\8.0.423\Microsoft.Common.CurrentVersion.targets" from project "C:\Users\Tony\.gemini\antigravity\scratch\marksmith\MdToPdf.Core\MdToPdf.Core.csproj" (target "PrepareProjectReferences" depends on it):
       Task "MSBuild"
       Done executing task "MSBuild".
       Task "MSBuild" skipped, due to false condition; ('%(_MSBuildProjectReferenceExistent.SkipGetTargetFrameworkProperties)' != 'true' and '$(EnableDynamicPlatformResolution)' == 'true') was evaluated as ('' != 'true' and '' == 'true').
       Task "GetReferenceNearestTargetFrameworkTask" skipped, due to false condition; ('@(_ProjectReferenceTargetFrameworkPossibilities)' != '' and '$(ReferringTargetFrameworkForProjectReferences)' != ''
                                                               And '$(GetReferenceNearestTargetFrameworkTaskSupportsTargetPlatformParameter)' == 'true' and '%(_ProjectReferenceTargetFrameworkPossibilities.IsVcxOrNativeProj)' != 'true') was evaluated as ('' != '' and '.NETCoreApp,Version=v8.0' != ''
                                                               And 'true' == 'true' and '' != 'true').
       Task "GetReferenceNearestTargetFrameworkTask" skipped, due to false condition; ('@(_ProjectReferenceTargetFrameworkPossibilities)' != '' and '$(ReferringTargetFrameworkForProjectReferences)' != ''
                                                               And '$(GetReferenceNearestTargetFrameworkTaskSupportsTargetPlatformParameter)' != 'true' and '%(_ProjectReferenceTargetFrameworkPossibilities.IsVcxOrNativeProj)' != 'true') was evaluated as ('' != '' and '.NETCoreApp,Version=v8.0' != ''
                                                               And 'true' != 'true' and '' != 'true').
       Task "SetRidAgnosticValueForProjects"
       Done executing task "SetRidAgnosticValueForProjects".
   2:6>Done building target "_GetProjectReferenceTargetFrameworkProperties" in project "MdToPdf.Core.csproj".
   2:6>Target "ValidateExecutableReferences" in file "C:\Program Files\dotnet\sdk\8.0.423\Sdks\Microsoft.NET.Sdk\targets\Microsoft.NET.Sdk.targets" from project "C:\Users\Tony\.gemini\antigravity\scratch\marksmith\MdToPdf.Core\MdToPdf.Core.csproj" (target "PrepareProjectReferences" depends on it):
       Using "ValidateExecutableReferences" task from assembly "C:\Program Files\dotnet\sdk\8.0.423\Sdks\Microsoft.NET.Sdk\targets\..\tools\net8.0\Microsoft.NET.Build.Tasks.dll".
       Task "ValidateExecutableReferences"
       Done executing task "ValidateExecutableReferences".
   2:6>Done building target "ValidateExecutableReferences" in project "MdToPdf.Core.csproj".
       Target "_GetProjectReferencePlatformProperties" skipped, due to false condition; ('$(EnableDynamicPlatformResolution)' == 'true'
                            and '@(_MSBuildProjectReferenceExistent)' != '') was evaluated as ('' == 'true'
                            and '' != '').
   2:6>Target "PrepareProjectReferences" in file "C:\Program Files\dotnet\sdk\8.0.423\Microsoft.Common.CurrentVersion.targets" from project "C:\Users\Tony\.gemini\antigravity\scratch\marksmith\MdToPdf.Core\MdToPdf.Core.csproj" (target "ResolveProjectReferences" depends on it):
   2:6>Done building target "PrepareProjectReferences" in project "MdToPdf.Core.csproj".
   2:6>Target "ResolveProjectReferences" in file "C:\Program Files\dotnet\sdk\8.0.423\Microsoft.Common.CurrentVersion.targets" from project "C:\Users\Tony\.gemini\antigravity\scratch\marksmith\MdToPdf.Core\MdToPdf.Core.csproj" (target "ResolveReferences" depends on it):
       Task "MSBuild" skipped, due to false condition; ('%(_MSBuildProjectReferenceExistent.BuildReference)' == 'true' and '@(ProjectReferenceWithConfiguration)' != '' and ('$(BuildingInsideVisualStudio)' == 'true' or '$(BuildProjectReferences)' != 'true') and '$(VisualStudioVersion)' != '10.0' and '@(_MSBuildProjectReferenceExistent)' != '') was evaluated as ('' == 'true' and '' != '' and ('' == 'true' or 'true' != 'true') and '17.0' != '10.0' and '' != '').
       Task "MSBuild" skipped, due to false condition; ('%(_MSBuildProjectReferenceExistent.BuildReference)' == 'true' and '@(ProjectReferenceWithConfiguration)' != '' and '$(BuildingInsideVisualStudio)' != 'true' and '$(BuildProjectReferences)' == 'true' and '@(_MSBuildProjectReferenceExistent)' != '') was evaluated as ('' == 'true' and '' != '' and '' != 'true' and 'true' == 'true' and '' != '').
       Task "MSBuild" skipped, due to false condition; ('%(_MSBuildProjectReferenceExistent.BuildReference)' == 'true' and '@(ProjectReferenceWithConfiguration)' != '' and '$(BuildingProject)' == 'true' and '@(_MSBuildProjectReferenceExistent)' != '') was evaluated as ('' == 'true' and '' != '' and 'true' == 'true' and '' != '').
       Task "Warning" skipped, due to false condition; ('@(ProjectReferenceWithConfiguration)' != '' and '@(_MSBuildProjectReferenceNonexistent)' != '') was evaluated as ('' != '' and '' != '').
   2:6>Done building target "ResolveProjectReferences" in project "MdToPdf.Core.csproj".
       Target "FindInvalidProjectReferences" skipped, due to false condition; ('$(FindInvalidProjectReferences)' == 'true') was evaluated as ('' == 'true').
       Target "ResolveNativeReferences" skipped, due to false condition; ('@(NativeReference)'!='') was evaluated as (''!='').
       Target "ResolveProjectReferences" skipped. Previously built successfully.
       Target "FindInvalidProjectReferences" skipped, due to false condition; ('$(FindInvalidProjectReferences)' == 'true') was evaluated as ('' == 'true').
       Target "GetFrameworkPaths" skipped. Previously built successfully.
       Target "GetReferenceAssemblyPaths" skipped. Previously built successfully.
       Target "PrepareForBuild" skipped. Previously built successfully.
       Target "GetInstalledSDKLocations" skipped, due to false condition; ('@(SDKReference)' != '') was evaluated as ('' != '').
   2:6>Target "ResolveSDKReferences" in file "C:\Program Files\dotnet\sdk\8.0.423\Microsoft.Common.CurrentVersion.targets" from project "C:\Users\Tony\.gemini\antigravity\scratch\marksmith\MdToPdf.Core\MdToPdf.Core.csproj" (target "ResolveAssemblyReferences" depends on it):
       Task "ResolveSDKReference" skipped, due to false condition; ('@(SDKReference)'!='') was evaluated as (''!='').
   2:6>Done building target "ResolveSDKReferences" in project "MdToPdf.Core.csproj".
       Target "ResolveSDKReferences" skipped. Previously built successfully.
   2:6>Target "ExpandSDKReferences" in file "C:\Program Files\dotnet\sdk\8.0.423\Microsoft.Common.CurrentVersion.targets" from project "C:\Users\Tony\.gemini\antigravity\scratch\marksmith\MdToPdf.Core\MdToPdf.Core.csproj" (target "ResolveAssemblyReferences" depends on it):
       Task "GetSDKReferenceFiles" skipped, due to false condition; ('@(ResolvedSDKReference)'!='') was evaluated as (''!='').
   2:6>Done building target "ExpandSDKReferences" in project "MdToPdf.Core.csproj".
       Target "ResolvePackageDependenciesForBuild" skipped. Previously built successfully.
       Target "GetFrameworkPaths" skipped. Previously built successfully.
       Target "GetReferenceAssemblyPaths" skipped. Previously built successfully.
       Target "ProcessFrameworkReferences" skipped. Previously built successfully.
       Target "ResolvePackageAssets" skipped. Previously built successfully.
   2:6>Target "ResolveFrameworkReferences" in file "C:\Program Files\dotnet\sdk\8.0.423\Sdks\Microsoft.NET.Sdk\targets\Microsoft.NET.Sdk.FrameworkReferenceResolution.targets" from project "C:\Users\Tony\.gemini\antigravity\scratch\marksmith\MdToPdf.Core\MdToPdf.Core.csproj" (target "ResolveTargetingPackAssets" depends on it):
       Using "GetPackageDirectory" task from assembly "C:\Program Files\dotnet\sdk\8.0.423\Sdks\Microsoft.NET.Sdk\targets\..\tools\net8.0\Microsoft.NET.Build.Tasks.dll".
       Task "GetPackageDirectory"
       Done executing task "GetPackageDirectory".
       Task "GetPackageDirectory"
       Done executing task "GetPackageDirectory".
       Task "GetPackageDirectory"
       Done executing task "GetPackageDirectory".
       Task "GetPackageDirectory"
       Done executing task "GetPackageDirectory".
       Task "GetPackageDirectory"
       Done executing task "GetPackageDirectory".
       Task "GetPackageDirectory"
       Done executing task "GetPackageDirectory".
       Task "GetPackageDirectory"
       Done executing task "GetPackageDirectory".
       Task "GetPackageDirectory"
       Done executing task "GetPackageDirectory".
       Task "GetPackageDirectory"
       Done executing task "GetPackageDirectory".
       Task "GetPackageDirectory"
       Done executing task "GetPackageDirectory".
       Using "ResolveFrameworkReferences" task from assembly "C:\Program Files\dotnet\sdk\8.0.423\Sdks\Microsoft.NET.Sdk\targets\..\tools\net8.0\Microsoft.NET.Build.Tasks.dll".
       Task "ResolveFrameworkReferences"
       Done executing task "ResolveFrameworkReferences".
   2:6>Done building target "ResolveFrameworkReferences" in project "MdToPdf.Core.csproj".
   2:6>Target "ResolveTargetingPackAssets" in file "C:\Program Files\dotnet\sdk\8.0.423\Sdks\Microsoft.NET.Sdk\targets\Microsoft.NET.Sdk.FrameworkReferenceResolution.targets" from project "C:\Users\Tony\.gemini\antigravity\scratch\marksmith\MdToPdf.Core\MdToPdf.Core.csproj" (target "_HandlePackageFileConflicts" depends on it):
       Using "ResolveTargetingPackAssets" task from assembly "C:\Program Files\dotnet\sdk\8.0.423\Sdks\Microsoft.NET.Sdk\targets\..\tools\net8.0\Microsoft.NET.Build.Tasks.dll".
       Task "ResolveTargetingPackAssets"
       Done executing task "ResolveTargetingPackAssets".
   2:6>Done building target "ResolveTargetingPackAssets" in project "MdToPdf.Core.csproj".
   2:6>Target "ResolveOffByDefaultAnalyzers" in file "C:\Program Files\dotnet\sdk\8.0.423\Sdks\Microsoft.NET.Sdk\targets\Microsoft.NET.Sdk.FrameworkReferenceResolution.targets" from project "C:\Users\Tony\.gemini\antigravity\scratch\marksmith\MdToPdf.Core\MdToPdf.Core.csproj" (target "_HandlePackageFileConflicts" depends on it):
   2:6>Done building target "ResolveOffByDefaultAnalyzers" in project "MdToPdf.Core.csproj".
   2:6>Target "_HandlePackageFileConflicts" in file "C:\Program Files\dotnet\sdk\8.0.423\Sdks\Microsoft.NET.Sdk\targets\Microsoft.NET.ConflictResolution.targets" from project "C:\Users\Tony\.gemini\antigravity\scratch\marksmith\MdToPdf.Core\MdToPdf.Core.csproj" (target "ResolveAssemblyReferences" depends on it):
       Using "ResolvePackageFileConflicts" task from assembly "C:\Program Files\dotnet\sdk\8.0.423\Sdks\Microsoft.NET.Sdk\targets\..\tools\net8.0\Microsoft.NET.Build.Tasks.dll".
       Task "ResolvePackageFileConflicts"
         Encountered conflict between 'Platform:mscorlib.dll' and 'Platform:mscorlib.dll'. Could not determine winner due to equal file and assembly versions.
         Encountered conflict between 'Platform:Microsoft.VisualBasic.dll' and 'Platform:Microsoft.VisualBasic.dll'. Could not determine winner due to equal file and assembly versions.
         Encountered conflict between 'Platform:System.dll' and 'Platform:System.dll'. Could not determine winner due to equal file and assembly versions.
         Encountered conflict between 'Platform:System.ComponentModel.DataAnnotations.dll' and 'Platform:System.ComponentModel.DataAnnotations.dll'. Could not determine winner due to equal file and assembly versions.
         Encountered conflict between 'Platform:System.Configuration.dll' and 'Platform:System.Configuration.dll'. Could not determine winner due to equal file and assembly versions.
         Encountered conflict between 'Platform:System.Core.dll' and 'Platform:System.Core.dll'. Could not determine winner due to equal file and assembly versions.
         Encountered conflict between 'Platform:System.Data.dll' and 'Platform:System.Data.dll'. Could not determine winner due to equal file and assembly versions.
         Encountered conflict between 'Platform:System.Drawing.dll' and 'Platform:System.Drawing.dll'. Could not determine winner due to equal file and assembly versions.
         Encountered conflict between 'Platform:System.IO.Compression.FileSystem.dll' and 'Platform:System.IO.Compression.FileSystem.dll'. Could not determine winner due to equal file and assembly versions.
         Encountered conflict between 'Platform:System.Net.dll' and 'Platform:System.Net.dll'. Could not determine winner due to equal file and assembly versions.
         Encountered conflict between 'Platform:System.Numerics.dll' and 'Platform:System.Numerics.dll'. Could not determine winner due to equal file and assembly versions.
         Encountered conflict between 'Platform:System.Runtime.Serialization.dll' and 'Platform:System.Runtime.Serialization.dll'. Could not determine winner due to equal file and assembly versions.
         Encountered conflict between 'Platform:System.Security.dll' and 'Platform:System.Security.dll'. Could not determine winner due to equal file and assembly versions.
         Encountered conflict between 'Platform:System.ServiceProcess.dll' and 'Platform:System.ServiceProcess.dll'. Could not determine winner due to equal file and assembly versions.
         Encountered conflict between 'Platform:System.ServiceModel.Web.dll' and 'Platform:System.ServiceModel.Web.dll'. Could not determine winner due to equal file and assembly versions.
         Encountered conflict between 'Platform:System.Transactions.dll' and 'Platform:System.Transactions.dll'. Could not determine winner due to equal file and assembly versions.
         Encountered conflict between 'Platform:System.Web.dll' and 'Platform:System.Web.dll'. Could not determine winner due to equal file and assembly versions.
         Encountered conflict between 'Platform:System.Windows.dll' and 'Platform:System.Windows.dll'. Could not determine winner due to equal file and assembly versions.
         Encountered conflict between 'Platform:System.Xml.dll' and 'Platform:System.Xml.dll'. Could not determine winner due to equal file and assembly versions.
         Encountered conflict between 'Platform:System.Xml.Serialization.dll' and 'Platform:System.Xml.Serialization.dll'. Could not determine winner due to equal file and assembly versions.
         Encountered conflict between 'Platform:System.Xml.Linq.dll' and 'Platform:System.Xml.Linq.dll'. Could not determine winner due to equal file and assembly versions.
         Encountered conflict between 'Platform:WindowsBase.dll' and 'Platform:WindowsBase.dll'. Could not determine winner due to equal file and assembly versions.
         Encountered conflict between 'Platform:netstandard.dll' and 'Platform:netstandard.dll'. Could not determine winner due to equal file and assembly versions.
         Encountered conflict between 'Platform:System.Private.CoreLib.dll' and 'Platform:System.Private.CoreLib.dll'. Could not determine winner due to equal file and assembly versions.
         Encountered conflict between 'Platform:System.Private.DataContractSerialization.dll' and 'Platform:System.Private.DataContractSerialization.dll'. Could not determine winner due to equal file and assembly versions.
         Encountered conflict between 'Platform:System.Private.Uri.dll' and 'Platform:System.Private.Uri.dll'. Could not determine winner due to equal file and assembly versions.
         Encountered conflict between 'Platform:System.Private.Xml.dll' and 'Platform:System.Private.Xml.dll'. Could not determine winner due to equal file and assembly versions.
         Encountered conflict between 'Platform:System.Private.Xml.Linq.dll' and 'Platform:System.Private.Xml.Linq.dll'. Could not determine winner due to equal file and assembly versions.
         Encountered conflict between 'Platform:mscordaccore_amd64_amd64_8.0.2926.32403.dll' and 'Platform:mscordaccore_amd64_amd64_8.0.2926.32403.dll'. Could not determine winner due to equal file and assembly versions.
       Done executing task "ResolvePackageFileConflicts".
   2:6>Done building target "_HandlePackageFileConflicts" in project "MdToPdf.Core.csproj".
       Target "ResolveTargetingPackAssets" skipped. Previously built successfully.
   2:6>Target "ResolveAssemblyReferences" in file "C:\Program Files\dotnet\sdk\8.0.423\Microsoft.Common.CurrentVersion.targets" from project "C:\Users\Tony\.gemini\antigravity\scratch\marksmith\MdToPdf.Core\MdToPdf.Core.csproj" (target "ResolveReferences" depends on it):
       Using "ResolveAssemblyReference" task from assembly "Microsoft.Build.Tasks.Core, Version=15.1.0.0, Culture=neutral, PublicKeyToken=b03f5f7f11d50a3a".
       Task "ResolveAssemblyReference"
         TargetFrameworkMoniker:
             .NETCoreApp,Version=v8.0
         TargetFrameworkMonikerDisplayName:
             .NET 8.0
         TargetedRuntimeVersion:
             
         Assemblies:
             C:\Users\Tony\.nuget\packages\communitytoolkit.mvvm\8.3.2\lib\net8.0\CommunityToolkit.Mvvm.dll
                 Private = 'false'
                 HintPath = 'C:\Users\Tony\.nuget\packages\communitytoolkit.mvvm\8.3.2\lib\net8.0\CommunityToolkit.Mvvm.dll'
             C:\Users\Tony\.nuget\packages\documentformat.openxml\3.1.0\lib\net8.0\DocumentFormat.OpenXml.dll
                 Private = 'false'
                 HintPath = 'C:\Users\Tony\.nuget\packages\documentformat.openxml\3.1.0\lib\net8.0\DocumentFormat.OpenXml.dll'
             C:\Users\Tony\.nuget\packages\documentformat.openxml.framework\3.1.0\lib\net8.0\DocumentFormat.OpenXml.Framework.dll
                 Private = 'false'
                 HintPath = 'C:\Users\Tony\.nuget\packages\documentformat.openxml.framework\3.1.0\lib\net8.0\DocumentFormat.OpenXml.Framework.dll'
             C:\Users\Tony\.nuget\packages\excss\4.3.0\lib\net8.0\ExCSS.dll
                 Private = 'false'
                 HintPath = 'C:\Users\Tony\.nuget\packages\excss\4.3.0\lib\net8.0\ExCSS.dll'
             C:\Users\Tony\.nuget\packages\harfbuzzsharp\7.3.0.3\lib\net6.0\HarfBuzzSharp.dll
                 Private = 'false'
                 HintPath = 'C:\Users\Tony\.nuget\packages\harfbuzzsharp\7.3.0.3\lib\net6.0\HarfBuzzSharp.dll'
             C:\Users\Tony\.nuget\packages\markdig\0.37.0\lib\net8.0\Markdig.dll
                 Private = 'false'
                 HintPath = 'C:\Users\Tony\.nuget\packages\markdig\0.37.0\lib\net8.0\Markdig.dll'
             C:\Users\Tony\.nuget\packages\sharpcompress\0.49.1\lib\net8.0\SharpCompress.dll
                 Private = 'false'
                 HintPath = 'C:\Users\Tony\.nuget\packages\sharpcompress\0.49.1\lib\net8.0\SharpCompress.dll'
             C:\Users\Tony\.nuget\packages\shimskiasharp\2.0.0.5\lib\net8.0\ShimSkiaSharp.dll
                 Private = 'false'
                 HintPath = 'C:\Users\Tony\.nuget\packages\shimskiasharp\2.0.0.5\lib\net8.0\ShimSkiaSharp.dll'
             C:\Users\Tony\.nuget\packages\skiasharp\2.88.9\lib\net6.0\SkiaSharp.dll
                 Private = 'false'
                 HintPath = 'C:\Users\Tony\.nuget\packages\skiasharp\2.88.9\lib\net6.0\SkiaSharp.dll'
             C:\Users\Tony\.nuget\packages\skiasharp.harfbuzz\2.88.9\lib\net6.0\SkiaSharp.HarfBuzz.dll
                 Private = 'false'
                 HintPath = 'C:\Users\Tony\.nuget\packages\skiasharp.harfbuzz\2.88.9\lib\net6.0\SkiaSharp.HarfBuzz.dll'
             C:\Users\Tony\.nuget\packages\svg.custom\2.0.0.5\lib\net8.0\Svg.Custom.dll
                 Private = 'false'
                 HintPath = 'C:\Users\Tony\.nuget\packages\svg.custom\2.0.0.5\lib\net8.0\Svg.Custom.dll'
             C:\Users\Tony\.nuget\packages\svg.model\2.0.0.5\lib\net8.0\Svg.Model.dll
                 Private = 'false'
                 HintPath = 'C:\Users\Tony\.nuget\packages\svg.model\2.0.0.5\lib\net8.0\Svg.Model.dll'
             C:\Users\Tony\.nuget\packages\svg.skia\2.0.0.5\lib\net8.0\Svg.Skia.dll
                 Private = 'false'
                 HintPath = 'C:\Users\Tony\.nuget\packages\svg.skia\2.0.0.5\lib\net8.0\Svg.Skia.dll'
             C:\Users\Tony\.nuget\packages\system.io.packaging\8.0.0\lib\net8.0\System.IO.Packaging.dll
                 Private = 'false'
                 HintPath = 'C:\Users\Tony\.nuget\packages\system.io.packaging\8.0.0\lib\net8.0\System.IO.Packaging.dll'
             C:\Program Files\dotnet\packs\Microsoft.NETCore.App.Ref\8.0.29\ref/net8.0/Microsoft.CSharp.dll
                 Private = 'false'
             C:\Program Files\dotnet\packs\Microsoft.NETCore.App.Ref\8.0.29\ref/net8.0/Microsoft.VisualBasic.Core.dll
                 Private = 'false'
             C:\Program Files\dotnet\packs\Microsoft.NETCore.App.Ref\8.0.29\ref/net8.0/Microsoft.VisualBasic.dll
                 Private = 'false'
             C:\Program Files\dotnet\packs\Microsoft.NETCore.App.Ref\8.0.29\ref/net8.0/Microsoft.Win32.Primitives.dll
                 Private = 'false'
             C:\Program Files\dotnet\packs\Microsoft.NETCore.App.Ref\8.0.29\ref/net8.0/Microsoft.Win32.Registry.dll
                 Private = 'false'
             C:\Program Files\dotnet\packs\Microsoft.NETCore.App.Ref\8.0.29\ref/net8.0/System.AppContext.dll
                 Private = 'false'
             C:\Program Files\dotnet\packs\Microsoft.NETCore.App.Ref\8.0.29\ref/net8.0/System.Buffers.dll
                 Private = 'false'
             C:\Program Files\dotnet\packs\Microsoft.NETCore.App.Ref\8.0.29\ref/net8.0/System.Collections.Concurrent.dll
                 Private = 'false'
             C:\Program Files\dotnet\packs\Microsoft.NETCore.App.Ref\8.0.29\ref/net8.0/System.Collections.Immutable.dll
                 Private = 'false'
             C:\Program Files\dotnet\packs\Microsoft.NETCore.App.Ref\8.0.29\ref/net8.0/System.Collections.NonGeneric.dll
                 Private = 'false'
             C:\Program Files\dotnet\packs\Microsoft.NETCore.App.Ref\8.0.29\ref/net8.0/System.Collections.Specialized.dll
                 Private = 'false'
             C:\Program Files\dotnet\packs\Microsoft.NETCore.App.Ref\8.0.29\ref/net8.0/System.Collections.dll
                 Private = 'false'
             C:\Program Files\dotnet\packs\Microsoft.NETCore.App.Ref\8.0.29\ref/net8.0/System.ComponentModel.Annotations.dll
                 Private = 'false'
             C:\Program Files\dotnet\packs\Microsoft.NETCore.App.Ref\8.0.29\ref/net8.0/System.ComponentModel.DataAnnotations.dll
                 Private = 'false'
             C:\Program Files\dotnet\packs\Microsoft.NETCore.App.Ref\8.0.29\ref/net8.0/System.ComponentModel.EventBasedAsync.dll
                 Private = 'false'
             C:\Program Files\dotnet\packs\Microsoft.NETCore.App.Ref\8.0.29\ref/net8.0/System.ComponentModel.Primitives.dll
                 Private = 'false'
             C:\Program Files\dotnet\packs\Microsoft.NETCore.App.Ref\8.0.29\ref/net8.0/System.ComponentModel.TypeConverter.dll
                 Private = 'false'
             C:\Program Files\dotnet\packs\Microsoft.NETCore.App.Ref\8.0.29\ref/net8.0/System.ComponentModel.dll
                 Private = 'false'
             C:\Program Files\dotnet\packs\Microsoft.NETCore.App.Ref\8.0.29\ref/net8.0/System.Configuration.dll
                 Private = 'false'
             C:\Program Files\dotnet\packs\Microsoft.NETCore.App.Ref\8.0.29\ref/net8.0/System.Console.dll
                 Private = 'false'
             C:\Program Files\dotnet\packs\Microsoft.NETCore.App.Ref\8.0.29\ref/net8.0/System.Core.dll
                 Private = 'false'
             C:\Program Files\dotnet\packs\Microsoft.NETCore.App.Ref\8.0.29\ref/net8.0/System.Data.Common.dll
                 Private = 'false'
             C:\Program Files\dotnet\packs\Microsoft.NETCore.App.Ref\8.0.29\ref/net8.0/System.Data.DataSetExtensions.dll
                 Private = 'false'
             C:\Program Files\dotnet\packs\Microsoft.NETCore.App.Ref\8.0.29\ref/net8.0/System.Data.dll
                 Private = 'false'
             C:\Program Files\dotnet\packs\Microsoft.NETCore.App.Ref\8.0.29\ref/net8.0/System.Diagnostics.Contracts.dll
                 Private = 'false'
             C:\Program Files\dotnet\packs\Microsoft.NETCore.App.Ref\8.0.29\ref/net8.0/System.Diagnostics.Debug.dll
                 Private = 'false'
             C:\Program Files\dotnet\packs\Microsoft.NETCore.App.Ref\8.0.29\ref/net8.0/System.Diagnostics.DiagnosticSource.dll
                 Private = 'false'
             C:\Program Files\dotnet\packs\Microsoft.NETCore.App.Ref\8.0.29\ref/net8.0/System.Diagnostics.FileVersionInfo.dll
                 Private = 'false'
             C:\Program Files\dotnet\packs\Microsoft.NETCore.App.Ref\8.0.29\ref/net8.0/System.Diagnostics.Process.dll
                 Private = 'false'
             C:\Program Files\dotnet\packs\Microsoft.NETCore.App.Ref\8.0.29\ref/net8.0/System.Diagnostics.StackTrace.dll
                 Private = 'false'
             C:\Program Files\dotnet\packs\Microsoft.NETCore.App.Ref\8.0.29\ref/net8.0/System.Diagnostics.TextWriterTraceListener.dll
                 Private = 'false'
             C:\Program Files\dotnet\packs\Microsoft.NETCore.App.Ref\8.0.29\ref/net8.0/System.Diagnostics.Tools.dll
                 Private = 'false'
             C:\Program Files\dotnet\packs\Microsoft.NETCore.App.Ref\8.0.29\ref/net8.0/System.Diagnostics.TraceSource.dll
                 Private = 'false'
             C:\Program Files\dotnet\packs\Microsoft.NETCore.App.Ref\8.0.29\ref/net8.0/System.Diagnostics.Tracing.dll
                 Private = 'false'
             C:\Program Files\dotnet\packs\Microsoft.NETCore.App.Ref\8.0.29\ref/net8.0/System.Drawing.Primitives.dll
                 Private = 'false'
             C:\Program Files\dotnet\packs\Microsoft.NETCore.App.Ref\8.0.29\ref/net8.0/System.Drawing.dll
                 Private = 'false'
             C:\Program Files\dotnet\packs\Microsoft.NETCore.App.Ref\8.0.29\ref/net8.0/System.Dynamic.Runtime.dll
                 Private = 'false'
             C:\Program Files\dotnet\packs\Microsoft.NETCore.App.Ref\8.0.29\ref/net8.0/System.Formats.Asn1.dll
                 Private = 'false'
             C:\Program Files\dotnet\packs\Microsoft.NETCore.App.Ref\8.0.29\ref/net8.0/System.Formats.Tar.dll
                 Private = 'false'
             C:\Program Files\dotnet\packs\Microsoft.NETCore.App.Ref\8.0.29\ref/net8.0/System.Globalization.Calendars.dll
                 Private = 'false'
             C:\Program Files\dotnet\packs\Microsoft.NETCore.App.Ref\8.0.29\ref/net8.0/System.Globalization.Extensions.dll
                 Private = 'false'
             C:\Program Files\dotnet\packs\Microsoft.NETCore.App.Ref\8.0.29\ref/net8.0/System.Globalization.dll
                 Private = 'false'
             C:\Program Files\dotnet\packs\Microsoft.NETCore.App.Ref\8.0.29\ref/net8.0/System.IO.Compression.Brotli.dll
                 Private = 'false'
             C:\Program Files\dotnet\packs\Microsoft.NETCore.App.Ref\8.0.29\ref/net8.0/System.IO.Compression.FileSystem.dll
                 Private = 'false'
             C:\Program Files\dotnet\packs\Microsoft.NETCore.App.Ref\8.0.29\ref/net8.0/System.IO.Compression.ZipFile.dll
                 Private = 'false'
             C:\Program Files\dotnet\packs\Microsoft.NETCore.App.Ref\8.0.29\ref/net8.0/System.IO.Compression.dll
                 Private = 'false'
             C:\Program Files\dotnet\packs\Microsoft.NETCore.App.Ref\8.0.29\ref/net8.0/System.IO.FileSystem.AccessControl.dll
                 Private = 'false'
             C:\Program Files\dotnet\packs\Microsoft.NETCore.App.Ref\8.0.29\ref/net8.0/System.IO.FileSystem.DriveInfo.dll
                 Private = 'false'
             C:\Program Files\dotnet\packs\Microsoft.NETCore.App.Ref\8.0.29\ref/net8.0/System.IO.FileSystem.Primitives.dll
                 Private = 'false'
             C:\Program Files\dotnet\packs\Microsoft.NETCore.App.Ref\8.0.29\ref/net8.0/System.IO.FileSystem.Watcher.dll
                 Private = 'false'
             C:\Program Files\dotnet\packs\Microsoft.NETCore.App.Ref\8.0.29\ref/net8.0/System.IO.FileSystem.dll
                 Private = 'false'
             C:\Program Files\dotnet\packs\Microsoft.NETCore.App.Ref\8.0.29\ref/net8.0/System.IO.IsolatedStorage.dll
                 Private = 'false'
             C:\Program Files\dotnet\packs\Microsoft.NETCore.App.Ref\8.0.29\ref/net8.0/System.IO.MemoryMappedFiles.dll
                 Private = 'false'
             C:\Program Files\dotnet\packs\Microsoft.NETCore.App.Ref\8.0.29\ref/net8.0/System.IO.Pipes.AccessControl.dll
                 Private = 'false'
             C:\Program Files\dotnet\packs\Microsoft.NETCore.App.Ref\8.0.29\ref/net8.0/System.IO.Pipes.dll
                 Private = 'false'
             C:\Program Files\dotnet\packs\Microsoft.NETCore.App.Ref\8.0.29\ref/net8.0/System.IO.UnmanagedMemoryStream.dll
                 Private = 'false'
             C:\Program Files\dotnet\packs\Microsoft.NETCore.App.Ref\8.0.29\ref/net8.0/System.IO.dll
                 Private = 'false'
             C:\Program Files\dotnet\packs\Microsoft.NETCore.App.Ref\8.0.29\ref/net8.0/System.Linq.Expressions.dll
                 Private = 'false'
             C:\Program Files\dotnet\packs\Microsoft.NETCore.App.Ref\8.0.29\ref/net8.0/System.Linq.Parallel.dll
                 Private = 'false'
             C:\Program Files\dotnet\packs\Microsoft.NETCore.App.Ref\8.0.29\ref/net8.0/System.Linq.Queryable.dll
                 Private = 'false'
             C:\Program Files\dotnet\packs\Microsoft.NETCore.App.Ref\8.0.29\ref/net8.0/System.Linq.dll
                 Private = 'false'
             C:\Program Files\dotnet\packs\Microsoft.NETCore.App.Ref\8.0.29\ref/net8.0/System.Memory.dll
                 Private = 'false'
             C:\Program Files\dotnet\packs\Microsoft.NETCore.App.Ref\8.0.29\ref/net8.0/System.Net.Http.Json.dll
                 Private = 'false'
             C:\Program Files\dotnet\packs\Microsoft.NETCore.App.Ref\8.0.29\ref/net8.0/System.Net.Http.dll
                 Private = 'false'
             C:\Program Files\dotnet\packs\Microsoft.NETCore.App.Ref\8.0.29\ref/net8.0/System.Net.HttpListener.dll
                 Private = 'false'
             C:\Program Files\dotnet\packs\Microsoft.NETCore.App.Ref\8.0.29\ref/net8.0/System.Net.Mail.dll
                 Private = 'false'
             C:\Program Files\dotnet\packs\Microsoft.NETCore.App.Ref\8.0.29\ref/net8.0/System.Net.NameResolution.dll
                 Private = 'false'
             C:\Program Files\dotnet\packs\Microsoft.NETCore.App.Ref\8.0.29\ref/net8.0/System.Net.NetworkInformation.dll
                 Private = 'false'
             C:\Program Files\dotnet\packs\Microsoft.NETCore.App.Ref\8.0.29\ref/net8.0/System.Net.Ping.dll
                 Private = 'false'
             C:\Program Files\dotnet\packs\Microsoft.NETCore.App.Ref\8.0.29\ref/net8.0/System.Net.Primitives.dll
                 Private = 'false'
             C:\Program Files\dotnet\packs\Microsoft.NETCore.App.Ref\8.0.29\ref/net8.0/System.Net.Quic.dll
                 Private = 'false'
             C:\Program Files\dotnet\packs\Microsoft.NETCore.App.Ref\8.0.29\ref/net8.0/System.Net.Requests.dll
                 Private = 'false'
             C:\Program Files\dotnet\packs\Microsoft.NETCore.App.Ref\8.0.29\ref/net8.0/System.Net.Security.dll
                 Private = 'false'
             C:\Program Files\dotnet\packs\Microsoft.NETCore.App.Ref\8.0.29\ref/net8.0/System.Net.ServicePoint.dll
                 Private = 'false'
             C:\Program Files\dotnet\packs\Microsoft.NETCore.App.Ref\8.0.29\ref/net8.0/System.Net.Sockets.dll
                 Private = 'false'
             C:\Program Files\dotnet\packs\Microsoft.NETCore.App.Ref\8.0.29\ref/net8.0/System.Net.WebClient.dll
                 Private = 'false'
             C:\Program Files\dotnet\packs\Microsoft.NETCore.App.Ref\8.0.29\ref/net8.0/System.Net.WebHeaderCollection.dll
                 Private = 'false'
             C:\Program Files\dotnet\packs\Microsoft.NETCore.App.Ref\8.0.29\ref/net8.0/System.Net.WebProxy.dll
                 Private = 'false'
             C:\Program Files\dotnet\packs\Microsoft.NETCore.App.Ref\8.0.29\ref/net8.0/System.Net.WebSockets.Client.dll
                 Private = 'false'
             C:\Program Files\dotnet\packs\Microsoft.NETCore.App.Ref\8.0.29\ref/net8.0/System.Net.WebSockets.dll
                 Private = 'false'
             C:\Program Files\dotnet\packs\Microsoft.NETCore.App.Ref\8.0.29\ref/net8.0/System.Net.dll
                 Private = 'false'
             C:\Program Files\dotnet\packs\Microsoft.NETCore.App.Ref\8.0.29\ref/net8.0/System.Numerics.Vectors.dll
                 Private = 'false'
             C:\Program Files\dotnet\packs\Microsoft.NETCore.App.Ref\8.0.29\ref/net8.0/System.Numerics.dll
                 Private = 'false'
             C:\Program Files\dotnet\packs\Microsoft.NETCore.App.Ref\8.0.29\ref/net8.0/System.ObjectModel.dll
                 Private = 'false'
             C:\Program Files\dotnet\packs\Microsoft.NETCore.App.Ref\8.0.29\ref/net8.0/System.Reflection.DispatchProxy.dll
                 Private = 'false'
             C:\Program Files\dotnet\packs\Microsoft.NETCore.App.Ref\8.0.29\ref/net8.0/System.Reflection.Emit.ILGeneration.dll
                 Private = 'false'
             C:\Program Files\dotnet\packs\Microsoft.NETCore.App.Ref\8.0.29\ref/net8.0/System.Reflection.Emit.Lightweight.dll
                 Private = 'false'
             C:\Program Files\dotnet\packs\Microsoft.NETCore.App.Ref\8.0.29\ref/net8.0/System.Reflection.Emit.dll
                 Private = 'false'
             C:\Program Files\dotnet\packs\Microsoft.NETCore.App.Ref\8.0.29\ref/net8.0/System.Reflection.Extensions.dll
                 Private = 'false'
             C:\Program Files\dotnet\packs\Microsoft.NETCore.App.Ref\8.0.29\ref/net8.0/System.Reflection.Metadata.dll
                 Private = 'false'
             C:\Program Files\dotnet\packs\Microsoft.NETCore.App.Ref\8.0.29\ref/net8.0/System.Reflection.Primitives.dll
                 Private = 'false'
             C:\Program Files\dotnet\packs\Microsoft.NETCore.App.Ref\8.0.29\ref/net8.0/System.Reflection.TypeExtensions.dll
                 Private = 'false'
             C:\Program Files\dotnet\packs\Microsoft.NETCore.App.Ref\8.0.29\ref/net8.0/System.Reflection.dll
                 Private = 'false'
             C:\Program Files\dotnet\packs\Microsoft.NETCore.App.Ref\8.0.29\ref/net8.0/System.Resources.Reader.dll
                 Private = 'false'
             C:\Program Files\dotnet\packs\Microsoft.NETCore.App.Ref\8.0.29\ref/net8.0/System.Resources.ResourceManager.dll
                 Private = 'false'
             C:\Program Files\dotnet\packs\Microsoft.NETCore.App.Ref\8.0.29\ref/net8.0/System.Resources.Writer.dll
                 Private = 'false'
             C:\Program Files\dotnet\packs\Microsoft.NETCore.App.Ref\8.0.29\ref/net8.0/System.Runtime.CompilerServices.Unsafe.dll
                 Private = 'false'
             C:\Program Files\dotnet\packs\Microsoft.NETCore.App.Ref\8.0.29\ref/net8.0/System.Runtime.CompilerServices.VisualC.dll
                 Private = 'false'
             C:\Program Files\dotnet\packs\Microsoft.NETCore.App.Ref\8.0.29\ref/net8.0/System.Runtime.Extensions.dll
                 Private = 'false'
             C:\Program Files\dotnet\packs\Microsoft.NETCore.App.Ref\8.0.29\ref/net8.0/System.Runtime.Handles.dll
                 Private = 'false'
             C:\Program Files\dotnet\packs\Microsoft.NETCore.App.Ref\8.0.29\ref/net8.0/System.Runtime.InteropServices.JavaScript.dll
                 Private = 'false'
             C:\Program Files\dotnet\packs\Microsoft.NETCore.App.Ref\8.0.29\ref/net8.0/System.Runtime.InteropServices.RuntimeInformation.dll
                 Private = 'false'
             C:\Program Files\dotnet\packs\Microsoft.NETCore.App.Ref\8.0.29\ref/net8.0/System.Runtime.InteropServices.dll
                 Private = 'false'
             C:\Program Files\dotnet\packs\Microsoft.NETCore.App.Ref\8.0.29\ref/net8.0/System.Runtime.Intrinsics.dll
                 Private = 'false'
             C:\Program Files\dotnet\packs\Microsoft.NETCore.App.Ref\8.0.29\ref/net8.0/System.Runtime.Loader.dll
                 Private = 'false'
             C:\Program Files\dotnet\packs\Microsoft.NETCore.App.Ref\8.0.29\ref/net8.0/System.Runtime.Numerics.dll
                 Private = 'false'
             C:\Program Files\dotnet\packs\Microsoft.NETCore.App.Ref\8.0.29\ref/net8.0/System.Runtime.Serialization.Formatters.dll
                 Private = 'false'
             C:\Program Files\dotnet\packs\Microsoft.NETCore.App.Ref\8.0.29\ref/net8.0/System.Runtime.Serialization.Json.dll
                 Private = 'false'
             C:\Program Files\dotnet\packs\Microsoft.NETCore.App.Ref\8.0.29\ref/net8.0/System.Runtime.Serialization.Primitives.dll
                 Private = 'false'
             C:\Program Files\dotnet\packs\Microsoft.NETCore.App.Ref\8.0.29\ref/net8.0/System.Runtime.Serialization.Xml.dll
                 Private = 'false'
             C:\Program Files\dotnet\packs\Microsoft.NETCore.App.Ref\8.0.29\ref/net8.0/System.Runtime.Serialization.dll
                 Private = 'false'
             C:\Program Files\dotnet\packs\Microsoft.NETCore.App.Ref\8.0.29\ref/net8.0/System.Runtime.dll
                 Private = 'false'
             C:\Program Files\dotnet\packs\Microsoft.NETCore.App.Ref\8.0.29\ref/net8.0/System.Security.AccessControl.dll
                 Private = 'false'
             C:\Program Files\dotnet\packs\Microsoft.NETCore.App.Ref\8.0.29\ref/net8.0/System.Security.Claims.dll
                 Private = 'false'
             C:\Program Files\dotnet\packs\Microsoft.NETCore.App.Ref\8.0.29\ref/net8.0/System.Security.Cryptography.Algorithms.dll
                 Private = 'false'
             C:\Program Files\dotnet\packs\Microsoft.NETCore.App.Ref\8.0.29\ref/net8.0/System.Security.Cryptography.Cng.dll
                 Private = 'false'
             C:\Program Files\dotnet\packs\Microsoft.NETCore.App.Ref\8.0.29\ref/net8.0/System.Security.Cryptography.Csp.dll
                 Private = 'false'
             C:\Program Files\dotnet\packs\Microsoft.NETCore.App.Ref\8.0.29\ref/net8.0/System.Security.Cryptography.Encoding.dll
                 Private = 'false'
             C:\Program Files\dotnet\packs\Microsoft.NETCore.App.Ref\8.0.29\ref/net8.0/System.Security.Cryptography.OpenSsl.dll
                 Private = 'false'
             C:\Program Files\dotnet\packs\Microsoft.NETCore.App.Ref\8.0.29\ref/net8.0/System.Security.Cryptography.Primitives.dll
                 Private = 'false'
             C:\Program Files\dotnet\packs\Microsoft.NETCore.App.Ref\8.0.29\ref/net8.0/System.Security.Cryptography.X509Certificates.dll
                 Private = 'false'
             C:\Program Files\dotnet\packs\Microsoft.NETCore.App.Ref\8.0.29\ref/net8.0/System.Security.Cryptography.dll
                 Private = 'false'
             C:\Program Files\dotnet\packs\Microsoft.NETCore.App.Ref\8.0.29\ref/net8.0/System.Security.Principal.Windows.dll
                 Private = 'false'
             C:\Program Files\dotnet\packs\Microsoft.NETCore.App.Ref\8.0.29\ref/net8.0/System.Security.Principal.dll
                 Private = 'false'
             C:\Program Files\dotnet\packs\Microsoft.NETCore.App.Ref\8.0.29\ref/net8.0/System.Security.SecureString.dll
                 Private = 'false'
             C:\Program Files\dotnet\packs\Microsoft.NETCore.App.Ref\8.0.29\ref/net8.0/System.Security.dll
                 Private = 'false'
             C:\Program Files\dotnet\packs\Microsoft.NETCore.App.Ref\8.0.29\ref/net8.0/System.ServiceModel.Web.dll
                 Private = 'false'
             C:\Program Files\dotnet\packs\Microsoft.NETCore.App.Ref\8.0.29\ref/net8.0/System.ServiceProcess.dll
                 Private = 'false'
             C:\Program Files\dotnet\packs\Microsoft.NETCore.App.Ref\8.0.29\ref/net8.0/System.Text.Encoding.CodePages.dll
                 Private = 'false'
             C:\Program Files\dotnet\packs\Microsoft.NETCore.App.Ref\8.0.29\ref/net8.0/System.Text.Encoding.Extensions.dll
                 Private = 'false'
             C:\Program Files\dotnet\packs\Microsoft.NETCore.App.Ref\8.0.29\ref/net8.0/System.Text.Encoding.dll
                 Private = 'false'
             C:\Program Files\dotnet\packs\Microsoft.NETCore.App.Ref\8.0.29\ref/net8.0/System.Text.Encodings.Web.dll
                 Private = 'false'
             C:\Program Files\dotnet\packs\Microsoft.NETCore.App.Ref\8.0.29\ref/net8.0/System.Text.Json.dll
                 Private = 'false'
             C:\Program Files\dotnet\packs\Microsoft.NETCore.App.Ref\8.0.29\ref/net8.0/System.Text.RegularExpressions.dll
                 Private = 'false'
             C:\Program Files\dotnet\packs\Microsoft.NETCore.App.Ref\8.0.29\ref/net8.0/System.Threading.Channels.dll
                 Private = 'false'
             C:\Program Files\dotnet\packs\Microsoft.NETCore.App.Ref\8.0.29\ref/net8.0/System.Threading.Overlapped.dll
                 Private = 'false'
             C:\Program Files\dotnet\packs\Microsoft.NETCore.App.Ref\8.0.29\ref/net8.0/System.Threading.Tasks.Dataflow.dll
                 Private = 'false'
             C:\Program Files\dotnet\packs\Microsoft.NETCore.App.Ref\8.0.29\ref/net8.0/System.Threading.Tasks.Extensions.dll
                 Private = 'false'
             C:\Program Files\dotnet\packs\Microsoft.NETCore.App.Ref\8.0.29\ref/net8.0/System.Threading.Tasks.Parallel.dll
                 Private = 'false'
             C:\Program Files\dotnet\packs\Microsoft.NETCore.App.Ref\8.0.29\ref/net8.0/System.Threading.Tasks.dll
                 Private = 'false'
             C:\Program Files\dotnet\packs\Microsoft.NETCore.App.Ref\8.0.29\ref/net8.0/System.Threading.Thread.dll
                 Private = 'false'
             C:\Program Files\dotnet\packs\Microsoft.NETCore.App.Ref\8.0.29\ref/net8.0/System.Threading.ThreadPool.dll
                 Private = 'false'
             C:\Program Files\dotnet\packs\Microsoft.NETCore.App.Ref\8.0.29\ref/net8.0/System.Threading.Timer.dll
                 Private = 'false'
             C:\Program Files\dotnet\packs\Microsoft.NETCore.App.Ref\8.0.29\ref/net8.0/System.Threading.dll
                 Private = 'false'
             C:\Program Files\dotnet\packs\Microsoft.NETCore.App.Ref\8.0.29\ref/net8.0/System.Transactions.Local.dll
                 Private = 'false'
             C:\Program Files\dotnet\packs\Microsoft.NETCore.App.Ref\8.0.29\ref/net8.0/System.Transactions.dll
                 Private = 'false'
             C:\Program Files\dotnet\packs\Microsoft.NETCore.App.Ref\8.0.29\ref/net8.0/System.ValueTuple.dll
                 Private = 'false'
             C:\Program Files\dotnet\packs\Microsoft.NETCore.App.Ref\8.0.29\ref/net8.0/System.Web.HttpUtility.dll
                 Private = 'false'
             C:\Program Files\dotnet\packs\Microsoft.NETCore.App.Ref\8.0.29\ref/net8.0/System.Web.dll
                 Private = 'false'
             C:\Program Files\dotnet\packs\Microsoft.NETCore.App.Ref\8.0.29\ref/net8.0/System.Windows.dll
                 Private = 'false'
             C:\Program Files\dotnet\packs\Microsoft.NETCore.App.Ref\8.0.29\ref/net8.0/System.Xml.Linq.dll
                 Private = 'false'
             C:\Program Files\dotnet\packs\Microsoft.NETCore.App.Ref\8.0.29\ref/net8.0/System.Xml.ReaderWriter.dll
                 Private = 'false'
             C:\Program Files\dotnet\packs\Microsoft.NETCore.App.Ref\8.0.29\ref/net8.0/System.Xml.Serialization.dll
                 Private = 'false'
             C:\Program Files\dotnet\packs\Microsoft.NETCore.App.Ref\8.0.29\ref/net8.0/System.Xml.XDocument.dll
                 Private = 'false'
             C:\Program Files\dotnet\packs\Microsoft.NETCore.App.Ref\8.0.29\ref/net8.0/System.Xml.XPath.XDocument.dll
                 Private = 'false'
             C:\Program Files\dotnet\packs\Microsoft.NETCore.App.Ref\8.0.29\ref/net8.0/System.Xml.XPath.dll
                 Private = 'false'
             C:\Program Files\dotnet\packs\Microsoft.NETCore.App.Ref\8.0.29\ref/net8.0/System.Xml.XmlDocument.dll
                 Private = 'false'
             C:\Program Files\dotnet\packs\Microsoft.NETCore.App.Ref\8.0.29\ref/net8.0/System.Xml.XmlSerializer.dll
                 Private = 'false'
             C:\Program Files\dotnet\packs\Microsoft.NETCore.App.Ref\8.0.29\ref/net8.0/System.Xml.dll
                 Private = 'false'
             C:\Program Files\dotnet\packs\Microsoft.NETCore.App.Ref\8.0.29\ref/net8.0/System.dll
                 Private = 'false'
             C:\Program Files\dotnet\packs\Microsoft.NETCore.App.Ref\8.0.29\ref/net8.0/WindowsBase.dll
                 Private = 'false'
             C:\Program Files\dotnet\packs\Microsoft.NETCore.App.Ref\8.0.29\ref/net8.0/mscorlib.dll
                 Private = 'false'
             C:\Program Files\dotnet\packs\Microsoft.NETCore.App.Ref\8.0.29\ref/net8.0/netstandard.dll
                 Private = 'false'
         AssemblyFiles:
         CandidateAssemblyFiles:
         TargetFrameworkDirectories:
             
         InstalledAssemblyTables:
         IgnoreInstalledAssemblyTable:
             False
         SearchPaths:
             {CandidateAssemblyFiles}
             {HintPathFromItem}
             {TargetFrameworkDirectory}
             {RawFileName}
         AllowedAssemblyExtensions:
             .winmd
             .dll
             .exe
         AllowedRelatedFileExtensions:
             .pdb
             .xml
             .pri
             .dll.config
             .exe.config
         AppConfigFile:
             
         AutoUnify:
             True
         CopyLocalDependenciesWhenParentReferenceInGac:
             True
         FindDependencies:
             True
         TargetProcessorArchitecture:
             msil
         StateFile:
             obj\Debug\net8.0\MdToPdf.Core.csproj.AssemblyReference.cache
         InstalledAssemblySubsetTables:
         IgnoreInstalledAssemblySubsetTable:
             False
         TargetFrameworkSubsets:
         FullTargetFrameworkSubsetNames:
             Full
         ProfileName:
             
         FullFrameworkFolders:
         LatestTargetFrameworkDirectories:
         ProfileTablesLocation:
         Primary reference "CommunityToolkit.Mvvm, Version=8.3.0.0, Culture=neutral, PublicKeyToken=4aff67a105548ee2".
             Resolved file path is "C:\Users\Tony\.nuget\packages\communitytoolkit.mvvm\8.3.2\lib\net8.0\CommunityToolkit.Mvvm.dll".
             Reference found at search path location "{HintPathFromItem}".
             This reference is not "CopyLocal" because at least one source item had "Private" set to "false" and no source items had "Private" set to "true".
         Primary reference "DocumentFormat.OpenXml, Version=3.1.0.0, Culture=neutral, PublicKeyToken=8fb06cb64d019a17".
             Resolved file path is "C:\Users\Tony\.nuget\packages\documentformat.openxml\3.1.0\lib\net8.0\DocumentFormat.OpenXml.dll".
             Reference found at search path location "{HintPathFromItem}".
             This reference is not "CopyLocal" because at least one source item had "Private" set to "false" and no source items had "Private" set to "true".
         Primary reference "DocumentFormat.OpenXml.Framework, Version=3.1.0.0, Culture=neutral, PublicKeyToken=8fb06cb64d019a17".
             Resolved file path is "C:\Users\Tony\.nuget\packages\documentformat.openxml.framework\3.1.0\lib\net8.0\DocumentFormat.OpenXml.Framework.dll".
             Reference found at search path location "{HintPathFromItem}".
             This reference is not "CopyLocal" because at least one source item had "Private" set to "false" and no source items had "Private" set to "true".
         Primary reference "ExCSS, Version=4.3.0.0, Culture=neutral, PublicKeyToken=bdbe16be9b936b9a".
             Resolved file path is "C:\Users\Tony\.nuget\packages\excss\4.3.0\lib\net8.0\ExCSS.dll".
             Reference found at search path location "{HintPathFromItem}".
             This reference is not "CopyLocal" because at least one source item had "Private" set to "false" and no source items had "Private" set to "true".
         Primary reference "HarfBuzzSharp, Version=1.0.0.0, Culture=neutral, PublicKeyToken=0738eb9f132ed756".
             Resolved file path is "C:\Users\Tony\.nuget\packages\harfbuzzsharp\7.3.0.3\lib\net6.0\HarfBuzzSharp.dll".
             Reference found at search path location "{HintPathFromItem}".
             This reference is not "CopyLocal" because at least one source item had "Private" set to "false" and no source items had "Private" set to "true".
         Primary reference "Markdig, Version=0.37.0.0, Culture=neutral, PublicKeyToken=null".
             Resolved file path is "C:\Users\Tony\.nuget\packages\markdig\0.37.0\lib\net8.0\Markdig.dll".
             Reference found at search path location "{HintPathFromItem}".
             This reference is not "CopyLocal" because at least one source item had "Private" set to "false" and no source items had "Private" set to "true".
         Primary reference "SharpCompress, Version=0.49.1.0, Culture=neutral, PublicKeyToken=afb0a02973931d96".
             Resolved file path is "C:\Users\Tony\.nuget\packages\sharpcompress\0.49.1\lib\net8.0\SharpCompress.dll".
             Reference found at search path location "{HintPathFromItem}".
             This reference is not "CopyLocal" because at least one source item had "Private" set to "false" and no source items had "Private" set to "true".
         Primary reference "ShimSkiaSharp, Version=2.0.0.5, Culture=neutral, PublicKeyToken=dafe96fe6c845a74".
             Resolved file path is "C:\Users\Tony\.nuget\packages\shimskiasharp\2.0.0.5\lib\net8.0\ShimSkiaSharp.dll".
             Reference found at search path location "{HintPathFromItem}".
             This reference is not "CopyLocal" because at least one source item had "Private" set to "false" and no source items had "Private" set to "true".
         Primary reference "SkiaSharp, Version=2.88.0.0, Culture=neutral, PublicKeyToken=0738eb9f132ed756".
             Resolved file path is "C:\Users\Tony\.nuget\packages\skiasharp\2.88.9\lib\net6.0\SkiaSharp.dll".
             Reference found at search path location "{HintPathFromItem}".
             This reference is not "CopyLocal" because at least one source item had "Private" set to "false" and no source items had "Private" set to "true".
         Primary reference "SkiaSharp.HarfBuzz, Version=2.88.0.0, Culture=neutral, PublicKeyToken=0738eb9f132ed756".
             Resolved file path is "C:\Users\Tony\.nuget\packages\skiasharp.harfbuzz\2.88.9\lib\net6.0\SkiaSharp.HarfBuzz.dll".
             Reference found at search path location "{HintPathFromItem}".
             This reference is not "CopyLocal" because at least one source item had "Private" set to "false" and no source items had "Private" set to "true".
         Primary reference "Svg.Custom, Version=2.0.0.5, Culture=neutral, PublicKeyToken=dafe96fe6c845a74".
             Resolved file path is "C:\Users\Tony\.nuget\packages\svg.custom\2.0.0.5\lib\net8.0\Svg.Custom.dll".
             Reference found at search path location "{HintPathFromItem}".
             This reference is not "CopyLocal" because at least one source item had "Private" set to "false" and no source items had "Private" set to "true".
         Primary reference "Svg.Model, Version=2.0.0.5, Culture=neutral, PublicKeyToken=dafe96fe6c845a74".
             Resolved file path is "C:\Users\Tony\.nuget\packages\svg.model\2.0.0.5\lib\net8.0\Svg.Model.dll".
             Reference found at search path location "{HintPathFromItem}".
             This reference is not "CopyLocal" because at least one source item had "Private" set to "false" and no source items had "Private" set to "true".
         Primary reference "Svg.Skia, Version=2.0.0.5, Culture=neutral, PublicKeyToken=dafe96fe6c845a74".
             Resolved file path is "C:\Users\Tony\.nuget\packages\svg.skia\2.0.0.5\lib\net8.0\Svg.Skia.dll".
             Reference found at search path location "{HintPathFromItem}".
             This reference is not "CopyLocal" because at least one source item had "Private" set to "false" and no source items had "Private" set to "true".
         Primary reference "System.IO.Packaging, Version=8.0.0.0, Culture=neutral, PublicKeyToken=b03f5f7f11d50a3a".
             Resolved file path is "C:\Users\Tony\.nuget\packages\system.io.packaging\8.0.0\lib\net8.0\System.IO.Packaging.dll".
             Reference found at search path location "{HintPathFromItem}".
             This reference is not "CopyLocal" because at least one source item had "Private" set to "false" and no source items had "Private" set to "true".
         Primary reference "Microsoft.CSharp, Version=8.0.0.0, Culture=neutral, PublicKeyToken=b03f5f7f11d50a3a".
             Resolved file path is "C:\Program Files\dotnet\packs\Microsoft.NETCore.App.Ref\8.0.29\ref\net8.0\Microsoft.CSharp.dll".
             Reference found at search path location "{RawFileName}".
             This reference is not "CopyLocal" because at least one source item had "Private" set to "false" and no source items had "Private" set to "true".
         Primary reference "Microsoft.VisualBasic.Core, Version=13.0.0.0, Culture=neutral, PublicKeyToken=b03f5f7f11d50a3a".
             Resolved file path is "C:\Program Files\dotnet\packs\Microsoft.NETCore.App.Ref\8.0.29\ref\net8.0\Microsoft.VisualBasic.Core.dll".
             Reference found at search path location "{RawFileName}".
             This reference is not "CopyLocal" because at least one source item had "Private" set to "false" and no source items had "Private" set to "true".
         Primary reference "Microsoft.VisualBasic, Version=10.0.0.0, Culture=neutral, PublicKeyToken=b03f5f7f11d50a3a".
             Resolved file path is "C:\Program Files\dotnet\packs\Microsoft.NETCore.App.Ref\8.0.29\ref\net8.0\Microsoft.VisualBasic.dll".
             Reference found at search path location "{RawFileName}".
             This reference is not "CopyLocal" because at least one source item had "Private" set to "false" and no source items had "Private" set to "true".
         Primary reference "Microsoft.Win32.Primitives, Version=8.0.0.0, Culture=neutral, PublicKeyToken=b03f5f7f11d50a3a".
             Resolved file path is "C:\Program Files\dotnet\packs\Microsoft.NETCore.App.Ref\8.0.29\ref\net8.0\Microsoft.Win32.Primitives.dll".
             Reference found at search path location "{RawFileName}".
             This reference is not "CopyLocal" because at least one source item had "Private" set to "false" and no source items had "Private" set to "true".
         Primary reference "Microsoft.Win32.Registry, Version=8.0.0.0, Culture=neutral, PublicKeyToken=b03f5f7f11d50a3a".
             Resolved file path is "C:\Program Files\dotnet\packs\Microsoft.NETCore.App.Ref\8.0.29\ref\net8.0\Microsoft.Win32.Registry.dll".
             Reference found at search path location "{RawFileName}".
             This reference is not "CopyLocal" because at least one source item had "Private" set to "false" and no source items had "Private" set to "true".
         Primary reference "System.AppContext, Version=8.0.0.0, Culture=neutral, PublicKeyToken=b03f5f7f11d50a3a".
             Resolved file path is "C:\Program Files\dotnet\packs\Microsoft.NETCore.App.Ref\8.0.29\ref\net8.0\System.AppContext.dll".
             Reference found at search path location "{RawFileName}".
             This reference is not "CopyLocal" because at least one source item had "Private" set to "false" and no source items had "Private" set to "true".
         Primary reference "System.Buffers, Version=8.0.0.0, Culture=neutral, PublicKeyToken=cc7b13ffcd2ddd51".
             Resolved file path is "C:\Program Files\dotnet\packs\Microsoft.NETCore.App.Ref\8.0.29\ref\net8.0\System.Buffers.dll".
             Reference found at search path location "{RawFileName}".
             This reference is not "CopyLocal" because at least one source item had "Private" set to "false" and no source items had "Private" set to "true".
         Primary reference "System.Collections.Concurrent, Version=8.0.0.0, Culture=neutral, PublicKeyToken=b03f5f7f11d50a3a".
             Resolved file path is "C:\Program Files\dotnet\packs\Microsoft.NETCore.App.Ref\8.0.29\ref\net8.0\System.Collections.Concurrent.dll".
             Reference found at search path location "{RawFileName}".
             This reference is not "CopyLocal" because at least one source item had "Private" set to "false" and no source items had "Private" set to "true".
         Primary reference "System.Collections.Immutable, Version=8.0.0.0, Culture=neutral, PublicKeyToken=b03f5f7f11d50a3a".
             Resolved file path is "C:\Program Files\dotnet\packs\Microsoft.NETCore.App.Ref\8.0.29\ref\net8.0\System.Collections.Immutable.dll".
             Reference found at search path location "{RawFileName}".
             This reference is not "CopyLocal" because at least one source item had "Private" set to "false" and no source items had "Private" set to "true".
         Primary reference "System.Collections.NonGeneric, Version=8.0.0.0, Culture=neutral, PublicKeyToken=b03f5f7f11d50a3a".
             Resolved file path is "C:\Program Files\dotnet\packs\Microsoft.NETCore.App.Ref\8.0.29\ref\net8.0\System.Collections.NonGeneric.dll".
             Reference found at search path location "{RawFileName}".
             This reference is not "CopyLocal" because at least one source item had "Private" set to "false" and no source items had "Private" set to "true".
         Primary reference "System.Collections.Specialized, Version=8.0.0.0, Culture=neutral, PublicKeyToken=b03f5f7f11d50a3a".
             Resolved file path is "C:\Program Files\dotnet\packs\Microsoft.NETCore.App.Ref\8.0.29\ref\net8.0\System.Collections.Specialized.dll".
             Reference found at search path location "{RawFileName}".
             This reference is not "CopyLocal" because at least one source item had "Private" set to "false" and no source items had "Private" set to "true".
         Primary reference "System.Collections, Version=8.0.0.0, Culture=neutral, PublicKeyToken=b03f5f7f11d50a3a".
             Resolved file path is "C:\Program Files\dotnet\packs\Microsoft.NETCore.App.Ref\8.0.29\ref\net8.0\System.Collections.dll".
             Reference found at search path location "{RawFileName}".
             This reference is not "CopyLocal" because at least one source item had "Private" set to "false" and no source items had "Private" set to "true".
         Primary reference "System.ComponentModel.Annotations, Version=8.0.0.0, Culture=neutral, PublicKeyToken=b03f5f7f11d50a3a".
             Resolved file path is "C:\Program Files\dotnet\packs\Microsoft.NETCore.App.Ref\8.0.29\ref\net8.0\System.ComponentModel.Annotations.dll".
             Reference found at search path location "{RawFileName}".
             This reference is not "CopyLocal" because at least one source item had "Private" set to "false" and no source items had "Private" set to "true".
         Primary reference "System.ComponentModel.DataAnnotations, Version=4.0.0.0, Culture=neutral, PublicKeyToken=31bf3856ad364e35".
             Resolved file path is "C:\Program Files\dotnet\packs\Microsoft.NETCore.App.Ref\8.0.29\ref\net8.0\System.ComponentModel.DataAnnotations.dll".
             Reference found at search path location "{RawFileName}".
             This reference is not "CopyLocal" because at least one source item had "Private" set to "false" and no source items had "Private" set to "true".
         Primary reference "System.ComponentModel.EventBasedAsync, Version=8.0.0.0, Culture=neutral, PublicKeyToken=b03f5f7f11d50a3a".
             Resolved file path is "C:\Program Files\dotnet\packs\Microsoft.NETCore.App.Ref\8.0.29\ref\net8.0\System.ComponentModel.EventBasedAsync.dll".
             Reference found at search path location "{RawFileName}".
             This reference is not "CopyLocal" because at least one source item had "Private" set to "false" and no source items had "Private" set to "true".
         Primary reference "System.ComponentModel.Primitives, Version=8.0.0.0, Culture=neutral, PublicKeyToken=b03f5f7f11d50a3a".
             Resolved file path is "C:\Program Files\dotnet\packs\Microsoft.NETCore.App.Ref\8.0.29\ref\net8.0\System.ComponentModel.Primitives.dll".
             Reference found at search path location "{RawFileName}".
             This reference is not "CopyLocal" because at least one source item had "Private" set to "false" and no source items had "Private" set to "true".
         Primary reference "System.ComponentModel.TypeConverter, Version=8.0.0.0, Culture=neutral, PublicKeyToken=b03f5f7f11d50a3a".
             Resolved file path is "C:\Program Files\dotnet\packs\Microsoft.NETCore.App.Ref\8.0.29\ref\net8.0\System.ComponentModel.TypeConverter.dll".
             Reference found at search path location "{RawFileName}".
             This reference is not "CopyLocal" because at least one source item had "Private" set to "false" and no source items had "Private" set to "true".
         Primary reference "System.ComponentModel, Version=8.0.0.0, Culture=neutral, PublicKeyToken=b03f5f7f11d50a3a".
             Resolved file path is "C:\Program Files\dotnet\packs\Microsoft.NETCore.App.Ref\8.0.29\ref\net8.0\System.ComponentModel.dll".
             Reference found at search path location "{RawFileName}".
             This reference is not "CopyLocal" because at least one source item had "Private" set to "false" and no source items had "Private" set to "true".
         Primary reference "System.Configuration, Version=4.0.0.0, Culture=neutral, PublicKeyToken=b03f5f7f11d50a3a".
             Resolved file path is "C:\Program Files\dotnet\packs\Microsoft.NETCore.App.Ref\8.0.29\ref\net8.0\System.Configuration.dll".
             Reference found at search path location "{RawFileName}".
             This reference is not "CopyLocal" because at least one source item had "Private" set to "false" and no source items had "Private" set to "true".
         Primary reference "System.Console, Version=8.0.0.0, Culture=neutral, PublicKeyToken=b03f5f7f11d50a3a".
             Resolved file path is "C:\Program Files\dotnet\packs\Microsoft.NETCore.App.Ref\8.0.29\ref\net8.0\System.Console.dll".
             Reference found at search path location "{RawFileName}".
             This reference is not "CopyLocal" because at least one source item had "Private" set to "false" and no source items had "Private" set to "true".
         Primary reference "System.Core, Version=4.0.0.0, Culture=neutral, PublicKeyToken=b77a5c561934e089".
             Resolved file path is "C:\Program Files\dotnet\packs\Microsoft.NETCore.App.Ref\8.0.29\ref\net8.0\System.Core.dll".
             Reference found at search path location "{RawFileName}".
             This reference is not "CopyLocal" because at least one source item had "Private" set to "false" and no source items had "Private" set to "true".
         Primary reference "System.Data.Common, Version=8.0.0.0, Culture=neutral, PublicKeyToken=b03f5f7f11d50a3a".
             Resolved file path is "C:\Program Files\dotnet\packs\Microsoft.NETCore.App.Ref\8.0.29\ref\net8.0\System.Data.Common.dll".
             Reference found at search path location "{RawFileName}".
             This reference is not "CopyLocal" because at least one source item had "Private" set to "false" and no source items had "Private" set to "true".
         Primary reference "System.Data.DataSetExtensions, Version=8.0.0.0, Culture=neutral, PublicKeyToken=b77a5c561934e089".
             Resolved file path is "C:\Program Files\dotnet\packs\Microsoft.NETCore.App.Ref\8.0.29\ref\net8.0\System.Data.DataSetExtensions.dll".
             Reference found at search path location "{RawFileName}".
             This reference is not "CopyLocal" because at least one source item had "Private" set to "false" and no source items had "Private" set to "true".
         Primary reference "System.Data, Version=4.0.0.0, Culture=neutral, PublicKeyToken=b77a5c561934e089".
             Resolved file path is "C:\Program Files\dotnet\packs\Microsoft.NETCore.App.Ref\8.0.29\ref\net8.0\System.Data.dll".
             Reference found at search path location "{RawFileName}".
             This reference is not "CopyLocal" because at least one source item had "Private" set to "false" and no source items had "Private" set to "true".
         Primary reference "System.Diagnostics.Contracts, Version=8.0.0.0, Culture=neutral, PublicKeyToken=b03f5f7f11d50a3a".
             Resolved file path is "C:\Program Files\dotnet\packs\Microsoft.NETCore.App.Ref\8.0.29\ref\net8.0\System.Diagnostics.Contracts.dll".
             Reference found at search path location "{RawFileName}".
             This reference is not "CopyLocal" because at least one source item had "Private" set to "false" and no source items had "Private" set to "true".
         Primary reference "System.Diagnostics.Debug, Version=8.0.0.0, Culture=neutral, PublicKeyToken=b03f5f7f11d50a3a".
             Resolved file path is "C:\Program Files\dotnet\packs\Microsoft.NETCore.App.Ref\8.0.29\ref\net8.0\System.Diagnostics.Debug.dll".
             Reference found at search path location "{RawFileName}".
             This reference is not "CopyLocal" because at least one source item had "Private" set to "false" and no source items had "Private" set to "true".
         Primary reference "System.Diagnostics.DiagnosticSource, Version=8.0.0.0, Culture=neutral, PublicKeyToken=cc7b13ffcd2ddd51".
             Resolved file path is "C:\Program Files\dotnet\packs\Microsoft.NETCore.App.Ref\8.0.29\ref\net8.0\System.Diagnostics.DiagnosticSource.dll".
             Reference found at search path location "{RawFileName}".
             This reference is not "CopyLocal" because at least one source item had "Private" set to "false" and no source items had "Private" set to "true".
         Primary reference "System.Diagnostics.FileVersionInfo, Version=8.0.0.0, Culture=neutral, PublicKeyToken=b03f5f7f11d50a3a".
             Resolved file path is "C:\Program Files\dotnet\packs\Microsoft.NETCore.App.Ref\8.0.29\ref\net8.0\System.Diagnostics.FileVersionInfo.dll".
             Reference found at search path location "{RawFileName}".
             This reference is not "CopyLocal" because at least one source item had "Private" set to "false" and no source items had "Private" set to "true".
         Primary reference "System.Diagnostics.Process, Version=8.0.0.0, Culture=neutral, PublicKeyToken=b03f5f7f11d50a3a".
             Resolved file path is "C:\Program Files\dotnet\packs\Microsoft.NETCore.App.Ref\8.0.29\ref\net8.0\System.Diagnostics.Process.dll".
             Reference found at search path location "{RawFileName}".
             This reference is not "CopyLocal" because at least one source item had "Private" set to "false" and no source items had "Private" set to "true".
         Primary reference "System.Diagnostics.StackTrace, Version=8.0.0.0, Culture=neutral, PublicKeyToken=b03f5f7f11d50a3a".
             Resolved file path is "C:\Program Files\dotnet\packs\Microsoft.NETCore.App.Ref\8.0.29\ref\net8.0\System.Diagnostics.StackTrace.dll".
             Reference found at search path location "{RawFileName}".
             This reference is not "CopyLocal" because at least one source item had "Private" set to "false" and no source items had "Private" set to "true".
         Primary reference "System.Diagnostics.TextWriterTraceListener, Version=8.0.0.0, Culture=neutral, PublicKeyToken=b03f5f7f11d50a3a".
             Resolved file path is "C:\Program Files\dotnet\packs\Microsoft.NETCore.App.Ref\8.0.29\ref\net8.0\System.Diagnostics.TextWriterTraceListener.dll".
             Reference found at search path location "{RawFileName}".
             This reference is not "CopyLocal" because at least one source item had "Private" set to "false" and no source items had "Private" set to "true".
         Primary reference "System.Diagnostics.Tools, Version=8.0.0.0, Culture=neutral, PublicKeyToken=b03f5f7f11d50a3a".
             Resolved file path is "C:\Program Files\dotnet\packs\Microsoft.NETCore.App.Ref\8.0.29\ref\net8.0\System.Diagnostics.Tools.dll".
             Reference found at search path location "{RawFileName}".
             This reference is not "CopyLocal" because at least one source item had "Private" set to "false" and no source items had "Private" set to "true".
         Primary reference "System.Diagnostics.TraceSource, Version=8.0.0.0, Culture=neutral, PublicKeyToken=b03f5f7f11d50a3a".
             Resolved file path is "C:\Program Files\dotnet\packs\Microsoft.NETCore.App.Ref\8.0.29\ref\net8.0\System.Diagnostics.TraceSource.dll".
             Reference found at search path location "{RawFileName}".
             This reference is not "CopyLocal" because at least one source item had "Private" set to "false" and no source items had "Private" set to "true".
         Primary reference "System.Diagnostics.Tracing, Version=8.0.0.0, Culture=neutral, PublicKeyToken=b03f5f7f11d50a3a".
             Resolved file path is "C:\Program Files\dotnet\packs\Microsoft.NETCore.App.Ref\8.0.29\ref\net8.0\System.Diagnostics.Tracing.dll".
             Reference found at search path location "{RawFileName}".
             This reference is not "CopyLocal" because at least one source item had "Private" set to "false" and no source items had "Private" set to "true".
         Primary reference "System.Drawing.Primitives, Version=8.0.0.0, Culture=neutral, PublicKeyToken=b03f5f7f11d50a3a".
             Resolved file path is "C:\Program Files\dotnet\packs\Microsoft.NETCore.App.Ref\8.0.29\ref\net8.0\System.Drawing.Primitives.dll".
             Reference found at search path location "{RawFileName}".
             This reference is not "CopyLocal" because at least one source item had "Private" set to "false" and no source items had "Private" set to "true".
         Primary reference "System.Drawing, Version=4.0.0.0, Culture=neutral, PublicKeyToken=b03f5f7f11d50a3a".
             Resolved file path is "C:\Program Files\dotnet\packs\Microsoft.NETCore.App.Ref\8.0.29\ref\net8.0\System.Drawing.dll".
             Reference found at search path location "{RawFileName}".
             This reference is not "CopyLocal" because at least one source item had "Private" set to "false" and no source items had "Private" set to "true".
         Primary reference "System.Dynamic.Runtime, Version=8.0.0.0, Culture=neutral, PublicKeyToken=b03f5f7f11d50a3a".
             Resolved file path is "C:\Program Files\dotnet\packs\Microsoft.NETCore.App.Ref\8.0.29\ref\net8.0\System.Dynamic.Runtime.dll".
             Reference found at search path location "{RawFileName}".
             This reference is not "CopyLocal" because at least one source item had "Private" set to "false" and no source items had "Private" set to "true".
         Primary reference "System.Formats.Asn1, Version=8.0.0.0, Culture=neutral, PublicKeyToken=cc7b13ffcd2ddd51".
             Resolved file path is "C:\Program Files\dotnet\packs\Microsoft.NETCore.App.Ref\8.0.29\ref\net8.0\System.Formats.Asn1.dll".
             Reference found at search path location "{RawFileName}".
             This reference is not "CopyLocal" because at least one source item had "Private" set to "false" and no source items had "Private" set to "true".
         Primary reference "System.Formats.Tar, Version=8.0.0.0, Culture=neutral, PublicKeyToken=cc7b13ffcd2ddd51".
             Resolved file path is "C:\Program Files\dotnet\packs\Microsoft.NETCore.App.Ref\8.0.29\ref\net8.0\System.Formats.Tar.dll".
             Reference found at search path location "{RawFileName}".
             This reference is not "CopyLocal" because at least one source item had "Private" set to "false" and no source items had "Private" set to "true".
         Primary reference "System.Globalization.Calendars, Version=8.0.0.0, Culture=neutral, PublicKeyToken=b03f5f7f11d50a3a".
             Resolved file path is "C:\Program Files\dotnet\packs\Microsoft.NETCore.App.Ref\8.0.29\ref\net8.0\System.Globalization.Calendars.dll".
             Reference found at search path location "{RawFileName}".
             This reference is not "CopyLocal" because at least one source item had "Private" set to "false" and no source items had "Private" set to "true".
         Primary reference "System.Globalization.Extensions, Version=8.0.0.0, Culture=neutral, PublicKeyToken=b03f5f7f11d50a3a".
             Resolved file path is "C:\Program Files\dotnet\packs\Microsoft.NETCore.App.Ref\8.0.29\ref\net8.0\System.Globalization.Extensions.dll".
             Reference found at search path location "{RawFileName}".
             This reference is not "CopyLocal" because at least one source item had "Private" set to "false" and no source items had "Private" set to "true".
         Primary reference "System.Globalization, Version=8.0.0.0, Culture=neutral, PublicKeyToken=b03f5f7f11d50a3a".
             Resolved file path is "C:\Program Files\dotnet\packs\Microsoft.NETCore.App.Ref\8.0.29\ref\net8.0\System.Globalization.dll".
             Reference found at search path location "{RawFileName}".
             This reference is not "CopyLocal" because at least one source item had "Private" set to "false" and no source items had "Private" set to "true".
         Primary reference "System.IO.Compression.Brotli, Version=8.0.0.0, Culture=neutral, PublicKeyToken=b77a5c561934e089".
             Resolved file path is "C:\Program Files\dotnet\packs\Microsoft.NETCore.App.Ref\8.0.29\ref\net8.0\System.IO.Compression.Brotli.dll".
             Reference found at search path location "{RawFileName}".
             This reference is not "CopyLocal" because at least one source item had "Private" set to "false" and no source items had "Private" set to "true".
         Primary reference "System.IO.Compression.FileSystem, Version=4.0.0.0, Culture=neutral, PublicKeyToken=b77a5c561934e089".
             Resolved file path is "C:\Program Files\dotnet\packs\Microsoft.NETCore.App.Ref\8.0.29\ref\net8.0\System.IO.Compression.FileSystem.dll".
             Reference found at search path location "{RawFileName}".
             This reference is not "CopyLocal" because at least one source item had "Private" set to "false" and no source items had "Private" set to "true".
         Primary reference "System.IO.Compression.ZipFile, Version=8.0.0.0, Culture=neutral, PublicKeyToken=b77a5c561934e089".
             Resolved file path is "C:\Program Files\dotnet\packs\Microsoft.NETCore.App.Ref\8.0.29\ref\net8.0\System.IO.Compression.ZipFile.dll".
             Reference found at search path location "{RawFileName}".
             This reference is not "CopyLocal" because at least one source item had "Private" set to "false" and no source items had "Private" set to "true".
         Primary reference "System.IO.Compression, Version=8.0.0.0, Culture=neutral, PublicKeyToken=b77a5c561934e089".
             Resolved file path is "C:\Program Files\dotnet\packs\Microsoft.NETCore.App.Ref\8.0.29\ref\net8.0\System.IO.Compression.dll".
             Reference found at search path location "{RawFileName}".
             This reference is not "CopyLocal" because at least one source item had "Private" set to "false" and no source items had "Private" set to "true".
         Primary reference "System.IO.FileSystem.AccessControl, Version=8.0.0.0, Culture=neutral, PublicKeyToken=b03f5f7f11d50a3a".
             Resolved file path is "C:\Program Files\dotnet\packs\Microsoft.NETCore.App.Ref\8.0.29\ref\net8.0\System.IO.FileSystem.AccessControl.dll".
             Reference found at search path location "{RawFileName}".
             This reference is not "CopyLocal" because at least one source item had "Private" set to "false" and no source items had "Private" set to "true".
         Primary reference "System.IO.FileSystem.DriveInfo, Version=8.0.0.0, Culture=neutral, PublicKeyToken=b03f5f7f11d50a3a".
             Resolved file path is "C:\Program Files\dotnet\packs\Microsoft.NETCore.App.Ref\8.0.29\ref\net8.0\System.IO.FileSystem.DriveInfo.dll".
             Reference found at search path location "{RawFileName}".
             This reference is not "CopyLocal" because at least one source item had "Private" set to "false" and no source items had "Private" set to "true".
         Primary reference "System.IO.FileSystem.Primitives, Version=8.0.0.0, Culture=neutral, PublicKeyToken=b03f5f7f11d50a3a".
             Resolved file path is "C:\Program Files\dotnet\packs\Microsoft.NETCore.App.Ref\8.0.29\ref\net8.0\System.IO.FileSystem.Primitives.dll".
             Reference found at search path location "{RawFileName}".
             This reference is not "CopyLocal" because at least one source item had "Private" set to "false" and no source items had "Private" set to "true".
         Primary reference "System.IO.FileSystem.Watcher, Version=8.0.0.0, Culture=neutral, PublicKeyToken=b03f5f7f11d50a3a".
             Resolved file path is "C:\Program Files\dotnet\packs\Microsoft.NETCore.App.Ref\8.0.29\ref\net8.0\System.IO.FileSystem.Watcher.dll".
             Reference found at search path location "{RawFileName}".
             This reference is not "CopyLocal" because at least one source item had "Private" set to "false" and no source items had "Private" set to "true".
         Primary reference "System.IO.FileSystem, Version=8.0.0.0, Culture=neutral, PublicKeyToken=b03f5f7f11d50a3a".
             Resolved file path is "C:\Program Files\dotnet\packs\Microsoft.NETCore.App.Ref\8.0.29\ref\net8.0\System.IO.FileSystem.dll".
             Reference found at search path location "{RawFileName}".
             This reference is not "CopyLocal" because at least one source item had "Private" set to "false" and no source items had "Private" set to "true".
         Primary reference "System.IO.IsolatedStorage, Version=8.0.0.0, Culture=neutral, PublicKeyToken=b03f5f7f11d50a3a".
             Resolved file path is "C:\Program Files\dotnet\packs\Microsoft.NETCore.App.Ref\8.0.29\ref\net8.0\System.IO.IsolatedStorage.dll".
             Reference found at search path location "{RawFileName}".
             This reference is not "CopyLocal" because at least one source item had "Private" set to "false" and no source items had "Private" set to "true".
         Primary reference "System.IO.MemoryMappedFiles, Version=8.0.0.0, Culture=neutral, PublicKeyToken=b03f5f7f11d50a3a".
             Resolved file path is "C:\Program Files\dotnet\packs\Microsoft.NETCore.App.Ref\8.0.29\ref\net8.0\System.IO.MemoryMappedFiles.dll".
             Reference found at search path location "{RawFileName}".
             This reference is not "CopyLocal" because at least one source item had "Private" set to "false" and no source items had "Private" set to "true".
         Primary reference "System.IO.Pipes.AccessControl, Version=8.0.0.0, Culture=neutral, PublicKeyToken=b03f5f7f11d50a3a".
             Resolved file path is "C:\Program Files\dotnet\packs\Microsoft.NETCore.App.Ref\8.0.29\ref\net8.0\System.IO.Pipes.AccessControl.dll".
             Reference found at search path location "{RawFileName}".
             This reference is not "CopyLocal" because at least one source item had "Private" set to "false" and no source items had "Private" set to "true".
         Primary reference "System.IO.Pipes, Version=8.0.0.0, Culture=neutral, PublicKeyToken=b03f5f7f11d50a3a".
             Resolved file path is "C:\Program Files\dotnet\packs\Microsoft.NETCore.App.Ref\8.0.29\ref\net8.0\System.IO.Pipes.dll".
             Reference found at search path location "{RawFileName}".
             This reference is not "CopyLocal" because at least one source item had "Private" set to "false" and no source items had "Private" set to "true".
         Primary reference "System.IO.UnmanagedMemoryStream, Version=8.0.0.0, Culture=neutral, PublicKeyToken=b03f5f7f11d50a3a".
             Resolved file path is "C:\Program Files\dotnet\packs\Microsoft.NETCore.App.Ref\8.0.29\ref\net8.0\System.IO.UnmanagedMemoryStream.dll".
             Reference found at search path location "{RawFileName}".
             This reference is not "CopyLocal" because at least one source item had "Private" set to "false" and no source items had "Private" set to "true".
         Primary reference "System.IO, Version=8.0.0.0, Culture=neutral, PublicKeyToken=b03f5f7f11d50a3a".
             Resolved file path is "C:\Program Files\dotnet\packs\Microsoft.NETCore.App.Ref\8.0.29\ref\net8.0\System.IO.dll".
             Reference found at search path location "{RawFileName}".
             This reference is not "CopyLocal" because at least one source item had "Private" set to "false" and no source items had "Private" set to "true".
         Primary reference "System.Linq.Expressions, Version=8.0.0.0, Culture=neutral, PublicKeyToken=b03f5f7f11d50a3a".
             Resolved file path is "C:\Program Files\dotnet\packs\Microsoft.NETCore.App.Ref\8.0.29\ref\net8.0\System.Linq.Expressions.dll".
             Reference found at search path location "{RawFileName}".
             This reference is not "CopyLocal" because at least one source item had "Private" set to "false" and no source items had "Private" set to "true".
         Primary reference "System.Linq.Parallel, Version=8.0.0.0, Culture=neutral, PublicKeyToken=b03f5f7f11d50a3a".
             Resolved file path is "C:\Program Files\dotnet\packs\Microsoft.NETCore.App.Ref\8.0.29\ref\net8.0\System.Linq.Parallel.dll".
             Reference found at search path location "{RawFileName}".
             This reference is not "CopyLocal" because at least one source item had "Private" set to "false" and no source items had "Private" set to "true".
         Primary reference "System.Linq.Queryable, Version=8.0.0.0, Culture=neutral, PublicKeyToken=b03f5f7f11d50a3a".
             Resolved file path is "C:\Program Files\dotnet\packs\Microsoft.NETCore.App.Ref\8.0.29\ref\net8.0\System.Linq.Queryable.dll".
             Reference found at search path location "{RawFileName}".
             This reference is not "CopyLocal" because at least one source item had "Private" set to "false" and no source items had "Private" set to "true".
         Primary reference "System.Linq, Version=8.0.0.0, Culture=neutral, PublicKeyToken=b03f5f7f11d50a3a".
             Resolved file path is "C:\Program Files\dotnet\packs\Microsoft.NETCore.App.Ref\8.0.29\ref\net8.0\System.Linq.dll".
             Reference found at search path location "{RawFileName}".
             This reference is not "CopyLocal" because at least one source item had "Private" set to "false" and no source items had "Private" set to "true".
         Primary reference "System.Memory, Version=8.0.0.0, Culture=neutral, PublicKeyToken=cc7b13ffcd2ddd51".
             Resolved file path is "C:\Program Files\dotnet\packs\Microsoft.NETCore.App.Ref\8.0.29\ref\net8.0\System.Memory.dll".
             Reference found at search path location "{RawFileName}".
             This reference is not "CopyLocal" because at least one source item had "Private" set to "false" and no source items had "Private" set to "true".
         Primary reference "System.Net.Http.Json, Version=8.0.0.0, Culture=neutral, PublicKeyToken=cc7b13ffcd2ddd51".
             Resolved file path is "C:\Program Files\dotnet\packs\Microsoft.NETCore.App.Ref\8.0.29\ref\net8.0\System.Net.Http.Json.dll".
             Reference found at search path location "{RawFileName}".
             This reference is not "CopyLocal" because at least one source item had "Private" set to "false" and no source items had "Private" set to "true".
         Primary reference "System.Net.Http, Version=8.0.0.0, Culture=neutral, PublicKeyToken=b03f5f7f11d50a3a".
             Resolved file path is "C:\Program Files\dotnet\packs\Microsoft.NETCore.App.Ref\8.0.29\ref\net8.0\System.Net.Http.dll".
             Reference found at search path location "{RawFileName}".
             This reference is not "CopyLocal" because at least one source item had "Private" set to "false" and no source items had "Private" set to "true".
         Primary reference "System.Net.HttpListener, Version=8.0.0.0, Culture=neutral, PublicKeyToken=cc7b13ffcd2ddd51".
             Resolved file path is "C:\Program Files\dotnet\packs\Microsoft.NETCore.App.Ref\8.0.29\ref\net8.0\System.Net.HttpListener.dll".
             Reference found at search path location "{RawFileName}".
             This reference is not "CopyLocal" because at least one source item had "Private" set to "false" and no source items had "Private" set to "true".
         Primary reference "System.Net.Mail, Version=8.0.0.0, Culture=neutral, PublicKeyToken=cc7b13ffcd2ddd51".
             Resolved file path is "C:\Program Files\dotnet\packs\Microsoft.NETCore.App.Ref\8.0.29\ref\net8.0\System.Net.Mail.dll".
             Reference found at search path location "{RawFileName}".
             This reference is not "CopyLocal" because at least one source item had "Private" set to "false" and no source items had "Private" set to "true".
         Primary reference "System.Net.NameResolution, Version=8.0.0.0, Culture=neutral, PublicKeyToken=b03f5f7f11d50a3a".
             Resolved file path is "C:\Program Files\dotnet\packs\Microsoft.NETCore.App.Ref\8.0.29\ref\net8.0\System.Net.NameResolution.dll".
             Reference found at search path location "{RawFileName}".
             This reference is not "CopyLocal" because at least one source item had "Private" set to "false" and no source items had "Private" set to "true".
         Primary reference "System.Net.NetworkInformation, Version=8.0.0.0, Culture=neutral, PublicKeyToken=b03f5f7f11d50a3a".
             Resolved file path is "C:\Program Files\dotnet\packs\Microsoft.NETCore.App.Ref\8.0.29\ref\net8.0\System.Net.NetworkInformation.dll".
             Reference found at search path location "{RawFileName}".
             This reference is not "CopyLocal" because at least one source item had "Private" set to "false" and no source items had "Private" set to "true".
         Primary reference "System.Net.Ping, Version=8.0.0.0, Culture=neutral, PublicKeyToken=b03f5f7f11d50a3a".
             Resolved file path is "C:\Program Files\dotnet\packs\Microsoft.NETCore.App.Ref\8.0.29\ref\net8.0\System.Net.Ping.dll".
             Reference found at search path location "{RawFileName}".
             This reference is not "CopyLocal" because at least one source item had "Private" set to "false" and no source items had "Private" set to "true".
         Primary reference "System.Net.Primitives, Version=8.0.0.0, Culture=neutral, PublicKeyToken=b03f5f7f11d50a3a".
             Resolved file path is "C:\Program Files\dotnet\packs\Microsoft.NETCore.App.Ref\8.0.29\ref\net8.0\System.Net.Primitives.dll".
             Reference found at search path location "{RawFileName}".
             This reference is not "CopyLocal" because at least one source item had "Private" set to "false" and no source items had "Private" set to "true".
         Primary reference "System.Net.Quic, Version=8.0.0.0, Culture=neutral, PublicKeyToken=b03f5f7f11d50a3a".
             Resolved file path is "C:\Program Files\dotnet\packs\Microsoft.NETCore.App.Ref\8.0.29\ref\net8.0\System.Net.Quic.dll".
             Reference found at search path location "{RawFileName}".
             This reference is not "CopyLocal" because at least one source item had "Private" set to "false" and no source items had "Private" set to "true".
         Primary reference "System.Net.Requests, Version=8.0.0.0, Culture=neutral, PublicKeyToken=b03f5f7f11d50a3a".
             Resolved file path is "C:\Program Files\dotnet\packs\Microsoft.NETCore.App.Ref\8.0.29\ref\net8.0\System.Net.Requests.dll".
             Reference found at search path location "{RawFileName}".
             This reference is not "CopyLocal" because at least one source item had "Private" set to "false" and no source items had "Private" set to "true".
         Primary reference "System.Net.Security, Version=8.0.0.0, Culture=neutral, PublicKeyToken=b03f5f7f11d50a3a".
             Resolved file path is "C:\Program Files\dotnet\packs\Microsoft.NETCore.App.Ref\8.0.29\ref\net8.0\System.Net.Security.dll".
             Reference found at search path location "{RawFileName}".
             This reference is not "CopyLocal" because at least one source item had "Private" set to "false" and no source items had "Private" set to "true".
         Primary reference "System.Net.ServicePoint, Version=8.0.0.0, Culture=neutral, PublicKeyToken=cc7b13ffcd2ddd51".
             Resolved file path is "C:\Program Files\dotnet\packs\Microsoft.NETCore.App.Ref\8.0.29\ref\net8.0\System.Net.ServicePoint.dll".
             Reference found at search path location "{RawFileName}".
             This reference is not "CopyLocal" because at least one source item had "Private" set to "false" and no source items had "Private" set to "true".
         Primary reference "System.Net.Sockets, Version=8.0.0.0, Culture=neutral, PublicKeyToken=b03f5f7f11d50a3a".
             Resolved file path is "C:\Program Files\dotnet\packs\Microsoft.NETCore.App.Ref\8.0.29\ref\net8.0\System.Net.Sockets.dll".
             Reference found at search path location "{RawFileName}".
             This reference is not "CopyLocal" because at least one source item had "Private" set to "false" and no source items had "Private" set to "true".
         Primary reference "System.Net.WebClient, Version=8.0.0.0, Culture=neutral, PublicKeyToken=cc7b13ffcd2ddd51".
             Resolved file path is "C:\Program Files\dotnet\packs\Microsoft.NETCore.App.Ref\8.0.29\ref\net8.0\System.Net.WebClient.dll".
             Reference found at search path location "{RawFileName}".
             This reference is not "CopyLocal" because at least one source item had "Private" set to "false" and no source items had "Private" set to "true".
         Primary reference "System.Net.WebHeaderCollection, Version=8.0.0.0, Culture=neutral, PublicKeyToken=b03f5f7f11d50a3a".
             Resolved file path is "C:\Program Files\dotnet\packs\Microsoft.NETCore.App.Ref\8.0.29\ref\net8.0\System.Net.WebHeaderCollection.dll".
             Reference found at search path location "{RawFileName}".
             This reference is not "CopyLocal" because at least one source item had "Private" set to "false" and no source items had "Private" set to "true".
         Primary reference "System.Net.WebProxy, Version=8.0.0.0, Culture=neutral, PublicKeyToken=cc7b13ffcd2ddd51".
             Resolved file path is "C:\Program Files\dotnet\packs\Microsoft.NETCore.App.Ref\8.0.29\ref\net8.0\System.Net.WebProxy.dll".
             Reference found at search path location "{RawFileName}".
             This reference is not "CopyLocal" because at least one source item had "Private" set to "false" and no source items had "Private" set to "true".
         Primary reference "System.Net.WebSockets.Client, Version=8.0.0.0, Culture=neutral, PublicKeyToken=b03f5f7f11d50a3a".
             Resolved file path is "C:\Program Files\dotnet\packs\Microsoft.NETCore.App.Ref\8.0.29\ref\net8.0\System.Net.WebSockets.Client.dll".
             Reference found at search path location "{RawFileName}".
             This reference is not "CopyLocal" because at least one source item had "Private" set to "false" and no source items had "Private" set to "true".
         Primary reference "System.Net.WebSockets, Version=8.0.0.0, Culture=neutral, PublicKeyToken=b03f5f7f11d50a3a".
             Resolved file path is "C:\Program Files\dotnet\packs\Microsoft.NETCore.App.Ref\8.0.29\ref\net8.0\System.Net.WebSockets.dll".
             Reference found at search path location "{RawFileName}".
             This reference is not "CopyLocal" because at least one source item had "Private" set to "false" and no source items had "Private" set to "true".
         Primary reference "System.Net, Version=4.0.0.0, Culture=neutral, PublicKeyToken=b03f5f7f11d50a3a".
             Resolved file path is "C:\Program Files\dotnet\packs\Microsoft.NETCore.App.Ref\8.0.29\ref\net8.0\System.Net.dll".
             Reference found at search path location "{RawFileName}".
             This reference is not "CopyLocal" because at least one source item had "Private" set to "false" and no source items had "Private" set to "true".
         Primary reference "System.Numerics.Vectors, Version=8.0.0.0, Culture=neutral, PublicKeyToken=b03f5f7f11d50a3a".
             Resolved file path is "C:\Program Files\dotnet\packs\Microsoft.NETCore.App.Ref\8.0.29\ref\net8.0\System.Numerics.Vectors.dll".
             Reference found at search path location "{RawFileName}".
             This reference is not "CopyLocal" because at least one source item had "Private" set to "false" and no source items had "Private" set to "true".
         Primary reference "System.Numerics, Version=4.0.0.0, Culture=neutral, PublicKeyToken=b77a5c561934e089".
             Resolved file path is "C:\Program Files\dotnet\packs\Microsoft.NETCore.App.Ref\8.0.29\ref\net8.0\System.Numerics.dll".
             Reference found at search path location "{RawFileName}".
             This reference is not "CopyLocal" because at least one source item had "Private" set to "false" and no source items had "Private" set to "true".
         Primary reference "System.ObjectModel, Version=8.0.0.0, Culture=neutral, PublicKeyToken=b03f5f7f11d50a3a".
             Resolved file path is "C:\Program Files\dotnet\packs\Microsoft.NETCore.App.Ref\8.0.29\ref\net8.0\System.ObjectModel.dll".
             Reference found at search path location "{RawFileName}".
             This reference is not "CopyLocal" because at least one source item had "Private" set to "false" and no source items had "Private" set to "true".
         Primary reference "System.Reflection.DispatchProxy, Version=8.0.0.0, Culture=neutral, PublicKeyToken=b03f5f7f11d50a3a".
             Resolved file path is "C:\Program Files\dotnet\packs\Microsoft.NETCore.App.Ref\8.0.29\ref\net8.0\System.Reflection.DispatchProxy.dll".
             Reference found at search path location "{RawFileName}".
             This reference is not "CopyLocal" because at least one source item had "Private" set to "false" and no source items had "Private" set to "true".
         Primary reference "System.Reflection.Emit.ILGeneration, Version=8.0.0.0, Culture=neutral, PublicKeyToken=b03f5f7f11d50a3a".
             Resolved file path is "C:\Program Files\dotnet\packs\Microsoft.NETCore.App.Ref\8.0.29\ref\net8.0\System.Reflection.Emit.ILGeneration.dll".
             Reference found at search path location "{RawFileName}".
             This reference is not "CopyLocal" because at least one source item had "Private" set to "false" and no source items had "Private" set to "true".
         Primary reference "System.Reflection.Emit.Lightweight, Version=8.0.0.0, Culture=neutral, PublicKeyToken=b03f5f7f11d50a3a".
             Resolved file path is "C:\Program Files\dotnet\packs\Microsoft.NETCore.App.Ref\8.0.29\ref\net8.0\System.Reflection.Emit.Lightweight.dll".
             Reference found at search path location "{RawFileName}".
             This reference is not "CopyLocal" because at least one source item had "Private" set to "false" and no source items had "Private" set to "true".
         Primary reference "System.Reflection.Emit, Version=8.0.0.0, Culture=neutral, PublicKeyToken=b03f5f7f11d50a3a".
             Resolved file path is "C:\Program Files\dotnet\packs\Microsoft.NETCore.App.Ref\8.0.29\ref\net8.0\System.Reflection.Emit.dll".
             Reference found at search path location "{RawFileName}".
             This reference is not "CopyLocal" because at least one source item had "Private" set to "false" and no source items had "Private" set to "true".
         Primary reference "System.Reflection.Extensions, Version=8.0.0.0, Culture=neutral, PublicKeyToken=b03f5f7f11d50a3a".
             Resolved file path is "C:\Program Files\dotnet\packs\Microsoft.NETCore.App.Ref\8.0.29\ref\net8.0\System.Reflection.Extensions.dll".
             Reference found at search path location "{RawFileName}".
             This reference is not "CopyLocal" because at least one source item had "Private" set to "false" and no source items had "Private" set to "true".
         Primary reference "System.Reflection.Metadata, Version=8.0.0.0, Culture=neutral, PublicKeyToken=b03f5f7f11d50a3a".
             Resolved file path is "C:\Program Files\dotnet\packs\Microsoft.NETCore.App.Ref\8.0.29\ref\net8.0\System.Reflection.Metadata.dll".
             Reference found at search path location "{RawFileName}".
             This reference is not "CopyLocal" because at least one source item had "Private" set to "false" and no source items had "Private" set to "true".
         Primary reference "System.Reflection.Primitives, Version=8.0.0.0, Culture=neutral, PublicKeyToken=b03f5f7f11d50a3a".
             Resolved file path is "C:\Program Files\dotnet\packs\Microsoft.NETCore.App.Ref\8.0.29\ref\net8.0\System.Reflection.Primitives.dll".
             Reference found at search path location "{RawFileName}".
             This reference is not "CopyLocal" because at least one source item had "Private" set to "false" and no source items had "Private" set to "true".
         Primary reference "System.Reflection.TypeExtensions, Version=8.0.0.0, Culture=neutral, PublicKeyToken=b03f5f7f11d50a3a".
             Resolved file path is "C:\Program Files\dotnet\packs\Microsoft.NETCore.App.Ref\8.0.29\ref\net8.0\System.Reflection.TypeExtensions.dll".
             Reference found at search path location "{RawFileName}".
             This reference is not "CopyLocal" because at least one source item had "Private" set to "false" and no source items had "Private" set to "true".
         Primary reference "System.Reflection, Version=8.0.0.0, Culture=neutral, PublicKeyToken=b03f5f7f11d50a3a".
             Resolved file path is "C:\Program Files\dotnet\packs\Microsoft.NETCore.App.Ref\8.0.29\ref\net8.0\System.Reflection.dll".
             Reference found at search path location "{RawFileName}".
             This reference is not "CopyLocal" because at least one source item had "Private" set to "false" and no source items had "Private" set to "true".
         Primary reference "System.Resources.Reader, Version=8.0.0.0, Culture=neutral, PublicKeyToken=b03f5f7f11d50a3a".
             Resolved file path is "C:\Program Files\dotnet\packs\Microsoft.NETCore.App.Ref\8.0.29\ref\net8.0\System.Resources.Reader.dll".
             Reference found at search path location "{RawFileName}".
             This reference is not "CopyLocal" because at least one source item had "Private" set to "false" and no source items had "Private" set to "true".
         Primary reference "System.Resources.ResourceManager, Version=8.0.0.0, Culture=neutral, PublicKeyToken=b03f5f7f11d50a3a".
             Resolved file path is "C:\Program Files\dotnet\packs\Microsoft.NETCore.App.Ref\8.0.29\ref\net8.0\System.Resources.ResourceManager.dll".
             Reference found at search path location "{RawFileName}".
             This reference is not "CopyLocal" because at least one source item had "Private" set to "false" and no source items had "Private" set to "true".
         Primary reference "System.Resources.Writer, Version=8.0.0.0, Culture=neutral, PublicKeyToken=b03f5f7f11d50a3a".
             Resolved file path is "C:\Program Files\dotnet\packs\Microsoft.NETCore.App.Ref\8.0.29\ref\net8.0\System.Resources.Writer.dll".
             Reference found at search path location "{RawFileName}".
             This reference is not "CopyLocal" because at least one source item had "Private" set to "false" and no source items had "Private" set to "true".
         Primary reference "System.Runtime.CompilerServices.Unsafe, Version=8.0.0.0, Culture=neutral, PublicKeyToken=b03f5f7f11d50a3a".
             Resolved file path is "C:\Program Files\dotnet\packs\Microsoft.NETCore.App.Ref\8.0.29\ref\net8.0\System.Runtime.CompilerServices.Unsafe.dll".
             Reference found at search path location "{RawFileName}".
             This reference is not "CopyLocal" because at least one source item had "Private" set to "false" and no source items had "Private" set to "true".
         Primary reference "System.Runtime.CompilerServices.VisualC, Version=8.0.0.0, Culture=neutral, PublicKeyToken=b03f5f7f11d50a3a".
             Resolved file path is "C:\Program Files\dotnet\packs\Microsoft.NETCore.App.Ref\8.0.29\ref\net8.0\System.Runtime.CompilerServices.VisualC.dll".
             Reference found at search path location "{RawFileName}".
             This reference is not "CopyLocal" because at least one source item had "Private" set to "false" and no source items had "Private" set to "true".
         Primary reference "System.Runtime.Extensions, Version=8.0.0.0, Culture=neutral, PublicKeyToken=b03f5f7f11d50a3a".
             Resolved file path is "C:\Program Files\dotnet\packs\Microsoft.NETCore.App.Ref\8.0.29\ref\net8.0\System.Runtime.Extensions.dll".
             Reference found at search path location "{RawFileName}".
             This reference is not "CopyLocal" because at least one source item had "Private" set to "false" and no source items had "Private" set to "true".
         Primary reference "System.Runtime.Handles, Version=8.0.0.0, Culture=neutral, PublicKeyToken=b03f5f7f11d50a3a".
             Resolved file path is "C:\Program Files\dotnet\packs\Microsoft.NETCore.App.Ref\8.0.29\ref\net8.0\System.Runtime.Handles.dll".
             Reference found at search path location "{RawFileName}".
             This reference is not "CopyLocal" because at least one source item had "Private" set to "false" and no source items had "Private" set to "true".
         Primary reference "System.Runtime.InteropServices.JavaScript, Version=8.0.0.0, Culture=neutral, PublicKeyToken=b03f5f7f11d50a3a".
             Resolved file path is "C:\Program Files\dotnet\packs\Microsoft.NETCore.App.Ref\8.0.29\ref\net8.0\System.Runtime.InteropServices.JavaScript.dll".
             Reference found at search path location "{RawFileName}".
             This reference is not "CopyLocal" because at least one source item had "Private" set to "false" and no source items had "Private" set to "true".
         Primary reference "System.Runtime.InteropServices.RuntimeInformation, Version=8.0.0.0, Culture=neutral, PublicKeyToken=b03f5f7f11d50a3a".
             Resolved file path is "C:\Program Files\dotnet\packs\Microsoft.NETCore.App.Ref\8.0.29\ref\net8.0\System.Runtime.InteropServices.RuntimeInformation.dll".
             Reference found at search path location "{RawFileName}".
             This reference is not "CopyLocal" because at least one source item had "Private" set to "false" and no source items had "Private" set to "true".
         Primary reference "System.Runtime.InteropServices, Version=8.0.0.0, Culture=neutral, PublicKeyToken=b03f5f7f11d50a3a".
             Resolved file path is "C:\Program Files\dotnet\packs\Microsoft.NETCore.App.Ref\8.0.29\ref\net8.0\System.Runtime.InteropServices.dll".
             Reference found at search path location "{RawFileName}".
             This reference is not "CopyLocal" because at least one source item had "Private" set to "false" and no source items had "Private" set to "true".
         Primary reference "System.Runtime.Intrinsics, Version=8.0.0.0, Culture=neutral, PublicKeyToken=cc7b13ffcd2ddd51".
             Resolved file path is "C:\Program Files\dotnet\packs\Microsoft.NETCore.App.Ref\8.0.29\ref\net8.0\System.Runtime.Intrinsics.dll".
             Reference found at search path location "{RawFileName}".
             This reference is not "CopyLocal" because at least one source item had "Private" set to "false" and no source items had "Private" set to "true".
         Primary reference "System.Runtime.Loader, Version=8.0.0.0, Culture=neutral, PublicKeyToken=b03f5f7f11d50a3a".
             Resolved file path is "C:\Program Files\dotnet\packs\Microsoft.NETCore.App.Ref\8.0.29\ref\net8.0\System.Runtime.Loader.dll".
             Reference found at search path location "{RawFileName}".
             This reference is not "CopyLocal" because at least one source item had "Private" set to "false" and no source items had "Private" set to "true".
         Primary reference "System.Runtime.Numerics, Version=8.0.0.0, Culture=neutral, PublicKeyToken=b03f5f7f11d50a3a".
             Resolved file path is "C:\Program Files\dotnet\packs\Microsoft.NETCore.App.Ref\8.0.29\ref\net8.0\System.Runtime.Numerics.dll".
             Reference found at search path location "{RawFileName}".
             This reference is not "CopyLocal" because at least one source item had "Private" set to "false" and no source items had "Private" set to "true".
         Primary reference "System.Runtime.Serialization.Formatters, Version=8.0.0.0, Culture=neutral, PublicKeyToken=b03f5f7f11d50a3a".
             Resolved file path is "C:\Program Files\dotnet\packs\Microsoft.NETCore.App.Ref\8.0.29\ref\net8.0\System.Runtime.Serialization.Formatters.dll".
             Reference found at search path location "{RawFileName}".
             This reference is not "CopyLocal" because at least one source item had "Private" set to "false" and no source items had "Private" set to "true".
         Primary reference "System.Runtime.Serialization.Json, Version=8.0.0.0, Culture=neutral, PublicKeyToken=b03f5f7f11d50a3a".
             Resolved file path is "C:\Program Files\dotnet\packs\Microsoft.NETCore.App.Ref\8.0.29\ref\net8.0\System.Runtime.Serialization.Json.dll".
             Reference found at search path location "{RawFileName}".
             This reference is not "CopyLocal" because at least one source item had "Private" set to "false" and no source items had "Private" set to "true".
         Primary reference "System.Runtime.Serialization.Primitives, Version=8.0.0.0, Culture=neutral, PublicKeyToken=b03f5f7f11d50a3a".
             Resolved file path is "C:\Program Files\dotnet\packs\Microsoft.NETCore.App.Ref\8.0.29\ref\net8.0\System.Runtime.Serialization.Primitives.dll".
             Reference found at search path location "{RawFileName}".
             This reference is not "CopyLocal" because at least one source item had "Private" set to "false" and no source items had "Private" set to "true".
         Primary reference "System.Runtime.Serialization.Xml, Version=8.0.0.0, Culture=neutral, PublicKeyToken=b03f5f7f11d50a3a".
             Resolved file path is "C:\Program Files\dotnet\packs\Microsoft.NETCore.App.Ref\8.0.29\ref\net8.0\System.Runtime.Serialization.Xml.dll".
             Reference found at search path location "{RawFileName}".
             This reference is not "CopyLocal" because at least one source item had "Private" set to "false" and no source items had "Private" set to "true".
         Primary reference "System.Runtime.Serialization, Version=4.0.0.0, Culture=neutral, PublicKeyToken=b77a5c561934e089".
             Resolved file path is "C:\Program Files\dotnet\packs\Microsoft.NETCore.App.Ref\8.0.29\ref\net8.0\System.Runtime.Serialization.dll".
             Reference found at search path location "{RawFileName}".
             This reference is not "CopyLocal" because at least one source item had "Private" set to "false" and no source items had "Private" set to "true".
         Primary reference "System.Runtime, Version=8.0.0.0, Culture=neutral, PublicKeyToken=b03f5f7f11d50a3a".
             Resolved file path is "C:\Program Files\dotnet\packs\Microsoft.NETCore.App.Ref\8.0.29\ref\net8.0\System.Runtime.dll".
             Reference found at search path location "{RawFileName}".
             This reference is not "CopyLocal" because at least one source item had "Private" set to "false" and no source items had "Private" set to "true".
         Primary reference "System.Security.AccessControl, Version=8.0.0.0, Culture=neutral, PublicKeyToken=b03f5f7f11d50a3a".
             Resolved file path is "C:\Program Files\dotnet\packs\Microsoft.NETCore.App.Ref\8.0.29\ref\net8.0\System.Security.AccessControl.dll".
             Reference found at search path location "{RawFileName}".
             This reference is not "CopyLocal" because at least one source item had "Private" set to "false" and no source items had "Private" set to "true".
         Primary reference "System.Security.Claims, Version=8.0.0.0, Culture=neutral, PublicKeyToken=b03f5f7f11d50a3a".
             Resolved file path is "C:\Program Files\dotnet\packs\Microsoft.NETCore.App.Ref\8.0.29\ref\net8.0\System.Security.Claims.dll".
             Reference found at search path location "{RawFileName}".
             This reference is not "CopyLocal" because at least one source item had "Private" set to "false" and no source items had "Private" set to "true".
         Primary reference "System.Security.Cryptography.Algorithms, Version=8.0.0.0, Culture=neutral, PublicKeyToken=b03f5f7f11d50a3a".
             Resolved file path is "C:\Program Files\dotnet\packs\Microsoft.NETCore.App.Ref\8.0.29\ref\net8.0\System.Security.Cryptography.Algorithms.dll".
             Reference found at search path location "{RawFileName}".
             This reference is not "CopyLocal" because at least one source item had "Private" set to "false" and no source items had "Private" set to "true".
         Primary reference "System.Security.Cryptography.Cng, Version=8.0.0.0, Culture=neutral, PublicKeyToken=b03f5f7f11d50a3a".
             Resolved file path is "C:\Program Files\dotnet\packs\Microsoft.NETCore.App.Ref\8.0.29\ref\net8.0\System.Security.Cryptography.Cng.dll".
             Reference found at search path location "{RawFileName}".
             This reference is not "CopyLocal" because at least one source item had "Private" set to "false" and no source items had "Private" set to "true".
         Primary reference "System.Security.Cryptography.Csp, Version=8.0.0.0, Culture=neutral, PublicKeyToken=b03f5f7f11d50a3a".
             Resolved file path is "C:\Program Files\dotnet\packs\Microsoft.NETCore.App.Ref\8.0.29\ref\net8.0\System.Security.Cryptography.Csp.dll".
             Reference found at search path location "{RawFileName}".
             This reference is not "CopyLocal" because at least one source item had "Private" set to "false" and no source items had "Private" set to "true".
         Primary reference "System.Security.Cryptography.Encoding, Version=8.0.0.0, Culture=neutral, PublicKeyToken=b03f5f7f11d50a3a".
             Resolved file path is "C:\Program Files\dotnet\packs\Microsoft.NETCore.App.Ref\8.0.29\ref\net8.0\System.Security.Cryptography.Encoding.dll".
             Reference found at search path location "{RawFileName}".
             This reference is not "CopyLocal" because at least one source item had "Private" set to "false" and no source items had "Private" set to "true".
         Primary reference "System.Security.Cryptography.OpenSsl, Version=8.0.0.0, Culture=neutral, PublicKeyToken=b03f5f7f11d50a3a".
             Resolved file path is "C:\Program Files\dotnet\packs\Microsoft.NETCore.App.Ref\8.0.29\ref\net8.0\System.Security.Cryptography.OpenSsl.dll".
             Reference found at search path location "{RawFileName}".
             This reference is not "CopyLocal" because at least one source item had "Private" set to "false" and no source items had "Private" set to "true".
         Primary reference "System.Security.Cryptography.Primitives, Version=8.0.0.0, Culture=neutral, PublicKeyToken=b03f5f7f11d50a3a".
             Resolved file path is "C:\Program Files\dotnet\packs\Microsoft.NETCore.App.Ref\8.0.29\ref\net8.0\System.Security.Cryptography.Primitives.dll".
             Reference found at search path location "{RawFileName}".
             This reference is not "CopyLocal" because at least one source item had "Private" set to "false" and no source items had "Private" set to "true".
         Primary reference "System.Security.Cryptography.X509Certificates, Version=8.0.0.0, Culture=neutral, PublicKeyToken=b03f5f7f11d50a3a".
             Resolved file path is "C:\Program Files\dotnet\packs\Microsoft.NETCore.App.Ref\8.0.29\ref\net8.0\System.Security.Cryptography.X509Certificates.dll".
             Reference found at search path location "{RawFileName}".
             This reference is not "CopyLocal" because at least one source item had "Private" set to "false" and no source items had "Private" set to "true".
         Primary reference "System.Security.Cryptography, Version=8.0.0.0, Culture=neutral, PublicKeyToken=b03f5f7f11d50a3a".
             Resolved file path is "C:\Program Files\dotnet\packs\Microsoft.NETCore.App.Ref\8.0.29\ref\net8.0\System.Security.Cryptography.dll".
             Reference found at search path location "{RawFileName}".
             This reference is not "CopyLocal" because at least one source item had "Private" set to "false" and no source items had "Private" set to "true".
         Primary reference "System.Security.Principal.Windows, Version=8.0.0.0, Culture=neutral, PublicKeyToken=b03f5f7f11d50a3a".
             Resolved file path is "C:\Program Files\dotnet\packs\Microsoft.NETCore.App.Ref\8.0.29\ref\net8.0\System.Security.Principal.Windows.dll".
             Reference found at search path location "{RawFileName}".
             This reference is not "CopyLocal" because at least one source item had "Private" set to "false" and no source items had "Private" set to "true".
         Primary reference "System.Security.Principal, Version=8.0.0.0, Culture=neutral, PublicKeyToken=b03f5f7f11d50a3a".
             Resolved file path is "C:\Program Files\dotnet\packs\Microsoft.NETCore.App.Ref\8.0.29\ref\net8.0\System.Security.Principal.dll".
             Reference found at search path location "{RawFileName}".
             This reference is not "CopyLocal" because at least one source item had "Private" set to "false" and no source items had "Private" set to "true".
         Primary reference "System.Security.SecureString, Version=8.0.0.0, Culture=neutral, PublicKeyToken=b03f5f7f11d50a3a".
             Resolved file path is "C:\Program Files\dotnet\packs\Microsoft.NETCore.App.Ref\8.0.29\ref\net8.0\System.Security.SecureString.dll".
             Reference found at search path location "{RawFileName}".
             This reference is not "CopyLocal" because at least one source item had "Private" set to "false" and no source items had "Private" set to "true".
         Primary reference "System.Security, Version=4.0.0.0, Culture=neutral, PublicKeyToken=b03f5f7f11d50a3a".
             Resolved file path is "C:\Program Files\dotnet\packs\Microsoft.NETCore.App.Ref\8.0.29\ref\net8.0\System.Security.dll".
             Reference found at search path location "{RawFileName}".
             This reference is not "CopyLocal" because at least one source item had "Private" set to "false" and no source items had "Private" set to "true".
         Primary reference "System.ServiceModel.Web, Version=4.0.0.0, Culture=neutral, PublicKeyToken=31bf3856ad364e35".
             Resolved file path is "C:\Program Files\dotnet\packs\Microsoft.NETCore.App.Ref\8.0.29\ref\net8.0\System.ServiceModel.Web.dll".
             Reference found at search path location "{RawFileName}".
             This reference is not "CopyLocal" because at least one source item had "Private" set to "false" and no source items had "Private" set to "true".
         Primary reference "System.ServiceProcess, Version=4.0.0.0, Culture=neutral, PublicKeyToken=b03f5f7f11d50a3a".
             Resolved file path is "C:\Program Files\dotnet\packs\Microsoft.NETCore.App.Ref\8.0.29\ref\net8.0\System.ServiceProcess.dll".
             Reference found at search path location "{RawFileName}".
             This reference is not "CopyLocal" because at least one source item had "Private" set to "false" and no source items had "Private" set to "true".
         Primary reference "System.Text.Encoding.CodePages, Version=8.0.0.0, Culture=neutral, PublicKeyToken=b03f5f7f11d50a3a".
             Resolved file path is "C:\Program Files\dotnet\packs\Microsoft.NETCore.App.Ref\8.0.29\ref\net8.0\System.Text.Encoding.CodePages.dll".
             Reference found at search path location "{RawFileName}".
             This reference is not "CopyLocal" because at least one source item had "Private" set to "false" and no source items had "Private" set to "true".
         Primary reference "System.Text.Encoding.Extensions, Version=8.0.0.0, Culture=neutral, PublicKeyToken=b03f5f7f11d50a3a".
             Resolved file path is "C:\Program Files\dotnet\packs\Microsoft.NETCore.App.Ref\8.0.29\ref\net8.0\System.Text.Encoding.Extensions.dll".
             Reference found at search path location "{RawFileName}".
             This reference is not "CopyLocal" because at least one source item had "Private" set to "false" and no source items had "Private" set to "true".
         Primary reference "System.Text.Encoding, Version=8.0.0.0, Culture=neutral, PublicKeyToken=b03f5f7f11d50a3a".
             Resolved file path is "C:\Program Files\dotnet\packs\Microsoft.NETCore.App.Ref\8.0.29\ref\net8.0\System.Text.Encoding.dll".
             Reference found at search path location "{RawFileName}".
             This reference is not "CopyLocal" because at least one source item had "Private" set to "false" and no source items had "Private" set to "true".
         Primary reference "System.Text.Encodings.Web, Version=8.0.0.0, Culture=neutral, PublicKeyToken=cc7b13ffcd2ddd51".
             Resolved file path is "C:\Program Files\dotnet\packs\Microsoft.NETCore.App.Ref\8.0.29\ref\net8.0\System.Text.Encodings.Web.dll".
             Reference found at search path location "{RawFileName}".
             This reference is not "CopyLocal" because at least one source item had "Private" set to "false" and no source items had "Private" set to "true".
         Primary reference "System.Text.Json, Version=8.0.0.0, Culture=neutral, PublicKeyToken=cc7b13ffcd2ddd51".
             Resolved file path is "C:\Program Files\dotnet\packs\Microsoft.NETCore.App.Ref\8.0.29\ref\net8.0\System.Text.Json.dll".
             Reference found at search path location "{RawFileName}".
             This reference is not "CopyLocal" because at least one source item had "Private" set to "false" and no source items had "Private" set to "true".
         Primary reference "System.Text.RegularExpressions, Version=8.0.0.0, Culture=neutral, PublicKeyToken=b03f5f7f11d50a3a".
             Resolved file path is "C:\Program Files\dotnet\packs\Microsoft.NETCore.App.Ref\8.0.29\ref\net8.0\System.Text.RegularExpressions.dll".
             Reference found at search path location "{RawFileName}".
             This reference is not "CopyLocal" because at least one source item had "Private" set to "false" and no source items had "Private" set to "true".
         Primary reference "System.Threading.Channels, Version=8.0.0.0, Culture=neutral, PublicKeyToken=cc7b13ffcd2ddd51".
             Resolved file path is "C:\Program Files\dotnet\packs\Microsoft.NETCore.App.Ref\8.0.29\ref\net8.0\System.Threading.Channels.dll".
             Reference found at search path location "{RawFileName}".
             This reference is not "CopyLocal" because at least one source item had "Private" set to "false" and no source items had "Private" set to "true".
         Primary reference "System.Threading.Overlapped, Version=8.0.0.0, Culture=neutral, PublicKeyToken=b03f5f7f11d50a3a".
             Resolved file path is "C:\Program Files\dotnet\packs\Microsoft.NETCore.App.Ref\8.0.29\ref\net8.0\System.Threading.Overlapped.dll".
             Reference found at search path location "{RawFileName}".
             This reference is not "CopyLocal" because at least one source item had "Private" set to "false" and no source items had "Private" set to "true".
         Primary reference "System.Threading.Tasks.Dataflow, Version=8.0.0.0, Culture=neutral, PublicKeyToken=b03f5f7f11d50a3a".
             Resolved file path is "C:\Program Files\dotnet\packs\Microsoft.NETCore.App.Ref\8.0.29\ref\net8.0\System.Threading.Tasks.Dataflow.dll".
             Reference found at search path location "{RawFileName}".
             This reference is not "CopyLocal" because at least one source item had "Private" set to "false" and no source items had "Private" set to "true".
         Primary reference "System.Threading.Tasks.Extensions, Version=8.0.0.0, Culture=neutral, PublicKeyToken=cc7b13ffcd2ddd51".
             Resolved file path is "C:\Program Files\dotnet\packs\Microsoft.NETCore.App.Ref\8.0.29\ref\net8.0\System.Threading.Tasks.Extensions.dll".
             Reference found at search path location "{RawFileName}".
             This reference is not "CopyLocal" because at least one source item had "Private" set to "false" and no source items had "Private" set to "true".
         Primary reference "System.Threading.Tasks.Parallel, Version=8.0.0.0, Culture=neutral, PublicKeyToken=b03f5f7f11d50a3a".
             Resolved file path is "C:\Program Files\dotnet\packs\Microsoft.NETCore.App.Ref\8.0.29\ref\net8.0\System.Threading.Tasks.Parallel.dll".
             Reference found at search path location "{RawFileName}".
             This reference is not "CopyLocal" because at least one source item had "Private" set to "false" and no source items had "Private" set to "true".
         Primary reference "System.Threading.Tasks, Version=8.0.0.0, Culture=neutral, PublicKeyToken=b03f5f7f11d50a3a".
             Resolved file path is "C:\Program Files\dotnet\packs\Microsoft.NETCore.App.Ref\8.0.29\ref\net8.0\System.Threading.Tasks.dll".
             Reference found at search path location "{RawFileName}".
             This reference is not "CopyLocal" because at least one source item had "Private" set to "false" and no source items had "Private" set to "true".
         Primary reference "System.Threading.Thread, Version=8.0.0.0, Culture=neutral, PublicKeyToken=b03f5f7f11d50a3a".
             Resolved file path is "C:\Program Files\dotnet\packs\Microsoft.NETCore.App.Ref\8.0.29\ref\net8.0\System.Threading.Thread.dll".
             Reference found at search path location "{RawFileName}".
             This reference is not "CopyLocal" because at least one source item had "Private" set to "false" and no source items had "Private" set to "true".
         Primary reference "System.Threading.ThreadPool, Version=8.0.0.0, Culture=neutral, PublicKeyToken=b03f5f7f11d50a3a".
             Resolved file path is "C:\Program Files\dotnet\packs\Microsoft.NETCore.App.Ref\8.0.29\ref\net8.0\System.Threading.ThreadPool.dll".
             Reference found at search path location "{RawFileName}".
             This reference is not "CopyLocal" because at least one source item had "Private" set to "false" and no source items had "Private" set to "true".
         Primary reference "System.Threading.Timer, Version=8.0.0.0, Culture=neutral, PublicKeyToken=b03f5f7f11d50a3a".
             Resolved file path is "C:\Program Files\dotnet\packs\Microsoft.NETCore.App.Ref\8.0.29\ref\net8.0\System.Threading.Timer.dll".
             Reference found at search path location "{RawFileName}".
             This reference is not "CopyLocal" because at least one source item had "Private" set to "false" and no source items had "Private" set to "true".
         Primary reference "System.Threading, Version=8.0.0.0, Culture=neutral, PublicKeyToken=b03f5f7f11d50a3a".
             Resolved file path is "C:\Program Files\dotnet\packs\Microsoft.NETCore.App.Ref\8.0.29\ref\net8.0\System.Threading.dll".
             Reference found at search path location "{RawFileName}".
             This reference is not "CopyLocal" because at least one source item had "Private" set to "false" and no source items had "Private" set to "true".
         Primary reference "System.Transactions.Local, Version=8.0.0.0, Culture=neutral, PublicKeyToken=cc7b13ffcd2ddd51".
             Resolved file path is "C:\Program Files\dotnet\packs\Microsoft.NETCore.App.Ref\8.0.29\ref\net8.0\System.Transactions.Local.dll".
             Reference found at search path location "{RawFileName}".
             This reference is not "CopyLocal" because at least one source item had "Private" set to "false" and no source items had "Private" set to "true".
         Primary reference "System.Transactions, Version=4.0.0.0, Culture=neutral, PublicKeyToken=b77a5c561934e089".
             Resolved file path is "C:\Program Files\dotnet\packs\Microsoft.NETCore.App.Ref\8.0.29\ref\net8.0\System.Transactions.dll".
             Reference found at search path location "{RawFileName}".
             This reference is not "CopyLocal" because at least one source item had "Private" set to "false" and no source items had "Private" set to "true".
         Primary reference "System.ValueTuple, Version=8.0.0.0, Culture=neutral, PublicKeyToken=cc7b13ffcd2ddd51".
             Resolved file path is "C:\Program Files\dotnet\packs\Microsoft.NETCore.App.Ref\8.0.29\ref\net8.0\System.ValueTuple.dll".
             Reference found at search path location "{RawFileName}".
             This reference is not "CopyLocal" because at least one source item had "Private" set to "false" and no source items had "Private" set to "true".
         Primary reference "System.Web.HttpUtility, Version=8.0.0.0, Culture=neutral, PublicKeyToken=cc7b13ffcd2ddd51".
             Resolved file path is "C:\Program Files\dotnet\packs\Microsoft.NETCore.App.Ref\8.0.29\ref\net8.0\System.Web.HttpUtility.dll".
             Reference found at search path location "{RawFileName}".
             This reference is not "CopyLocal" because at least one source item had "Private" set to "false" and no source items had "Private" set to "true".
         Primary reference "System.Web, Version=4.0.0.0, Culture=neutral, PublicKeyToken=b03f5f7f11d50a3a".
             Resolved file path is "C:\Program Files\dotnet\packs\Microsoft.NETCore.App.Ref\8.0.29\ref\net8.0\System.Web.dll".
             Reference found at search path location "{RawFileName}".
             This reference is not "CopyLocal" because at least one source item had "Private" set to "false" and no source items had "Private" set to "true".
         Primary reference "System.Windows, Version=4.0.0.0, Culture=neutral, PublicKeyToken=b03f5f7f11d50a3a".
             Resolved file path is "C:\Program Files\dotnet\packs\Microsoft.NETCore.App.Ref\8.0.29\ref\net8.0\System.Windows.dll".
             Reference found at search path location "{RawFileName}".
             This reference is not "CopyLocal" because at least one source item had "Private" set to "false" and no source items had "Private" set to "true".
         Primary reference "System.Xml.Linq, Version=4.0.0.0, Culture=neutral, PublicKeyToken=b77a5c561934e089".
             Resolved file path is "C:\Program Files\dotnet\packs\Microsoft.NETCore.App.Ref\8.0.29\ref\net8.0\System.Xml.Linq.dll".
             Reference found at search path location "{RawFileName}".
             This reference is not "CopyLocal" because at least one source item had "Private" set to "false" and no source items had "Private" set to "true".
         Primary reference "System.Xml.ReaderWriter, Version=8.0.0.0, Culture=neutral, PublicKeyToken=b03f5f7f11d50a3a".
             Resolved file path is "C:\Program Files\dotnet\packs\Microsoft.NETCore.App.Ref\8.0.29\ref\net8.0\System.Xml.ReaderWriter.dll".
             Reference found at search path location "{RawFileName}".
             This reference is not "CopyLocal" because at least one source item had "Private" set to "false" and no source items had "Private" set to "true".
         Primary reference "System.Xml.Serialization, Version=4.0.0.0, Culture=neutral, PublicKeyToken=b77a5c561934e089".
             Resolved file path is "C:\Program Files\dotnet\packs\Microsoft.NETCore.App.Ref\8.0.29\ref\net8.0\System.Xml.Serialization.dll".
             Reference found at search path location "{RawFileName}".
             This reference is not "CopyLocal" because at least one source item had "Private" set to "false" and no source items had "Private" set to "true".
         Primary reference "System.Xml.XDocument, Version=8.0.0.0, Culture=neutral, PublicKeyToken=b03f5f7f11d50a3a".
             Resolved file path is "C:\Program Files\dotnet\packs\Microsoft.NETCore.App.Ref\8.0.29\ref\net8.0\System.Xml.XDocument.dll".
             Reference found at search path location "{RawFileName}".
             This reference is not "CopyLocal" because at least one source item had "Private" set to "false" and no source items had "Private" set to "true".
         Primary reference "System.Xml.XPath.XDocument, Version=8.0.0.0, Culture=neutral, PublicKeyToken=b03f5f7f11d50a3a".
             Resolved file path is "C:\Program Files\dotnet\packs\Microsoft.NETCore.App.Ref\8.0.29\ref\net8.0\System.Xml.XPath.XDocument.dll".
             Reference found at search path location "{RawFileName}".
             This reference is not "CopyLocal" because at least one source item had "Private" set to "false" and no source items had "Private" set to "true".
         Primary reference "System.Xml.XPath, Version=8.0.0.0, Culture=neutral, PublicKeyToken=b03f5f7f11d50a3a".
             Resolved file path is "C:\Program Files\dotnet\packs\Microsoft.NETCore.App.Ref\8.0.29\ref\net8.0\System.Xml.XPath.dll".
             Reference found at search path location "{RawFileName}".
             This reference is not "CopyLocal" because at least one source item had "Private" set to "false" and no source items had "Private" set to "true".
         Primary reference "System.Xml.XmlDocument, Version=8.0.0.0, Culture=neutral, PublicKeyToken=b03f5f7f11d50a3a".
             Resolved file path is "C:\Program Files\dotnet\packs\Microsoft.NETCore.App.Ref\8.0.29\ref\net8.0\System.Xml.XmlDocument.dll".
             Reference found at search path location "{RawFileName}".
             This reference is not "CopyLocal" because at least one source item had "Private" set to "false" and no source items had "Private" set to "true".
         Primary reference "System.Xml.XmlSerializer, Version=8.0.0.0, Culture=neutral, PublicKeyToken=b03f5f7f11d50a3a".
             Resolved file path is "C:\Program Files\dotnet\packs\Microsoft.NETCore.App.Ref\8.0.29\ref\net8.0\System.Xml.XmlSerializer.dll".
             Reference found at search path location "{RawFileName}".
             This reference is not "CopyLocal" because at least one source item had "Private" set to "false" and no source items had "Private" set to "true".
         Primary reference "System.Xml, Version=4.0.0.0, Culture=neutral, PublicKeyToken=b77a5c561934e089".
             Resolved file path is "C:\Program Files\dotnet\packs\Microsoft.NETCore.App.Ref\8.0.29\ref\net8.0\System.Xml.dll".
             Reference found at search path location "{RawFileName}".
             This reference is not "CopyLocal" because at least one source item had "Private" set to "false" and no source items had "Private" set to "true".
         Primary reference "System, Version=4.0.0.0, Culture=neutral, PublicKeyToken=b77a5c561934e089".
             Resolved file path is "C:\Program Files\dotnet\packs\Microsoft.NETCore.App.Ref\8.0.29\ref\net8.0\System.dll".
             Reference found at search path location "{RawFileName}".
             This reference is not "CopyLocal" because at least one source item had "Private" set to "false" and no source items had "Private" set to "true".
         Primary reference "WindowsBase, Version=4.0.0.0, Culture=neutral, PublicKeyToken=31bf3856ad364e35".
             Resolved file path is "C:\Program Files\dotnet\packs\Microsoft.NETCore.App.Ref\8.0.29\ref\net8.0\WindowsBase.dll".
             Reference found at search path location "{RawFileName}".
             This reference is not "CopyLocal" because at least one source item had "Private" set to "false" and no source items had "Private" set to "true".
         Primary reference "mscorlib, Version=4.0.0.0, Culture=neutral, PublicKeyToken=b77a5c561934e089".
             Resolved file path is "C:\Program Files\dotnet\packs\Microsoft.NETCore.App.Ref\8.0.29\ref\net8.0\mscorlib.dll".
             Reference found at search path location "{RawFileName}".
             This reference is not "CopyLocal" because at least one source item had "Private" set to "false" and no source items had "Private" set to "true".
         Primary reference "netstandard, Version=2.1.0.0, Culture=neutral, PublicKeyToken=cc7b13ffcd2ddd51".
             Resolved file path is "C:\Program Files\dotnet\packs\Microsoft.NETCore.App.Ref\8.0.29\ref\net8.0\netstandard.dll".
             Reference found at search path location "{RawFileName}".
             This reference is not "CopyLocal" because at least one source item had "Private" set to "false" and no source items had "Private" set to "true".
       Done executing task "ResolveAssemblyReference".
   2:6>Done building target "ResolveAssemblyReferences" in project "MdToPdf.Core.csproj".
       Target "GenerateBindingRedirects" skipped, due to false condition; ('$(AutoGenerateBindingRedirects)' == 'true' and '$(GenerateBindingRedirectsOutputType)' == 'true' and '@(SuggestedBindingRedirects)' != '' and '$(DesignTimeBuild)' != 'true' and '$(BuildingProject)' == 'true') was evaluated as ('' == 'true' and '' == 'true' and '' != '' and '' != 'true' and 'true' == 'true').
       Target "GenerateSupportedRuntime" skipped, due to false condition; ('$(GenerateSupportedRuntime)' != 'false' and '$(TargetFrameworkIdentifier)' == '.NETFramework' and '$(HasRuntimeOutput)' == 'true') was evaluated as ('' != 'false' and '.NETCoreApp' == '.NETFramework' and '' == 'true').
       Target "GenerateBindingRedirectsUpdateAppConfig" skipped, due to false condition; ('$(AutoGenerateBindingRedirects)' == 'true' and '$(GenerateBindingRedirectsOutputType)' == 'true') was evaluated as ('' == 'true' and '' == 'true').
       Target "ResolveComReferences" skipped, due to false condition; ('@(COMReference)'!='' or '@(COMFileReference)'!='') was evaluated as (''!='' or ''!='').
   2:6>Target "AfterResolveReferences" in file "C:\Program Files\dotnet\sdk\8.0.423\Microsoft.Common.CurrentVersion.targets" from project "C:\Users\Tony\.gemini\antigravity\scratch\marksmith\MdToPdf.Core\MdToPdf.Core.csproj" (target "ResolveReferences" depends on it):
   2:6>Done building target "AfterResolveReferences" in project "MdToPdf.Core.csproj".
   2:6>Target "ResolveReferences" in file "C:\Program Files\dotnet\sdk\8.0.423\Microsoft.Common.CurrentVersion.targets" from project "C:\Users\Tony\.gemini\antigravity\scratch\marksmith\MdToPdf.Core\MdToPdf.Core.csproj" (target "_BlockWinMDsOnUnsupportedTFMs" depends on it):
   2:6>Done building target "ResolveReferences" in project "MdToPdf.Core.csproj".
   2:6>Target "_BlockWinMDsOnUnsupportedTFMs" in file "C:\Program Files\dotnet\sdk\8.0.423\Sdks\Microsoft.NET.Sdk\targets\Microsoft.NET.Sdk.targets" from project "C:\Users\Tony\.gemini\antigravity\scratch\marksmith\MdToPdf.Core\MdToPdf.Core.csproj" (target "CoreBuild" depends on it):
       Using "CheckForUnsupportedWinMDReferences" task from assembly "C:\Program Files\dotnet\sdk\8.0.423\Sdks\Microsoft.NET.Sdk\targets\..\tools\net8.0\Microsoft.NET.Build.Tasks.dll".
       Task "CheckForUnsupportedWinMDReferences"
       Done executing task "CheckForUnsupportedWinMDReferences".
       Task "NETSdkError" skipped, due to false condition; ('$(OutputType)' == 'winmdobj') was evaluated as ('Library' == 'winmdobj').
   2:6>Done building target "_BlockWinMDsOnUnsupportedTFMs" in project "MdToPdf.Core.csproj".
       Target "ResolveReferences" skipped. Previously built successfully.
       Target "ResolvePackageDependenciesForBuild" skipped. Previously built successfully.
       Target "_HandlePackageFileConflicts" skipped. Previously built successfully.
   2:6>Target "CopyAdditionalFiles" in file "C:\Program Files\dotnet\sdk\8.0.423\Roslyn\Microsoft.Managed.Core.targets" from project "C:\Users\Tony\.gemini\antigravity\scratch\marksmith\MdToPdf.Core\MdToPdf.Core.csproj" (target "AssignTargetPaths" depends on it):
   2:6>Done building target "CopyAdditionalFiles" in project "MdToPdf.Core.csproj".
       Target "_ChooseAppHost" skipped, due to false condition; ('$(UseAppHost)' == 'true' and '$(_IsExecutable)' == 'true') was evaluated as ('' == 'true' and '' == 'true').
       Target "_GetComHostPaths" skipped, due to false condition; ('$(EnableComHosting)' == 'true' and '$(_IsExecutable)' != 'true') was evaluated as ('' == 'true' and '' != 'true').
       Target "_GetIjwHostPaths" skipped, due to false condition; ('$(UseIJWHost)' == 'true') was evaluated as ('' == 'true').
   2:6>Target "_ComputeNETCoreBuildOutputFiles" in file "C:\Program Files\dotnet\sdk\8.0.423\Sdks\Microsoft.NET.Sdk\targets\Microsoft.NET.Sdk.targets" from project "C:\Users\Tony\.gemini\antigravity\scratch\marksmith\MdToPdf.Core\MdToPdf.Core.csproj" (target "AssignTargetPaths" depends on it):
   2:6>Done building target "_ComputeNETCoreBuildOutputFiles" in project "MdToPdf.Core.csproj".
   2:6>Target "AssignTargetPaths" in file "C:\Program Files\dotnet\sdk\8.0.423\Microsoft.Common.CurrentVersion.targets" from project "C:\Users\Tony\.gemini\antigravity\scratch\marksmith\MdToPdf.Core\MdToPdf.Core.csproj" (target "PrepareResourceNames" depends on it):
       Using "AssignTargetPath" task from assembly "Microsoft.Build.Tasks.Core, Version=15.1.0.0, Culture=neutral, PublicKeyToken=b03f5f7f11d50a3a".
       Task "AssignTargetPath"
       Done executing task "AssignTargetPath".
       Task "AssignTargetPath"
       Done executing task "AssignTargetPath".
       Task "AssignTargetPath"
       Done executing task "AssignTargetPath".
       Task "AssignTargetPath"
       Done executing task "AssignTargetPath".
       Task "AssignTargetPath" skipped, due to false condition; ('@(_DeploymentBaseManifestWithTargetPath)'=='' and '%(None.Extension)'=='.manifest') was evaluated as (''=='' and ''=='.manifest').
   2:6>Done building target "AssignTargetPaths" in project "MdToPdf.Core.csproj".
       Target "AssignTargetPaths" skipped. Previously built successfully.
   2:6>Target "SplitResourcesByCulture" in file "C:\Program Files\dotnet\sdk\8.0.423\Microsoft.Common.CurrentVersion.targets" from project "C:\Users\Tony\.gemini\antigravity\scratch\marksmith\MdToPdf.Core\MdToPdf.Core.csproj" (target "PrepareResourceNames" depends on it):
       Task "Warning" skipped, due to false condition; ('@(ResxWithNoCulture)'!='') was evaluated as (''!='').
       Task "Warning" skipped, due to false condition; ('@(ResxWithCulture)'!='') was evaluated as (''!='').
       Task "Warning" skipped, due to false condition; ('@(NonResxWithCulture)'!='') was evaluated as (''!='').
       Task "Warning" skipped, due to false condition; ('@(NonResxWithNoCulture)'!='') was evaluated as (''!='').
       Using "AssignCulture" task from assembly "Microsoft.Build.Tasks.Core, Version=15.1.0.0, Culture=neutral, PublicKeyToken=b03f5f7f11d50a3a".
       Task "AssignCulture"
       Done executing task "AssignCulture".
   2:6>Done building target "SplitResourcesByCulture" in project "MdToPdf.Core.csproj".
       Target "CreateManifestResourceNames" skipped, due to false condition; ('@(EmbeddedResource)' != '') was evaluated as ('' != '').
   2:6>Target "CreateCustomManifestResourceNames" in file "C:\Program Files\dotnet\sdk\8.0.423\Microsoft.Common.CurrentVersion.targets" from project "C:\Users\Tony\.gemini\antigravity\scratch\marksmith\MdToPdf.Core\MdToPdf.Core.csproj" (target "PrepareResourceNames" depends on it):
   2:6>Done building target "CreateCustomManifestResourceNames" in project "MdToPdf.Core.csproj".
   2:6>Target "PrepareResourceNames" in file "C:\Program Files\dotnet\sdk\8.0.423\Microsoft.Common.CurrentVersion.targets" from project "C:\Users\Tony\.gemini\antigravity\scratch\marksmith\MdToPdf.Core\MdToPdf.Core.csproj" (target "PrepareResources" depends on it):
   2:6>Done building target "PrepareResourceNames" in project "MdToPdf.Core.csproj".
       Target "ResolveAssemblyReferences" skipped. Previously built successfully.
       Target "SplitResourcesByCulture" skipped. Previously built successfully.
   2:6>Target "BeforeResGen" in file "C:\Program Files\dotnet\sdk\8.0.423\Microsoft.Common.CurrentVersion.targets" from project "C:\Users\Tony\.gemini\antigravity\scratch\marksmith\MdToPdf.Core\MdToPdf.Core.csproj" (target "ResGen" depends on it):
   2:6>Done building target "BeforeResGen" in project "MdToPdf.Core.csproj".
       Target "ResolveReferences" skipped. Previously built successfully.
   2:6>Target "FindReferenceAssembliesForReferences" in file "C:\Program Files\dotnet\sdk\8.0.423\Microsoft.Common.CurrentVersion.targets" from project "C:\Users\Tony\.gemini\antigravity\scratch\marksmith\MdToPdf.Core\MdToPdf.Core.csproj" (target "CoreResGen" depends on it):
   2:6>Done building target "FindReferenceAssembliesForReferences" in project "MdToPdf.Core.csproj".
   2:6>Target "CoreResGen" in file "C:\Program Files\dotnet\sdk\8.0.423\Microsoft.Common.CurrentVersion.targets" from project "C:\Users\Tony\.gemini\antigravity\scratch\marksmith\MdToPdf.Core\MdToPdf.Core.csproj" (target "ResGen" depends on it):
       Task "GenerateResource" skipped, due to false condition; ('%(EmbeddedResource.Type)' == 'Resx' and '%(EmbeddedResource.GenerateResource)' != 'false' and '$(GenerateResourceMSBuildRuntime)' != 'CLR2') was evaluated as ('' == 'Resx' and '' != 'false' and 'CurrentRuntime' != 'CLR2').
       Task "GenerateResource" skipped, due to false condition; ('%(EmbeddedResource.Type)' == 'Resx' and '%(EmbeddedResource.GenerateResource)' != 'false' and '$(GenerateResourceMSBuildRuntime)' == 'CLR2') was evaluated as ('' == 'Resx' and '' != 'false' and 'CurrentRuntime' == 'CLR2').
   2:6>Done building target "CoreResGen" in project "MdToPdf.Core.csproj".
   2:6>Target "AfterResGen" in file "C:\Program Files\dotnet\sdk\8.0.423\Microsoft.Common.CurrentVersion.targets" from project "C:\Users\Tony\.gemini\antigravity\scratch\marksmith\MdToPdf.Core\MdToPdf.Core.csproj" (target "ResGen" depends on it):
   2:6>Done building target "AfterResGen" in project "MdToPdf.Core.csproj".
   2:6>Target "ResGen" in file "C:\Program Files\dotnet\sdk\8.0.423\Microsoft.Common.CurrentVersion.targets" from project "C:\Users\Tony\.gemini\antigravity\scratch\marksmith\MdToPdf.Core\MdToPdf.Core.csproj" (target "PrepareResources" depends on it):
   2:6>Done building target "ResGen" in project "MdToPdf.Core.csproj".
       Target "CompileLicxFiles" skipped, due to false condition; ('@(_LicxFile)'!='') was evaluated as (''!='').
   2:6>Target "PrepareResources" in file "C:\Program Files\dotnet\sdk\8.0.423\Microsoft.Common.CurrentVersion.targets" from project "C:\Users\Tony\.gemini\antigravity\scratch\marksmith\MdToPdf.Core\MdToPdf.Core.csproj" (target "CoreBuild" depends on it):
   2:6>Done building target "PrepareResources" in project "MdToPdf.Core.csproj".
       Target "ResolveKeySource" skipped, due to false condition; ($(SignManifests) == 'true' or $(SignAssembly) == 'true') was evaluated as ( == 'true' or false == 'true').
       Target "ResolveReferences" skipped. Previously built successfully.
       Target "ResolveKeySource" skipped, due to false condition; ($(SignManifests) == 'true' or $(SignAssembly) == 'true') was evaluated as ( == 'true' or false == 'true').
       Target "ResolveComReferences" skipped, due to false condition; ('@(COMReference)'!='' or '@(COMFileReference)'!='') was evaluated as (''!='' or ''!='').
       Target "ResolveNativeReferences" skipped, due to false condition; ('@(NativeReference)'!='') was evaluated as (''!='').
       Target "_SetExternalWin32ManifestProperties" skipped, due to false condition; ('$(GenerateClickOnceManifests)'=='true' or '@(NativeReference)'!='' or '@(ResolvedIsolatedComModules)'!='') was evaluated as (''=='true' or ''!='' or ''!='').
   2:6>Target "_SetEmbeddedWin32ManifestProperties" in file "C:\Program Files\dotnet\sdk\8.0.423\Microsoft.Common.CurrentVersion.targets" from project "C:\Users\Tony\.gemini\antigravity\scratch\marksmith\MdToPdf.Core\MdToPdf.Core.csproj" (target "SetWin32ManifestProperties" depends on it):
       Using "GetFrameworkPath" task from assembly "Microsoft.Build.Tasks.Core, Version=15.1.0.0, Culture=neutral, PublicKeyToken=b03f5f7f11d50a3a".
       Task "GetFrameworkPath"
       Done executing task "GetFrameworkPath".
   2:6>Done building target "_SetEmbeddedWin32ManifestProperties" in project "MdToPdf.Core.csproj".
   2:6>Target "SetWin32ManifestProperties" in file "C:\Program Files\dotnet\sdk\8.0.423\Microsoft.Common.CurrentVersion.targets" from project "C:\Users\Tony\.gemini\antigravity\scratch\marksmith\MdToPdf.Core\MdToPdf.Core.csproj" (target "Compile" depends on it):
   2:6>Done building target "SetWin32ManifestProperties" in project "MdToPdf.Core.csproj".
       Target "_SetPreferNativeArm64Win32ManifestProperties" skipped, due to false condition; ( '$(PreferNativeArm64)'=='true' and '$(NoWin32Manifest)'!='true') was evaluated as ( ''=='true' and ''!='true').
       Target "FindReferenceAssembliesForReferences" skipped. Previously built successfully.
   2:6>Target "_GenerateCompileInputs" in file "C:\Program Files\dotnet\sdk\8.0.423\Microsoft.Common.CurrentVersion.targets" from project "C:\Users\Tony\.gemini\antigravity\scratch\marksmith\MdToPdf.Core\MdToPdf.Core.csproj" (target "Compile" depends on it):
       Task "Warning" skipped, due to false condition; ('@(ManifestResourceWithNoCulture)'!='' and '%(ManifestResourceWithNoCulture.EmittedForCompatibilityOnly)'=='') was evaluated as (''!='' and ''=='').
       Task "Warning" skipped, due to false condition; ('@(ManifestNonResxWithNoCultureOnDisk)'!='' and '%(ManifestNonResxWithNoCultureOnDisk.EmittedForCompatibilityOnly)'=='') was evaluated as (''!='' and ''=='').
   2:6>Done building target "_GenerateCompileInputs" in project "MdToPdf.Core.csproj".
       Target "PrepareForBuild" skipped. Previously built successfully.
   2:6>Target "GenerateMSBuildEditorConfigFileShouldRun" in file "C:\Program Files\dotnet\sdk\8.0.423\Roslyn\Microsoft.Managed.Core.targets" from project "C:\Users\Tony\.gemini\antigravity\scratch\marksmith\MdToPdf.Core\MdToPdf.Core.csproj" (target "GenerateMSBuildEditorConfigFile" depends on it):
   2:6>Done building target "GenerateMSBuildEditorConfigFileShouldRun" in project "MdToPdf.Core.csproj".
   2:6>Target "GenerateMSBuildEditorConfigFileCore" in file "C:\Program Files\dotnet\sdk\8.0.423\Roslyn\Microsoft.Managed.Core.targets" from project "C:\Users\Tony\.gemini\antigravity\scratch\marksmith\MdToPdf.Core\MdToPdf.Core.csproj" (target "GenerateMSBuildEditorConfigFile" depends on it):
       Building target "GenerateMSBuildEditorConfigFileCore" completely.
       No input files were specified.
       Using "GenerateMSBuildEditorConfig" task from assembly "C:\Program Files\dotnet\sdk\8.0.423\Roslyn\Microsoft.Build.Tasks.CodeAnalysis.dll".
       Task "GenerateMSBuildEditorConfig"
       Done executing task "GenerateMSBuildEditorConfig".
   2:6>Done building target "GenerateMSBuildEditorConfigFileCore" in project "MdToPdf.Core.csproj".
   2:6>Target "GenerateMSBuildEditorConfigFile" in file "C:\Program Files\dotnet\sdk\8.0.423\Roslyn\Microsoft.Managed.Core.targets" from project "C:\Users\Tony\.gemini\antigravity\scratch\marksmith\MdToPdf.Core\MdToPdf.Core.csproj" (target "BeforeCompile" depends on it):
   2:6>Done building target "GenerateMSBuildEditorConfigFile" in project "MdToPdf.Core.csproj".
       Target "PrepareForBuild" skipped. Previously built successfully.
       Target "GetReferenceAssemblyPaths" skipped. Previously built successfully.
   2:6>Target "_SetTargetFrameworkMonikerAttribute" in file "C:\Program Files\dotnet\sdk\8.0.423\Microsoft.CSharp.CurrentVersion.targets" from project "C:\Users\Tony\.gemini\antigravity\scratch\marksmith\MdToPdf.Core\MdToPdf.Core.csproj" (target "GenerateTargetFrameworkMonikerAttribute" depends on it):
   2:6>Done building target "_SetTargetFrameworkMonikerAttribute" in project "MdToPdf.Core.csproj".
   2:6>Target "GenerateTargetFrameworkMonikerAttribute" in file "C:\Program Files\dotnet\sdk\8.0.423\Microsoft.Common.CurrentVersion.targets" from project "C:\Users\Tony\.gemini\antigravity\scratch\marksmith\MdToPdf.Core\MdToPdf.Core.csproj" (target "BeforeCompile" depends on it):
       Skipping target "GenerateTargetFrameworkMonikerAttribute" because all output files are up-to-date with respect to the input files.
       Input files: C:\Program Files\dotnet\sdk\8.0.423\Microsoft.Common.targets
       Output files: obj\Debug\net8.0\.NETCoreApp,Version=v8.0.AssemblyAttributes.cs
   2:6>Done building target "GenerateTargetFrameworkMonikerAttribute" in project "MdToPdf.Core.csproj".
       Target "GenerateAdditionalSources" skipped, due to false condition; ('@(AssemblyAttributes)' != '' and '$(GenerateAdditionalSources)' == 'true') was evaluated as ('' != '' and '' == 'true').
       Target "PrepareForBuild" skipped. Previously built successfully.
   2:6>Target "GetAssemblyVersion" in file "C:\Program Files\dotnet\sdk\8.0.423\Sdks\Microsoft.NET.Sdk\targets\Microsoft.NET.GenerateAssemblyInfo.targets" from project "C:\Users\Tony\.gemini\antigravity\scratch\marksmith\MdToPdf.Core\MdToPdf.Core.csproj" (target "GetAssemblyAttributes" depends on it):
       Using "GetAssemblyVersion" task from assembly "C:\Program Files\dotnet\sdk\8.0.423\Sdks\Microsoft.NET.Sdk\targets\..\tools\net8.0\Microsoft.NET.Build.Tasks.dll".
       Task "GetAssemblyVersion"
       Done executing task "GetAssemblyVersion".
   2:6>Done building target "GetAssemblyVersion" in project "MdToPdf.Core.csproj".
       Target "GetAssemblyVersion" skipped. Previously built successfully.
   2:6>Target "InitializeSourceControlInformationFromSourceControlManager" in file "C:\Program Files\dotnet\sdk\8.0.423\Sdks\Microsoft.Build.Tasks.Git\build\Microsoft.Build.Tasks.Git.targets" from project "C:\Users\Tony\.gemini\antigravity\scratch\marksmith\MdToPdf.Core\MdToPdf.Core.csproj" (target "_InitializeSourceControlInformationFromSourceControlManager" depends on it):
       Using "Microsoft.Build.Tasks.Git.LocateRepository" task from assembly "C:\Program Files\dotnet\sdk\8.0.423\Sdks\Microsoft.Build.Tasks.Git\build\..\tools\core\Microsoft.Build.Tasks.Git.dll".
       Task "Microsoft.Build.Tasks.Git.LocateRepository"
         SourceLink: Repository instance not found in cache: '*:C:\Users\Tony\.gemini\antigravity\scratch\marksmith\.git'
       Done executing task "Microsoft.Build.Tasks.Git.LocateRepository".
   2:6>Done building target "InitializeSourceControlInformationFromSourceControlManager" in project "MdToPdf.Core.csproj".
   2:6>Target "_SourceLinkHasSingleProvider" in file "C:\Program Files\dotnet\sdk\8.0.423\Sdks\Microsoft.SourceLink.Common\build\InitializeSourceControlInformation.targets" from project "C:\Users\Tony\.gemini\antigravity\scratch\marksmith\MdToPdf.Core\MdToPdf.Core.csproj" (target "_InitializeSourceControlInformationFromSourceControlManager" depends on it):
       Assembly loaded during TaskRun: Microsoft.SourceLink.Common, Version=8.0.9.11501, Culture=neutral, PublicKeyToken=31bf3856ad364e35 (location: C:\Program Files\dotnet\sdk\8.0.423\Sdks\Microsoft.SourceLink.Common\tools\core\Microsoft.SourceLink.Common.dll, MVID: d5b96578-81ec-438f-8487-2f5405206516, AssemblyLoadContext: MSBuild plugin C:\Program Files\dotnet\sdk\8.0.423\Sdks\Microsoft.SourceLink.Common\tools\core\Microsoft.SourceLink.Common.dll)
       Using "Microsoft.SourceLink.Common.SourceLinkHasSingleProvider" task from assembly "C:\Program Files\dotnet\sdk\8.0.423\Sdks\Microsoft.SourceLink.Common\build\..\tools\core\Microsoft.SourceLink.Common.dll".
       Task "Microsoft.SourceLink.Common.SourceLinkHasSingleProvider"
       Done executing task "Microsoft.SourceLink.Common.SourceLinkHasSingleProvider".
   2:6>Done building target "_SourceLinkHasSingleProvider" in project "MdToPdf.Core.csproj".
   2:6>Target "TranslateGitHubUrlsInSourceControlInformation" in file "C:\Program Files\dotnet\sdk\8.0.423\Sdks\Microsoft.SourceLink.GitHub\build\Microsoft.SourceLink.GitHub.targets" from project "C:\Users\Tony\.gemini\antigravity\scratch\marksmith\MdToPdf.Core\MdToPdf.Core.csproj" (target "_InitializeSourceControlInformationFromSourceControlManager" depends on it):
       Assembly loaded during TaskRun: Microsoft.SourceLink.GitHub, Version=8.0.9.11501, Culture=neutral, PublicKeyToken=31bf3856ad364e35 (location: C:\Program Files\dotnet\sdk\8.0.423\Sdks\Microsoft.SourceLink.GitHub\tools\core\Microsoft.SourceLink.GitHub.dll, MVID: 1fbac130-3a2a-4cf4-9c60-b0ae73333681, AssemblyLoadContext: MSBuild plugin C:\Program Files\dotnet\sdk\8.0.423\Sdks\Microsoft.SourceLink.GitHub\tools\core\Microsoft.SourceLink.GitHub.dll)
       Using "Microsoft.SourceLink.GitHub.TranslateRepositoryUrls" task from assembly "C:\Program Files\dotnet\sdk\8.0.423\Sdks\Microsoft.SourceLink.GitHub\build\..\tools\core\Microsoft.SourceLink.GitHub.dll".
       Task "Microsoft.SourceLink.GitHub.TranslateRepositoryUrls"
       Done executing task "Microsoft.SourceLink.GitHub.TranslateRepositoryUrls".
   2:6>Done building target "TranslateGitHubUrlsInSourceControlInformation" in project "MdToPdf.Core.csproj".
   2:6>Target "TranslateGitLabUrlsInSourceControlInformation" in file "C:\Program Files\dotnet\sdk\8.0.423\Sdks\Microsoft.SourceLink.GitLab\build\Microsoft.SourceLink.GitLab.targets" from project "C:\Users\Tony\.gemini\antigravity\scratch\marksmith\MdToPdf.Core\MdToPdf.Core.csproj" (target "_InitializeSourceControlInformationFromSourceControlManager" depends on it):
       Assembly loaded during TaskRun: Microsoft.SourceLink.GitLab, Version=8.0.9.11501, Culture=neutral, PublicKeyToken=31bf3856ad364e35 (location: C:\Program Files\dotnet\sdk\8.0.423\Sdks\Microsoft.SourceLink.GitLab\tools\core\Microsoft.SourceLink.GitLab.dll, MVID: 6b003cb9-36ef-4a5a-83ae-cc8fa7fbcb67, AssemblyLoadContext: MSBuild plugin C:\Program Files\dotnet\sdk\8.0.423\Sdks\Microsoft.SourceLink.GitLab\tools\core\Microsoft.SourceLink.GitLab.dll)
       Using "Microsoft.SourceLink.GitLab.TranslateRepositoryUrls" task from assembly "C:\Program Files\dotnet\sdk\8.0.423\Sdks\Microsoft.SourceLink.GitLab\build\..\tools\core\Microsoft.SourceLink.GitLab.dll".
       Task "Microsoft.SourceLink.GitLab.TranslateRepositoryUrls"
       Done executing task "Microsoft.SourceLink.GitLab.TranslateRepositoryUrls".
   2:6>Done building target "TranslateGitLabUrlsInSourceControlInformation" in project "MdToPdf.Core.csproj".
   2:6>Target "TranslateAzureReposGitUrlsInSourceControlInformation" in file "C:\Program Files\dotnet\sdk\8.0.423\Sdks\Microsoft.SourceLink.AzureRepos.Git\build\Microsoft.SourceLink.AzureRepos.Git.targets" from project "C:\Users\Tony\.gemini\antigravity\scratch\marksmith\MdToPdf.Core\MdToPdf.Core.csproj" (target "_InitializeSourceControlInformationFromSourceControlManager" depends on it):
       Assembly loaded during TaskRun: Microsoft.SourceLink.AzureRepos.Git, Version=8.0.9.11501, Culture=neutral, PublicKeyToken=31bf3856ad364e35 (location: C:\Program Files\dotnet\sdk\8.0.423\Sdks\Microsoft.SourceLink.AzureRepos.Git\tools\core\Microsoft.SourceLink.AzureRepos.Git.dll, MVID: 3a082d27-0e6b-4d51-92ea-8eaf3fc3120f, AssemblyLoadContext: MSBuild plugin C:\Program Files\dotnet\sdk\8.0.423\Sdks\Microsoft.SourceLink.AzureRepos.Git\tools\core\Microsoft.SourceLink.AzureRepos.Git.dll)
       Using "Microsoft.SourceLink.AzureRepos.Git.TranslateRepositoryUrls" task from assembly "C:\Program Files\dotnet\sdk\8.0.423\Sdks\Microsoft.SourceLink.AzureRepos.Git\build\..\tools\core\Microsoft.SourceLink.AzureRepos.Git.dll".
       Task "Microsoft.SourceLink.AzureRepos.Git.TranslateRepositoryUrls"
       Done executing task "Microsoft.SourceLink.AzureRepos.Git.TranslateRepositoryUrls".
   2:6>Done building target "TranslateAzureReposGitUrlsInSourceControlInformation" in project "MdToPdf.Core.csproj".
   2:6>Target "TranslateBitbucketGitUrlsInSourceControlInformation" in file "C:\Program Files\dotnet\sdk\8.0.423\Sdks\Microsoft.SourceLink.Bitbucket.Git\build\Microsoft.SourceLink.Bitbucket.Git.targets" from project "C:\Users\Tony\.gemini\antigravity\scratch\marksmith\MdToPdf.Core\MdToPdf.Core.csproj" (target "_InitializeSourceControlInformationFromSourceControlManager" depends on it):
       Assembly loaded during TaskRun: Microsoft.SourceLink.Bitbucket.Git, Version=8.0.9.11501, Culture=neutral, PublicKeyToken=31bf3856ad364e35 (location: C:\Program Files\dotnet\sdk\8.0.423\Sdks\Microsoft.SourceLink.Bitbucket.Git\tools\core\Microsoft.SourceLink.Bitbucket.Git.dll, MVID: 3994e8b0-7ae9-409e-bc2b-53baef289161, AssemblyLoadContext: MSBuild plugin C:\Program Files\dotnet\sdk\8.0.423\Sdks\Microsoft.SourceLink.Bitbucket.Git\tools\core\Microsoft.SourceLink.Bitbucket.Git.dll)
       Using "Microsoft.SourceLink.Bitbucket.Git.TranslateRepositoryUrls" task from assembly "C:\Program Files\dotnet\sdk\8.0.423\Sdks\Microsoft.SourceLink.Bitbucket.Git\build\..\tools\core\Microsoft.SourceLink.Bitbucket.Git.dll".
       Task "Microsoft.SourceLink.Bitbucket.Git.TranslateRepositoryUrls"
       Done executing task "Microsoft.SourceLink.Bitbucket.Git.TranslateRepositoryUrls".
   2:6>Done building target "TranslateBitbucketGitUrlsInSourceControlInformation" in project "MdToPdf.Core.csproj".
   2:6>Target "SourceControlManagerPublishTranslatedUrls" in file "C:\Program Files\dotnet\sdk\8.0.423\Sdks\Microsoft.SourceLink.Common\build\InitializeSourceControlInformation.targets" from project "C:\Users\Tony\.gemini\antigravity\scratch\marksmith\MdToPdf.Core\MdToPdf.Core.csproj" (target "_InitializeSourceControlInformationFromSourceControlManager" depends on it):
   2:6>Done building target "SourceControlManagerPublishTranslatedUrls" in project "MdToPdf.Core.csproj".
   2:6>Target "_InitializeSourceControlInformationFromSourceControlManager" in file "C:\Program Files\dotnet\sdk\8.0.423\Sdks\Microsoft.SourceLink.Common\build\InitializeSourceControlInformation.targets" from project "C:\Users\Tony\.gemini\antigravity\scratch\marksmith\MdToPdf.Core\MdToPdf.Core.csproj" (target "InitializeSourceControlInformation" depends on it):
   2:6>Done building target "_InitializeSourceControlInformationFromSourceControlManager" in project "MdToPdf.Core.csproj".
   2:6>Target "InitializeSourceControlInformation" in file "C:\Program Files\dotnet\sdk\8.0.423\Microsoft.Common.CurrentVersion.targets" from project "C:\Users\Tony\.gemini\antigravity\scratch\marksmith\MdToPdf.Core\MdToPdf.Core.csproj" (target "AddSourceRevisionToInformationalVersion" depends on it):
   2:6>Done building target "InitializeSourceControlInformation" in project "MdToPdf.Core.csproj".
   2:6>Target "AddSourceRevisionToInformationalVersion" in file "C:\Program Files\dotnet\sdk\8.0.423\Sdks\Microsoft.NET.Sdk\targets\Microsoft.NET.GenerateAssemblyInfo.targets" from project "C:\Users\Tony\.gemini\antigravity\scratch\marksmith\MdToPdf.Core\MdToPdf.Core.csproj" (target "GetAssemblyAttributes" depends on it):
   2:6>Done building target "AddSourceRevisionToInformationalVersion" in project "MdToPdf.Core.csproj".
       Target "_GetUserSecretsAssemblyAttribute" skipped, due to false condition; ( '$(UserSecretsId)' != '' AND '$(GenerateUserSecretsAttribute)' != 'false' AND '$(GeneratedUserSecretsAttributeFile)' == '' ) was evaluated as ( '' != '' AND '' != 'false' AND '' == '' ).
   2:6>Target "GetAssemblyAttributes" in file "C:\Program Files\dotnet\sdk\8.0.423\Sdks\Microsoft.NET.Sdk\targets\Microsoft.NET.GenerateAssemblyInfo.targets" from project "C:\Users\Tony\.gemini\antigravity\scratch\marksmith\MdToPdf.Core\MdToPdf.Core.csproj" (target "CreateGeneratedAssemblyInfoInputsCacheFile" depends on it):
   2:6>Done building target "GetAssemblyAttributes" in project "MdToPdf.Core.csproj".
   2:6>Target "CreateGeneratedAssemblyInfoInputsCacheFile" in file "C:\Program Files\dotnet\sdk\8.0.423\Sdks\Microsoft.NET.Sdk\targets\Microsoft.NET.GenerateAssemblyInfo.targets" from project "C:\Users\Tony\.gemini\antigravity\scratch\marksmith\MdToPdf.Core\MdToPdf.Core.csproj" (target "CoreGenerateAssemblyInfo" depends on it):
       Using "Hash" task from assembly "Microsoft.Build.Tasks.Core, Version=15.1.0.0, Culture=neutral, PublicKeyToken=b03f5f7f11d50a3a".
       Task "Hash"
       Done executing task "Hash".
       Task "WriteLinesToFile"
         Skipping write to file "obj\Debug\net8.0\MdToPdf.Core.AssemblyInfoInputs.cache" because content would not change.
       Done executing task "WriteLinesToFile".
   2:6>Done building target "CreateGeneratedAssemblyInfoInputsCacheFile" in project "MdToPdf.Core.csproj".
   2:6>Target "CoreGenerateAssemblyInfo" in file "C:\Program Files\dotnet\sdk\8.0.423\Sdks\Microsoft.NET.Sdk\targets\Microsoft.NET.GenerateAssemblyInfo.targets" from project "C:\Users\Tony\.gemini\antigravity\scratch\marksmith\MdToPdf.Core\MdToPdf.Core.csproj" (target "GenerateAssemblyInfo" depends on it):
       Skipping target "CoreGenerateAssemblyInfo" because all output files are up-to-date with respect to the input files.
       Input files: obj\Debug\net8.0\MdToPdf.Core.AssemblyInfoInputs.cache
       Output files: obj\Debug\net8.0\MdToPdf.Core.AssemblyInfo.cs
   2:6>Done building target "CoreGenerateAssemblyInfo" in project "MdToPdf.Core.csproj".
   2:6>Target "GenerateAssemblyInfo" in file "C:\Program Files\dotnet\sdk\8.0.423\Sdks\Microsoft.NET.Sdk\targets\Microsoft.NET.GenerateAssemblyInfo.targets" from project "C:\Users\Tony\.gemini\antigravity\scratch\marksmith\MdToPdf.Core\MdToPdf.Core.csproj" (target "BeforeCompile" depends on it):
   2:6>Done building target "GenerateAssemblyInfo" in project "MdToPdf.Core.csproj".
   2:6>Target "BeforeCompile" in file "C:\Program Files\dotnet\sdk\8.0.423\Microsoft.Common.CurrentVersion.targets" from project "C:\Users\Tony\.gemini\antigravity\scratch\marksmith\MdToPdf.Core\MdToPdf.Core.csproj" (target "Compile" depends on it):
   2:6>Done building target "BeforeCompile" in project "MdToPdf.Core.csproj".
       Target "_TimeStampBeforeCompile" skipped, due to false condition; ('$(RunPostBuildEvent)'=='OnOutputUpdated' or ('$(RegisterForComInterop)'=='true' and '$(OutputType)'=='library')) was evaluated as (''=='OnOutputUpdated' or (''=='true' and 'Library'=='library')).
       Target "ResolveAssemblyReferences" skipped. Previously built successfully.
   2:6>Target "_GenerateCompileDependencyCache" in file "C:\Program Files\dotnet\sdk\8.0.423\Microsoft.Common.CurrentVersion.targets" from project "C:\Users\Tony\.gemini\antigravity\scratch\marksmith\MdToPdf.Core\MdToPdf.Core.csproj" (target "Compile" depends on it):
       Task "Hash"
       Done executing task "Hash".
       Task "WriteLinesToFile"
         Skipping write to file "obj\Debug\net8.0\MdToPdf.Core.csproj.CoreCompileInputs.cache" because content would not change.
       Done executing task "WriteLinesToFile".
   2:6>Done building target "_GenerateCompileDependencyCache" in project "MdToPdf.Core.csproj".
       Target "_ComputeNonExistentFileProperty" skipped, due to false condition; (('$(BuildingInsideVisualStudio)' == 'true') and ('$(BuildingOutOfProcess)' != 'true') and (('$(BuildingProject)' == 'false') or ('$(UseHostCompilerIfAvailable)' == 'true'))) was evaluated as (('' == 'true') and ('' != 'true') and (('true' == 'false') or ('true' == 'true'))).
       Target "ResolveCodeAnalysisRuleSet" skipped, due to false condition; ('$(CodeAnalysisRuleSet)' != '') was evaluated as ('' != '').
       Target "ShimReferencePathsWhenCommonTargetsDoesNotUnderstandReferenceAssemblies" skipped, due to false condition; ('@(ReferencePathWithRefAssemblies)' == '') was evaluated as ('C:\Users\Tony\.nuget\packages\communitytoolkit.mvvm\8.3.2\lib\net8.0\CommunityToolkit.Mvvm.dll;C:\Users\Tony\.nuget\packages\documentformat.openxml\3.1.0\lib\net8.0\DocumentFormat.OpenXml.dll;C:\Users\Tony\.nuget\packages\documentformat.openxml.framework\3.1.0\lib\net8.0\DocumentFormat.OpenXml.Framework.dll;...' == '').
   2:6>Target "_BeforeVBCSCoreCompile" in file "C:\Program Files\dotnet\sdk\8.0.423\Roslyn\Microsoft.Managed.Core.targets" from project "C:\Users\Tony\.gemini\antigravity\scratch\marksmith\MdToPdf.Core\MdToPdf.Core.csproj" (target "CoreCompile" depends on it):
   2:6>Done building target "_BeforeVBCSCoreCompile" in project "MdToPdf.Core.csproj".
       Target "AdjustDefaultPlatformTargetForNetFrameworkExeWithNoNativeCopyLocalItems" skipped, due to false condition; ('$(_UsingDefaultPlatformTarget)' == 'true' and
                            '$(_UsingDefaultRuntimeIdentifier)' == 'true') was evaluated as ('true' == 'true' and
                            '' == 'true').
       Target "_DisableDiagnosticTracing" skipped, due to false condition; ('$(DisableDiagnosticTracing)' == 'true') was evaluated as ('' == 'true').
       Target "GenerateTargetPlatformDefineConstants" skipped, due to false condition; ( '$(DisableImplicitFrameworkDefines)' != 'true' and '$(TargetPlatformIdentifier)' != '' and '$(TargetFrameworkIdentifier)' == '.NETCoreApp' and $([MSBuild]::VersionGreaterThanOrEquals($(TargetFrameworkVersion), 5.0)) ) was evaluated as ( '' != 'true' and '' != '' and '.NETCoreApp' == '.NETCoreApp' and True ).
   2:6>Target "GenerateNETCompatibleDefineConstants" in file "C:\Program Files\dotnet\sdk\8.0.423\Sdks\Microsoft.NET.Sdk\targets\Microsoft.NET.Sdk.BeforeCommon.targets" from project "C:\Users\Tony\.gemini\antigravity\scratch\marksmith\MdToPdf.Core\MdToPdf.Core.csproj" (target "AddImplicitDefineConstants" depends on it):
   2:6>Done building target "GenerateNETCompatibleDefineConstants" in project "MdToPdf.Core.csproj".
       Target "GeneratePlatformCompatibleDefineConstants" skipped, due to false condition; ( '$(DisableImplicitFrameworkDefines)' != 'true' and '$(TargetPlatformIdentifier)' != '' and '$(TargetFrameworkIdentifier)' == '.NETCoreApp' and $([MSBuild]::VersionGreaterThanOrEquals($(TargetFrameworkVersion), 5.0)) ) was evaluated as ( '' != 'true' and '' != '' and '.NETCoreApp' == '.NETCoreApp' and True ).
       Target "_DisableDiagnosticTracing" skipped, due to false condition; ('$(DisableDiagnosticTracing)' == 'true') was evaluated as ('' == 'true').
   2:6>Target "AddImplicitDefineConstants" in file "C:\Program Files\dotnet\sdk\8.0.423\Sdks\Microsoft.NET.Sdk\targets\Microsoft.NET.Sdk.BeforeCommon.targets" from project "C:\Users\Tony\.gemini\antigravity\scratch\marksmith\MdToPdf.Core\MdToPdf.Core.csproj" (target "CoreCompile" depends on it):
   2:6>Done building target "AddImplicitDefineConstants" in project "MdToPdf.Core.csproj".
       Target "ShimReferencePathsWhenCommonTargetsDoesNotUnderstandReferenceAssemblies" skipped, due to false condition; ('@(ReferencePathWithRefAssemblies)' == '') was evaluated as ('C:\Users\Tony\.nuget\packages\communitytoolkit.mvvm\8.3.2\lib\net8.0\CommunityToolkit.Mvvm.dll;C:\Users\Tony\.nuget\packages\documentformat.openxml\3.1.0\lib\net8.0\DocumentFormat.OpenXml.dll;C:\Users\Tony\.nuget\packages\documentformat.openxml.framework\3.1.0\lib\net8.0\DocumentFormat.OpenXml.Framework.dll;...' == '').
   2:6>Target "_ComputeSkipAnalyzers" in file "C:\Program Files\dotnet\sdk\8.0.423\Roslyn\Microsoft.Managed.Core.targets" from project "C:\Users\Tony\.gemini\antigravity\scratch\marksmith\MdToPdf.Core\MdToPdf.Core.csproj" (target "CoreCompile" depends on it):
       Task "ShowMessageForImplicitlySkipAnalyzers" skipped, due to false condition; ('$(_ImplicitlySkipAnalyzers)' == 'true') was evaluated as ('' == 'true').
   2:6>Done building target "_ComputeSkipAnalyzers" in project "MdToPdf.Core.csproj".
       Target "_SetPathMapFromSourceRoots" skipped, due to false condition; ('$(DeterministicSourcePaths)' == 'true') was evaluated as ('' == 'true').
       Target "CreateCompilerGeneratedFilesOutputPath" skipped, due to false condition; ('$(EmitCompilerGeneratedFiles)' == 'true' and !('$(DesignTimeBuild)' == 'true' OR '$(BuildingProject)' != 'true')) was evaluated as ('false' == 'true' and !('' == 'true' OR 'true' != 'true')).
       Target "BeforeCompile" skipped. Previously built successfully.
       Target "InitializeSourceControlInformationFromSourceControlManager" skipped. Previously built successfully.
   2:6>Target "SetEmbeddedFilesFromSourceControlManagerUntrackedFiles" in file "C:\Program Files\dotnet\sdk\8.0.423\Sdks\Microsoft.Build.Tasks.Git\build\Microsoft.Build.Tasks.Git.targets" from project "C:\Users\Tony\.gemini\antigravity\scratch\marksmith\MdToPdf.Core\MdToPdf.Core.csproj" (target "_SetEmbeddedFilesFromSourceControlManagerUntrackedFiles" depends on it):
       Using "Microsoft.Build.Tasks.Git.GetUntrackedFiles" task from assembly "C:\Program Files\dotnet\sdk\8.0.423\Sdks\Microsoft.Build.Tasks.Git\build\..\tools\core\Microsoft.Build.Tasks.Git.dll".
       Task "Microsoft.Build.Tasks.Git.GetUntrackedFiles"
         SourceLink: Reusing cached git repository information.
       Done executing task "Microsoft.Build.Tasks.Git.GetUntrackedFiles".
   2:6>Done building target "SetEmbeddedFilesFromSourceControlManagerUntrackedFiles" in project "MdToPdf.Core.csproj".
   2:6>Target "_SetEmbeddedFilesFromSourceControlManagerUntrackedFiles" in file "C:\Program Files\dotnet\sdk\8.0.423\Sdks\Microsoft.SourceLink.Common\build\Microsoft.SourceLink.Common.targets" from project "C:\Users\Tony\.gemini\antigravity\scratch\marksmith\MdToPdf.Core\MdToPdf.Core.csproj" (target "CoreCompile" depends on it):
   2:6>Done building target "_SetEmbeddedFilesFromSourceControlManagerUntrackedFiles" in project "MdToPdf.Core.csproj".
       Target "InitializeSourceControlInformation" skipped. Previously built successfully.
   2:6>Target "_SetSourceLinkFilePath" in file "C:\Program Files\dotnet\sdk\8.0.423\Sdks\Microsoft.SourceLink.Common\build\Microsoft.SourceLink.Common.targets" from project "C:\Users\Tony\.gemini\antigravity\scratch\marksmith\MdToPdf.Core\MdToPdf.Core.csproj" (target "_GenerateSourceLinkFile" depends on it):
   2:6>Done building target "_SetSourceLinkFilePath" in project "MdToPdf.Core.csproj".
       Target "InitializeSourceControlInformation" skipped. Previously built successfully.
   2:6>Target "_InitializeSourceRootMappedPathsFromSourceControl" in file "C:\Program Files\dotnet\sdk\8.0.423\Roslyn\Microsoft.Managed.Core.targets" from project "C:\Users\Tony\.gemini\antigravity\scratch\marksmith\MdToPdf.Core\MdToPdf.Core.csproj" (target "InitializeSourceRootMappedPaths" depends on it):
   2:6>Done building target "_InitializeSourceRootMappedPathsFromSourceControl" in project "MdToPdf.Core.csproj".
   2:6>Target "InitializeSourceRootMappedPaths" in file "C:\Program Files\dotnet\sdk\8.0.423\Roslyn\Microsoft.Managed.Core.targets" from project "C:\Users\Tony\.gemini\antigravity\scratch\marksmith\MdToPdf.Core\MdToPdf.Core.csproj" (target "_InitializeSourceRootMappedPathsOpt" depends on it):
       Using "Microsoft.CodeAnalysis.BuildTasks.MapSourceRoots" task from assembly "C:\Program Files\dotnet\sdk\8.0.423\Roslyn\Microsoft.Build.Tasks.CodeAnalysis.dll".
       Task "Microsoft.CodeAnalysis.BuildTasks.MapSourceRoots"
       Done executing task "Microsoft.CodeAnalysis.BuildTasks.MapSourceRoots".
   2:6>Done building target "InitializeSourceRootMappedPaths" in project "MdToPdf.Core.csproj".
   2:6>Target "_InitializeSourceRootMappedPathsOpt" in file "C:\Program Files\dotnet\sdk\8.0.423\Sdks\Microsoft.SourceLink.Common\build\Microsoft.SourceLink.Common.targets" from project "C:\Users\Tony\.gemini\antigravity\scratch\marksmith\MdToPdf.Core\MdToPdf.Core.csproj" (target "_GenerateSourceLinkFile" depends on it):
   2:6>Done building target "_InitializeSourceRootMappedPathsOpt" in project "MdToPdf.Core.csproj".
   2:6>Target "_InitializeGitHubSourceLinkUrl" in file "C:\Program Files\dotnet\sdk\8.0.423\Sdks\Microsoft.SourceLink.GitHub\build\Microsoft.SourceLink.GitHub.targets" from project "C:\Users\Tony\.gemini\antigravity\scratch\marksmith\MdToPdf.Core\MdToPdf.Core.csproj" (target "_GenerateSourceLinkFile" depends on it):
       Building target "_InitializeGitHubSourceLinkUrl" completely.
       No input files were specified.
       Using "Microsoft.SourceLink.GitHub.GetSourceLinkUrl" task from assembly "C:\Program Files\dotnet\sdk\8.0.423\Sdks\Microsoft.SourceLink.GitHub\build\..\tools\core\Microsoft.SourceLink.GitHub.dll".
       Task "Microsoft.SourceLink.GitHub.GetSourceLinkUrl"
       Done executing task "Microsoft.SourceLink.GitHub.GetSourceLinkUrl".
   2:6>Done building target "_InitializeGitHubSourceLinkUrl" in project "MdToPdf.Core.csproj".
   2:6>Target "_InitializeGitHubSourceLinkUrl" in file "C:\Program Files\dotnet\sdk\8.0.423\Sdks\Microsoft.SourceLink.GitHub\build\Microsoft.SourceLink.GitHub.targets" from project "C:\Users\Tony\.gemini\antigravity\scratch\marksmith\MdToPdf.Core\MdToPdf.Core.csproj" (target "_GenerateSourceLinkFile" depends on it):
       Building target "_InitializeGitHubSourceLinkUrl" completely.
       No input files were specified.
       Task "Microsoft.SourceLink.GitHub.GetSourceLinkUrl"
       Done executing task "Microsoft.SourceLink.GitHub.GetSourceLinkUrl".
   2:6>Done building target "_InitializeGitHubSourceLinkUrl" in project "MdToPdf.Core.csproj".
   2:6>Target "_InitializeGitLabSourceLinkUrl" in file "C:\Program Files\dotnet\sdk\8.0.423\Sdks\Microsoft.SourceLink.GitLab\build\Microsoft.SourceLink.GitLab.targets" from project "C:\Users\Tony\.gemini\antigravity\scratch\marksmith\MdToPdf.Core\MdToPdf.Core.csproj" (target "_GenerateSourceLinkFile" depends on it):
       Building target "_InitializeGitLabSourceLinkUrl" completely.
       No input files were specified.
       Using "Microsoft.SourceLink.GitLab.GetSourceLinkUrl" task from assembly "C:\Program Files\dotnet\sdk\8.0.423\Sdks\Microsoft.SourceLink.GitLab\build\..\tools\core\Microsoft.SourceLink.GitLab.dll".
       Task "Microsoft.SourceLink.GitLab.GetSourceLinkUrl"
       Done executing task "Microsoft.SourceLink.GitLab.GetSourceLinkUrl".
   2:6>Done building target "_InitializeGitLabSourceLinkUrl" in project "MdToPdf.Core.csproj".
   2:6>Target "_InitializeGitLabSourceLinkUrl" in file "C:\Program Files\dotnet\sdk\8.0.423\Sdks\Microsoft.SourceLink.GitLab\build\Microsoft.SourceLink.GitLab.targets" from project "C:\Users\Tony\.gemini\antigravity\scratch\marksmith\MdToPdf.Core\MdToPdf.Core.csproj" (target "_GenerateSourceLinkFile" depends on it):
       Building target "_InitializeGitLabSourceLinkUrl" completely.
       No input files were specified.
       Task "Microsoft.SourceLink.GitLab.GetSourceLinkUrl"
       Done executing task "Microsoft.SourceLink.GitLab.GetSourceLinkUrl".
   2:6>Done building target "_InitializeGitLabSourceLinkUrl" in project "MdToPdf.Core.csproj".
   2:6>Target "_InitializeAzureReposGitSourceLinkUrl" in file "C:\Program Files\dotnet\sdk\8.0.423\Sdks\Microsoft.SourceLink.AzureRepos.Git\build\Microsoft.SourceLink.AzureRepos.Git.targets" from project "C:\Users\Tony\.gemini\antigravity\scratch\marksmith\MdToPdf.Core\MdToPdf.Core.csproj" (target "_GenerateSourceLinkFile" depends on it):
       Building target "_InitializeAzureReposGitSourceLinkUrl" completely.
       No input files were specified.
       Using "Microsoft.SourceLink.AzureRepos.Git.GetSourceLinkUrl" task from assembly "C:\Program Files\dotnet\sdk\8.0.423\Sdks\Microsoft.SourceLink.AzureRepos.Git\build\..\tools\core\Microsoft.SourceLink.AzureRepos.Git.dll".
       Task "Microsoft.SourceLink.AzureRepos.Git.GetSourceLinkUrl"
       Done executing task "Microsoft.SourceLink.AzureRepos.Git.GetSourceLinkUrl".
   2:6>Done building target "_InitializeAzureReposGitSourceLinkUrl" in project "MdToPdf.Core.csproj".
   2:6>Target "_InitializeAzureReposGitSourceLinkUrl" in file "C:\Program Files\dotnet\sdk\8.0.423\Sdks\Microsoft.SourceLink.AzureRepos.Git\build\Microsoft.SourceLink.AzureRepos.Git.targets" from project "C:\Users\Tony\.gemini\antigravity\scratch\marksmith\MdToPdf.Core\MdToPdf.Core.csproj" (target "_GenerateSourceLinkFile" depends on it):
       Building target "_InitializeAzureReposGitSourceLinkUrl" completely.
       No input files were specified.
       Task "Microsoft.SourceLink.AzureRepos.Git.GetSourceLinkUrl"
       Done executing task "Microsoft.SourceLink.AzureRepos.Git.GetSourceLinkUrl".
   2:6>Done building target "_InitializeAzureReposGitSourceLinkUrl" in project "MdToPdf.Core.csproj".
   2:6>Target "_InitializeBitbucketGitSourceLinkUrl" in file "C:\Program Files\dotnet\sdk\8.0.423\Sdks\Microsoft.SourceLink.Bitbucket.Git\build\Microsoft.SourceLink.Bitbucket.Git.targets" from project "C:\Users\Tony\.gemini\antigravity\scratch\marksmith\MdToPdf.Core\MdToPdf.Core.csproj" (target "_GenerateSourceLinkFile" depends on it):
       Building target "_InitializeBitbucketGitSourceLinkUrl" completely.
       No input files were specified.
       Using "Microsoft.SourceLink.Bitbucket.Git.GetSourceLinkUrl" task from assembly "C:\Program Files\dotnet\sdk\8.0.423\Sdks\Microsoft.SourceLink.Bitbucket.Git\build\..\tools\core\Microsoft.SourceLink.Bitbucket.Git.dll".
       Task "Microsoft.SourceLink.Bitbucket.Git.GetSourceLinkUrl"
       Done executing task "Microsoft.SourceLink.Bitbucket.Git.GetSourceLinkUrl".
   2:6>Done building target "_InitializeBitbucketGitSourceLinkUrl" in project "MdToPdf.Core.csproj".
   2:6>Target "_InitializeBitbucketGitSourceLinkUrl" in file "C:\Program Files\dotnet\sdk\8.0.423\Sdks\Microsoft.SourceLink.Bitbucket.Git\build\Microsoft.SourceLink.Bitbucket.Git.targets" from project "C:\Users\Tony\.gemini\antigravity\scratch\marksmith\MdToPdf.Core\MdToPdf.Core.csproj" (target "_GenerateSourceLinkFile" depends on it):
       Building target "_InitializeBitbucketGitSourceLinkUrl" completely.
       No input files were specified.
       Task "Microsoft.SourceLink.Bitbucket.Git.GetSourceLinkUrl"
       Done executing task "Microsoft.SourceLink.Bitbucket.Git.GetSourceLinkUrl".
   2:6>Done building target "_InitializeBitbucketGitSourceLinkUrl" in project "MdToPdf.Core.csproj".
   2:6>Target "_GenerateSourceLinkFile" in file "C:\Program Files\dotnet\sdk\8.0.423\Sdks\Microsoft.SourceLink.Common\build\Microsoft.SourceLink.Common.targets" from project "C:\Users\Tony\.gemini\antigravity\scratch\marksmith\MdToPdf.Core\MdToPdf.Core.csproj" (target "GenerateSourceLinkFile" depends on it):
       Building target "_GenerateSourceLinkFile" completely.
       No input files were specified.
       Using "Microsoft.SourceLink.Common.GenerateSourceLinkFile" task from assembly "C:\Program Files\dotnet\sdk\8.0.423\Sdks\Microsoft.SourceLink.Common\build\..\tools\core\Microsoft.SourceLink.Common.dll".
       Task "Microsoft.SourceLink.Common.GenerateSourceLinkFile"
         Source Link file 'obj\Debug\net8.0\MdToPdf.Core.sourcelink.json' is up-to-date.
       Done executing task "Microsoft.SourceLink.Common.GenerateSourceLinkFile".
   2:6>Done building target "_GenerateSourceLinkFile" in project "MdToPdf.Core.csproj".
   2:6>Target "GenerateSourceLinkFile" in file "C:\Program Files\dotnet\sdk\8.0.423\Sdks\Microsoft.SourceLink.Common\build\Microsoft.SourceLink.Common.targets" from project "C:\Users\Tony\.gemini\antigravity\scratch\marksmith\MdToPdf.Core\MdToPdf.Core.csproj" (target "CoreCompile" depends on it):
   2:6>Done building target "GenerateSourceLinkFile" in project "MdToPdf.Core.csproj".
   2:6>Target "AddGlobalAnalyzerConfigForPackage_MicrosoftCodeAnalysisNetAnalyzers" in file "C:\Program Files\dotnet\sdk\8.0.423\Sdks\Microsoft.NET.Sdk\analyzers\build\Microsoft.CodeAnalysis.NetAnalyzers.targets" from project "C:\Users\Tony\.gemini\antigravity\scratch\marksmith\MdToPdf.Core\MdToPdf.Core.csproj" (target "CoreCompile" depends on it):
   2:6>Done building target "AddGlobalAnalyzerConfigForPackage_MicrosoftCodeAnalysisNetAnalyzers" in project "MdToPdf.Core.csproj".
       Target "AddGlobalAnalyzerConfigForPackage_MicrosoftCodeAnalysisNetAnalyzersDesign" skipped, due to false condition; ('$(SkipGlobalAnalyzerConfigForPackage)' != 'true' and ('$(AnalysisLevelDesign)' != '' or '$(AnalysisModeDesign)' != '')) was evaluated as ('' != 'true' and ('' != '' or '' != '')).
       Target "AddGlobalAnalyzerConfigForPackage_MicrosoftCodeAnalysisNetAnalyzersDocumentation" skipped, due to false condition; ('$(SkipGlobalAnalyzerConfigForPackage)' != 'true' and ('$(AnalysisLevelDocumentation)' != '' or '$(AnalysisModeDocumentation)' != '')) was evaluated as ('' != 'true' and ('' != '' or '' != '')).
       Target "AddGlobalAnalyzerConfigForPackage_MicrosoftCodeAnalysisNetAnalyzersGlobalization" skipped, due to false condition; ('$(SkipGlobalAnalyzerConfigForPackage)' != 'true' and ('$(AnalysisLevelGlobalization)' != '' or '$(AnalysisModeGlobalization)' != '')) was evaluated as ('' != 'true' and ('' != '' or '' != '')).
       Target "AddGlobalAnalyzerConfigForPackage_MicrosoftCodeAnalysisNetAnalyzersInteroperability" skipped, due to false condition; ('$(SkipGlobalAnalyzerConfigForPackage)' != 'true' and ('$(AnalysisLevelInteroperability)' != '' or '$(AnalysisModeInteroperability)' != '')) was evaluated as ('' != 'true' and ('' != '' or '' != '')).
       Target "AddGlobalAnalyzerConfigForPackage_MicrosoftCodeAnalysisNetAnalyzersMaintainability" skipped, due to false condition; ('$(SkipGlobalAnalyzerConfigForPackage)' != 'true' and ('$(AnalysisLevelMaintainability)' != '' or '$(AnalysisModeMaintainability)' != '')) was evaluated as ('' != 'true' and ('' != '' or '' != '')).
       Target "AddGlobalAnalyzerConfigForPackage_MicrosoftCodeAnalysisNetAnalyzersNaming" skipped, due to false condition; ('$(SkipGlobalAnalyzerConfigForPackage)' != 'true' and ('$(AnalysisLevelNaming)' != '' or '$(AnalysisModeNaming)' != '')) was evaluated as ('' != 'true' and ('' != '' or '' != '')).
       Target "AddGlobalAnalyzerConfigForPackage_MicrosoftCodeAnalysisNetAnalyzersPerformance" skipped, due to false condition; ('$(SkipGlobalAnalyzerConfigForPackage)' != 'true' and ('$(AnalysisLevelPerformance)' != '' or '$(AnalysisModePerformance)' != '')) was evaluated as ('' != 'true' and ('' != '' or '' != '')).
       Target "AddGlobalAnalyzerConfigForPackage_MicrosoftCodeAnalysisNetAnalyzersReliability" skipped, due to false condition; ('$(SkipGlobalAnalyzerConfigForPackage)' != 'true' and ('$(AnalysisLevelReliability)' != '' or '$(AnalysisModeReliability)' != '')) was evaluated as ('' != 'true' and ('' != '' or '' != '')).
       Target "AddGlobalAnalyzerConfigForPackage_MicrosoftCodeAnalysisNetAnalyzersSecurity" skipped, due to false condition; ('$(SkipGlobalAnalyzerConfigForPackage)' != 'true' and ('$(AnalysisLevelSecurity)' != '' or '$(AnalysisModeSecurity)' != '')) was evaluated as ('' != 'true' and ('' != '' or '' != '')).
       Target "AddGlobalAnalyzerConfigForPackage_MicrosoftCodeAnalysisNetAnalyzersUsage" skipped, due to false condition; ('$(SkipGlobalAnalyzerConfigForPackage)' != 'true' and ('$(AnalysisLevelUsage)' != '' or '$(AnalysisModeUsage)' != '')) was evaluated as ('' != 'true' and ('' != '' or '' != '')).
       Target "_CodeAnalysisTreatWarningsAsErrors" skipped, due to false condition; ('$(DesignTimeBuild)' == 'true' OR '$(BuildingProject)' != 'true') was evaluated as ('' == 'true' OR 'true' != 'true').
   2:6>Target "_ReportUpgradeNetAnalyzersNuGetWarning" in file "C:\Program Files\dotnet\sdk\8.0.423\Sdks\Microsoft.NET.Sdk\analyzers\build\Microsoft.CodeAnalysis.NetAnalyzers.targets" from project "C:\Users\Tony\.gemini\antigravity\scratch\marksmith\MdToPdf.Core\MdToPdf.Core.csproj" (target "CoreCompile" depends on it):
       Task "Warning" skipped, due to false condition; ('$(_NETAnalyzersNuGetAssemblyVersion)' != '' AND
                                '$(_NETAnalyzersSDKAssemblyVersion)' != '' AND
                                 $(_NETAnalyzersNuGetAssemblyVersion) < $(_NETAnalyzersSDKAssemblyVersion)) was evaluated as ('' != '' AND
                                '8.0.0' != '' AND
                                  < 8.0.0).
   2:6>Done building target "_ReportUpgradeNetAnalyzersNuGetWarning" in project "MdToPdf.Core.csproj".
   2:6>Target "CoreCompile" in file "C:\Program Files\dotnet\sdk\8.0.423\Roslyn\Microsoft.CSharp.Core.targets" from project "C:\Users\Tony\.gemini\antigravity\scratch\marksmith\MdToPdf.Core\MdToPdf.Core.csproj" (target "Compile" depends on it):
       Skipping target "CoreCompile" because all output files are up-to-date with respect to the input files.
       Input files: 
           AppServices.cs
           AssemblyInfo.cs
           Models\AppSettings.cs
           Models\ExportPreset.cs
           Models\HistoryEntry.cs
           Models\LicenseModels.cs
           Models\LlmClassification.cs
           Models\OutputOverride.cs
           Models\StatusSeverity.cs
           Models\ThemeDefinition.cs
           Models\UsageEvent.cs
           Plugins\BuiltinPlugins.cs
           Plugins\IDiagramPlugin.cs
           Plugins\IMarksmithPlugin.cs
           Plugins\ManifestPlugin.cs
           Plugins\PluginFileReader.cs
           Plugins\PluginInstall.cs
           Plugins\PluginManager.cs
           Plugins\PluginManifest.cs
           Plugins\SvgSanitizer.cs
           Rendering\IWebRenderHost.cs
           Services\AdmonitionNormalizer.cs
           Services\ApiServer.cs
           Services\AtomicFile.cs
           Services\ClipboardSourceMeta.cs
           Services\CustomThemeStore.cs
           Services\DashReplacer.cs
           Services\DiagramFenceSniffer.cs
           Services\DialectNormalizer.cs
           Services\DlpScanService.cs
           Services\DocxExportService.cs
           Services\EmojiStripper.cs
           Services\EpubExportService.cs
           Services\FormattingService.cs
           Services\GovernanceService.cs
           Services\HistoryService.cs
           Services\HtmlSanitizer.cs
           Services\LatexToOmml.cs
           Services\LemonSqueezyClient.cs
           Services\LicenseService.cs
           Services\LicenseValidator.cs
           Services\LlmSourceService.cs
           Services\MarkdownDiscoveryService.cs
           Services\MarkdownHtmlService.cs
           Services\MermaidDocxRenderer.cs
           Services\MermaidHarvestService.cs
           Services\Mermaid\DocxShapeEmitter.cs
           Services\Mermaid\MermaidChartsRenderer.cs
           Services\Mermaid\MermaidClassErRenderer.cs
           Services\Mermaid\MermaidGeometry.cs
           Services\Mermaid\MermaidModel.cs
           Services\Mermaid\MermaidSequenceRenderer.cs
           Services\Mermaid\MermaidTreesRenderer.cs
           Services\Mermaid\SvgShapeForge.cs
           Services\PathEquality.cs
           Services\PdfExportService.cs
           Services\PptxExportService.cs
           Services\PresetsService.cs
           Services\RecentFilesService.cs
           Services\SettingsService.cs
           Services\SvgRasterizer.cs
           Services\TextNormalizer.cs
           Services\ThemeCatalog.cs
           Services\UpdateService.cs
           Services\WebAssets.cs
           ViewModels\MainViewModel.cs
           obj\Debug\net8.0\MdToPdf.Core.GlobalUsings.g.cs
           obj\Debug\net8.0\.NETCoreApp,Version=v8.0.AssemblyAttributes.cs
           obj\Debug\net8.0\MdToPdf.Core.AssemblyInfo.cs
           C:\Users\Tony\.nuget\packages\communitytoolkit.mvvm\8.3.2\lib\net8.0\CommunityToolkit.Mvvm.dll
           C:\Users\Tony\.nuget\packages\documentformat.openxml\3.1.0\lib\net8.0\DocumentFormat.OpenXml.dll
           C:\Users\Tony\.nuget\packages\documentformat.openxml.framework\3.1.0\lib\net8.0\DocumentFormat.OpenXml.Framework.dll
           C:\Users\Tony\.nuget\packages\excss\4.3.0\lib\net8.0\ExCSS.dll
           C:\Users\Tony\.nuget\packages\harfbuzzsharp\7.3.0.3\lib\net6.0\HarfBuzzSharp.dll
           C:\Users\Tony\.nuget\packages\markdig\0.37.0\lib\net8.0\Markdig.dll
           C:\Program Files\dotnet\packs\Microsoft.NETCore.App.Ref\8.0.29\ref\net8.0\Microsoft.CSharp.dll
           C:\Program Files\dotnet\packs\Microsoft.NETCore.App.Ref\8.0.29\ref\net8.0\Microsoft.VisualBasic.Core.dll
           C:\Program Files\dotnet\packs\Microsoft.NETCore.App.Ref\8.0.29\ref\net8.0\Microsoft.VisualBasic.dll
           C:\Program Files\dotnet\packs\Microsoft.NETCore.App.Ref\8.0.29\ref\net8.0\Microsoft.Win32.Primitives.dll
           C:\Program Files\dotnet\packs\Microsoft.NETCore.App.Ref\8.0.29\ref\net8.0\Microsoft.Win32.Registry.dll
           C:\Program Files\dotnet\packs\Microsoft.NETCore.App.Ref\8.0.29\ref\net8.0\mscorlib.dll
           C:\Program Files\dotnet\packs\Microsoft.NETCore.App.Ref\8.0.29\ref\net8.0\netstandard.dll
           C:\Users\Tony\.nuget\packages\sharpcompress\0.49.1\lib\net8.0\SharpCompress.dll
           C:\Users\Tony\.nuget\packages\shimskiasharp\2.0.0.5\lib\net8.0\ShimSkiaSharp.dll
           C:\Users\Tony\.nuget\packages\skiasharp\2.88.9\lib\net6.0\SkiaSharp.dll
           C:\Users\Tony\.nuget\packages\skiasharp.harfbuzz\2.88.9\lib\net6.0\SkiaSharp.HarfBuzz.dll
           C:\Users\Tony\.nuget\packages\svg.custom\2.0.0.5\lib\net8.0\Svg.Custom.dll
           C:\Users\Tony\.nuget\packages\svg.model\2.0.0.5\lib\net8.0\Svg.Model.dll
           C:\Users\Tony\.nuget\packages\svg.skia\2.0.0.5\lib\net8.0\Svg.Skia.dll
           C:\Program Files\dotnet\packs\Microsoft.NETCore.App.Ref\8.0.29\ref\net8.0\System.AppContext.dll
           C:\Program Files\dotnet\packs\Microsoft.NETCore.App.Ref\8.0.29\ref\net8.0\System.Buffers.dll
           C:\Program Files\dotnet\packs\Microsoft.NETCore.App.Ref\8.0.29\ref\net8.0\System.Collections.Concurrent.dll
           C:\Program Files\dotnet\packs\Microsoft.NETCore.App.Ref\8.0.29\ref\net8.0\System.Collections.dll
           C:\Program Files\dotnet\packs\Microsoft.NETCore.App.Ref\8.0.29\ref\net8.0\System.Collections.Immutable.dll
           C:\Program Files\dotnet\packs\Microsoft.NETCore.App.Ref\8.0.29\ref\net8.0\System.Collections.NonGeneric.dll
           C:\Program Files\dotnet\packs\Microsoft.NETCore.App.Ref\8.0.29\ref\net8.0\System.Collections.Specialized.dll
           C:\Program Files\dotnet\packs\Microsoft.NETCore.App.Ref\8.0.29\ref\net8.0\System.ComponentModel.Annotations.dll
           C:\Program Files\dotnet\packs\Microsoft.NETCore.App.Ref\8.0.29\ref\net8.0\System.ComponentModel.DataAnnotations.dll
           C:\Program Files\dotnet\packs\Microsoft.NETCore.App.Ref\8.0.29\ref\net8.0\System.ComponentModel.dll
           C:\Program Files\dotnet\packs\Microsoft.NETCore.App.Ref\8.0.29\ref\net8.0\System.ComponentModel.EventBasedAsync.dll
           C:\Program Files\dotnet\packs\Microsoft.NETCore.App.Ref\8.0.29\ref\net8.0\System.ComponentModel.Primitives.dll
           C:\Program Files\dotnet\packs\Microsoft.NETCore.App.Ref\8.0.29\ref\net8.0\System.ComponentModel.TypeConverter.dll
           C:\Program Files\dotnet\packs\Microsoft.NETCore.App.Ref\8.0.29\ref\net8.0\System.Configuration.dll
           C:\Program Files\dotnet\packs\Microsoft.NETCore.App.Ref\8.0.29\ref\net8.0\System.Console.dll
           C:\Program Files\dotnet\packs\Microsoft.NETCore.App.Ref\8.0.29\ref\net8.0\System.Core.dll
           C:\Program Files\dotnet\packs\Microsoft.NETCore.App.Ref\8.0.29\ref\net8.0\System.Data.Common.dll
           C:\Program Files\dotnet\packs\Microsoft.NETCore.App.Ref\8.0.29\ref\net8.0\System.Data.DataSetExtensions.dll
           C:\Program Files\dotnet\packs\Microsoft.NETCore.App.Ref\8.0.29\ref\net8.0\System.Data.dll
           C:\Program Files\dotnet\packs\Microsoft.NETCore.App.Ref\8.0.29\ref\net8.0\System.Diagnostics.Contracts.dll
           C:\Program Files\dotnet\packs\Microsoft.NETCore.App.Ref\8.0.29\ref\net8.0\System.Diagnostics.Debug.dll
           C:\Program Files\dotnet\packs\Microsoft.NETCore.App.Ref\8.0.29\ref\net8.0\System.Diagnostics.DiagnosticSource.dll
           C:\Program Files\dotnet\packs\Microsoft.NETCore.App.Ref\8.0.29\ref\net8.0\System.Diagnostics.FileVersionInfo.dll
           C:\Program Files\dotnet\packs\Microsoft.NETCore.App.Ref\8.0.29\ref\net8.0\System.Diagnostics.Process.dll
           C:\Program Files\dotnet\packs\Microsoft.NETCore.App.Ref\8.0.29\ref\net8.0\System.Diagnostics.StackTrace.dll
           C:\Program Files\dotnet\packs\Microsoft.NETCore.App.Ref\8.0.29\ref\net8.0\System.Diagnostics.TextWriterTraceListener.dll
           C:\Program Files\dotnet\packs\Microsoft.NETCore.App.Ref\8.0.29\ref\net8.0\System.Diagnostics.Tools.dll
           C:\Program Files\dotnet\packs\Microsoft.NETCore.App.Ref\8.0.29\ref\net8.0\System.Diagnostics.TraceSource.dll
           C:\Program Files\dotnet\packs\Microsoft.NETCore.App.Ref\8.0.29\ref\net8.0\System.Diagnostics.Tracing.dll
           C:\Program Files\dotnet\packs\Microsoft.NETCore.App.Ref\8.0.29\ref\net8.0\System.dll
           C:\Program Files\dotnet\packs\Microsoft.NETCore.App.Ref\8.0.29\ref\net8.0\System.Drawing.dll
           C:\Program Files\dotnet\packs\Microsoft.NETCore.App.Ref\8.0.29\ref\net8.0\System.Drawing.Primitives.dll
           C:\Program Files\dotnet\packs\Microsoft.NETCore.App.Ref\8.0.29\ref\net8.0\System.Dynamic.Runtime.dll
           C:\Program Files\dotnet\packs\Microsoft.NETCore.App.Ref\8.0.29\ref\net8.0\System.Formats.Asn1.dll
           C:\Program Files\dotnet\packs\Microsoft.NETCore.App.Ref\8.0.29\ref\net8.0\System.Formats.Tar.dll
           C:\Program Files\dotnet\packs\Microsoft.NETCore.App.Ref\8.0.29\ref\net8.0\System.Globalization.Calendars.dll
           C:\Program Files\dotnet\packs\Microsoft.NETCore.App.Ref\8.0.29\ref\net8.0\System.Globalization.dll
           C:\Program Files\dotnet\packs\Microsoft.NETCore.App.Ref\8.0.29\ref\net8.0\System.Globalization.Extensions.dll
           C:\Program Files\dotnet\packs\Microsoft.NETCore.App.Ref\8.0.29\ref\net8.0\System.IO.Compression.Brotli.dll
           C:\Program Files\dotnet\packs\Microsoft.NETCore.App.Ref\8.0.29\ref\net8.0\System.IO.Compression.dll
           C:\Program Files\dotnet\packs\Microsoft.NETCore.App.Ref\8.0.29\ref\net8.0\System.IO.Compression.FileSystem.dll
           C:\Program Files\dotnet\packs\Microsoft.NETCore.App.Ref\8.0.29\ref\net8.0\System.IO.Compression.ZipFile.dll
           C:\Program Files\dotnet\packs\Microsoft.NETCore.App.Ref\8.0.29\ref\net8.0\System.IO.dll
           C:\Program Files\dotnet\packs\Microsoft.NETCore.App.Ref\8.0.29\ref\net8.0\System.IO.FileSystem.AccessControl.dll
           C:\Program Files\dotnet\packs\Microsoft.NETCore.App.Ref\8.0.29\ref\net8.0\System.IO.FileSystem.dll
           C:\Program Files\dotnet\packs\Microsoft.NETCore.App.Ref\8.0.29\ref\net8.0\System.IO.FileSystem.DriveInfo.dll
           C:\Program Files\dotnet\packs\Microsoft.NETCore.App.Ref\8.0.29\ref\net8.0\System.IO.FileSystem.Primitives.dll
           C:\Program Files\dotnet\packs\Microsoft.NETCore.App.Ref\8.0.29\ref\net8.0\System.IO.FileSystem.Watcher.dll
           C:\Program Files\dotnet\packs\Microsoft.NETCore.App.Ref\8.0.29\ref\net8.0\System.IO.IsolatedStorage.dll
           C:\Program Files\dotnet\packs\Microsoft.NETCore.App.Ref\8.0.29\ref\net8.0\System.IO.MemoryMappedFiles.dll
           C:\Users\Tony\.nuget\packages\system.io.packaging\8.0.0\lib\net8.0\System.IO.Packaging.dll
           C:\Program Files\dotnet\packs\Microsoft.NETCore.App.Ref\8.0.29\ref\net8.0\System.IO.Pipes.AccessControl.dll
           C:\Program Files\dotnet\packs\Microsoft.NETCore.App.Ref\8.0.29\ref\net8.0\System.IO.Pipes.dll
           C:\Program Files\dotnet\packs\Microsoft.NETCore.App.Ref\8.0.29\ref\net8.0\System.IO.UnmanagedMemoryStream.dll
           C:\Program Files\dotnet\packs\Microsoft.NETCore.App.Ref\8.0.29\ref\net8.0\System.Linq.dll
           C:\Program Files\dotnet\packs\Microsoft.NETCore.App.Ref\8.0.29\ref\net8.0\System.Linq.Expressions.dll
           C:\Program Files\dotnet\packs\Microsoft.NETCore.App.Ref\8.0.29\ref\net8.0\System.Linq.Parallel.dll
           C:\Program Files\dotnet\packs\Microsoft.NETCore.App.Ref\8.0.29\ref\net8.0\System.Linq.Queryable.dll
           C:\Program Files\dotnet\packs\Microsoft.NETCore.App.Ref\8.0.29\ref\net8.0\System.Memory.dll
           C:\Program Files\dotnet\packs\Microsoft.NETCore.App.Ref\8.0.29\ref\net8.0\System.Net.dll
           C:\Program Files\dotnet\packs\Microsoft.NETCore.App.Ref\8.0.29\ref\net8.0\System.Net.Http.dll
           C:\Program Files\dotnet\packs\Microsoft.NETCore.App.Ref\8.0.29\ref\net8.0\System.Net.Http.Json.dll
           C:\Program Files\dotnet\packs\Microsoft.NETCore.App.Ref\8.0.29\ref\net8.0\System.Net.HttpListener.dll
           C:\Program Files\dotnet\packs\Microsoft.NETCore.App.Ref\8.0.29\ref\net8.0\System.Net.Mail.dll
           C:\Program Files\dotnet\packs\Microsoft.NETCore.App.Ref\8.0.29\ref\net8.0\System.Net.NameResolution.dll
           C:\Program Files\dotnet\packs\Microsoft.NETCore.App.Ref\8.0.29\ref\net8.0\System.Net.NetworkInformation.dll
           C:\Program Files\dotnet\packs\Microsoft.NETCore.App.Ref\8.0.29\ref\net8.0\System.Net.Ping.dll
           C:\Program Files\dotnet\packs\Microsoft.NETCore.App.Ref\8.0.29\ref\net8.0\System.Net.Primitives.dll
           C:\Program Files\dotnet\packs\Microsoft.NETCore.App.Ref\8.0.29\ref\net8.0\System.Net.Quic.dll
           C:\Program Files\dotnet\packs\Microsoft.NETCore.App.Ref\8.0.29\ref\net8.0\System.Net.Requests.dll
           C:\Program Files\dotnet\packs\Microsoft.NETCore.App.Ref\8.0.29\ref\net8.0\System.Net.Security.dll
           C:\Program Files\dotnet\packs\Microsoft.NETCore.App.Ref\8.0.29\ref\net8.0\System.Net.ServicePoint.dll
           C:\Program Files\dotnet\packs\Microsoft.NETCore.App.Ref\8.0.29\ref\net8.0\System.Net.Sockets.dll
           C:\Program Files\dotnet\packs\Microsoft.NETCore.App.Ref\8.0.29\ref\net8.0\System.Net.WebClient.dll
           C:\Program Files\dotnet\packs\Microsoft.NETCore.App.Ref\8.0.29\ref\net8.0\System.Net.WebHeaderCollection.dll
           C:\Program Files\dotnet\packs\Microsoft.NETCore.App.Ref\8.0.29\ref\net8.0\System.Net.WebProxy.dll
           C:\Program Files\dotnet\packs\Microsoft.NETCore.App.Ref\8.0.29\ref\net8.0\System.Net.WebSockets.Client.dll
           C:\Program Files\dotnet\packs\Microsoft.NETCore.App.Ref\8.0.29\ref\net8.0\System.Net.WebSockets.dll
           C:\Program Files\dotnet\packs\Microsoft.NETCore.App.Ref\8.0.29\ref\net8.0\System.Numerics.dll
           C:\Program Files\dotnet\packs\Microsoft.NETCore.App.Ref\8.0.29\ref\net8.0\System.Numerics.Vectors.dll
           C:\Program Files\dotnet\packs\Microsoft.NETCore.App.Ref\8.0.29\ref\net8.0\System.ObjectModel.dll
           C:\Program Files\dotnet\packs\Microsoft.NETCore.App.Ref\8.0.29\ref\net8.0\System.Reflection.DispatchProxy.dll
           C:\Program Files\dotnet\packs\Microsoft.NETCore.App.Ref\8.0.29\ref\net8.0\System.Reflection.dll
           C:\Program Files\dotnet\packs\Microsoft.NETCore.App.Ref\8.0.29\ref\net8.0\System.Reflection.Emit.dll
           C:\Program Files\dotnet\packs\Microsoft.NETCore.App.Ref\8.0.29\ref\net8.0\System.Reflection.Emit.ILGeneration.dll
           C:\Program Files\dotnet\packs\Microsoft.NETCore.App.Ref\8.0.29\ref\net8.0\System.Reflection.Emit.Lightweight.dll
           C:\Program Files\dotnet\packs\Microsoft.NETCore.App.Ref\8.0.29\ref\net8.0\System.Reflection.Extensions.dll
           C:\Program Files\dotnet\packs\Microsoft.NETCore.App.Ref\8.0.29\ref\net8.0\System.Reflection.Metadata.dll
           C:\Program Files\dotnet\packs\Microsoft.NETCore.App.Ref\8.0.29\ref\net8.0\System.Reflection.Primitives.dll
           C:\Program Files\dotnet\packs\Microsoft.NETCore.App.Ref\8.0.29\ref\net8.0\System.Reflection.TypeExtensions.dll
           C:\Program Files\dotnet\packs\Microsoft.NETCore.App.Ref\8.0.29\ref\net8.0\System.Resources.Reader.dll
           C:\Program Files\dotnet\packs\Microsoft.NETCore.App.Ref\8.0.29\ref\net8.0\System.Resources.ResourceManager.dll
           C:\Program Files\dotnet\packs\Microsoft.NETCore.App.Ref\8.0.29\ref\net8.0\System.Resources.Writer.dll
           C:\Program Files\dotnet\packs\Microsoft.NETCore.App.Ref\8.0.29\ref\net8.0\System.Runtime.CompilerServices.Unsafe.dll
           C:\Program Files\dotnet\packs\Microsoft.NETCore.App.Ref\8.0.29\ref\net8.0\System.Runtime.CompilerServices.VisualC.dll
           C:\Program Files\dotnet\packs\Microsoft.NETCore.App.Ref\8.0.29\ref\net8.0\System.Runtime.dll
           C:\Program Files\dotnet\packs\Microsoft.NETCore.App.Ref\8.0.29\ref\net8.0\System.Runtime.Extensions.dll
           C:\Program Files\dotnet\packs\Microsoft.NETCore.App.Ref\8.0.29\ref\net8.0\System.Runtime.Handles.dll
           C:\Program Files\dotnet\packs\Microsoft.NETCore.App.Ref\8.0.29\ref\net8.0\System.Runtime.InteropServices.dll
           C:\Program Files\dotnet\packs\Microsoft.NETCore.App.Ref\8.0.29\ref\net8.0\System.Runtime.InteropServices.JavaScript.dll
           C:\Program Files\dotnet\packs\Microsoft.NETCore.App.Ref\8.0.29\ref\net8.0\System.Runtime.InteropServices.RuntimeInformation.dll
           C:\Program Files\dotnet\packs\Microsoft.NETCore.App.Ref\8.0.29\ref\net8.0\System.Runtime.Intrinsics.dll
           C:\Program Files\dotnet\packs\Microsoft.NETCore.App.Ref\8.0.29\ref\net8.0\System.Runtime.Loader.dll
           C:\Program Files\dotnet\packs\Microsoft.NETCore.App.Ref\8.0.29\ref\net8.0\System.Runtime.Numerics.dll
           C:\Program Files\dotnet\packs\Microsoft.NETCore.App.Ref\8.0.29\ref\net8.0\System.Runtime.Serialization.dll
           C:\Program Files\dotnet\packs\Microsoft.NETCore.App.Ref\8.0.29\ref\net8.0\System.Runtime.Serialization.Formatters.dll
           C:\Program Files\dotnet\packs\Microsoft.NETCore.App.Ref\8.0.29\ref\net8.0\System.Runtime.Serialization.Json.dll
           C:\Program Files\dotnet\packs\Microsoft.NETCore.App.Ref\8.0.29\ref\net8.0\System.Runtime.Serialization.Primitives.dll
           C:\Program Files\dotnet\packs\Microsoft.NETCore.App.Ref\8.0.29\ref\net8.0\System.Runtime.Serialization.Xml.dll
           C:\Program Files\dotnet\packs\Microsoft.NETCore.App.Ref\8.0.29\ref\net8.0\System.Security.AccessControl.dll
           C:\Program Files\dotnet\packs\Microsoft.NETCore.App.Ref\8.0.29\ref\net8.0\System.Security.Claims.dll
           C:\Program Files\dotnet\packs\Microsoft.NETCore.App.Ref\8.0.29\ref\net8.0\System.Security.Cryptography.Algorithms.dll
           C:\Program Files\dotnet\packs\Microsoft.NETCore.App.Ref\8.0.29\ref\net8.0\System.Security.Cryptography.Cng.dll
           C:\Program Files\dotnet\packs\Microsoft.NETCore.App.Ref\8.0.29\ref\net8.0\System.Security.Cryptography.Csp.dll
           C:\Program Files\dotnet\packs\Microsoft.NETCore.App.Ref\8.0.29\ref\net8.0\System.Security.Cryptography.dll
           C:\Program Files\dotnet\packs\Microsoft.NETCore.App.Ref\8.0.29\ref\net8.0\System.Security.Cryptography.Encoding.dll
           C:\Program Files\dotnet\packs\Microsoft.NETCore.App.Ref\8.0.29\ref\net8.0\System.Security.Cryptography.OpenSsl.dll
           C:\Program Files\dotnet\packs\Microsoft.NETCore.App.Ref\8.0.29\ref\net8.0\System.Security.Cryptography.Primitives.dll
           C:\Program Files\dotnet\packs\Microsoft.NETCore.App.Ref\8.0.29\ref\net8.0\System.Security.Cryptography.X509Certificates.dll
           C:\Program Files\dotnet\packs\Microsoft.NETCore.App.Ref\8.0.29\ref\net8.0\System.Security.dll
           C:\Program Files\dotnet\packs\Microsoft.NETCore.App.Ref\8.0.29\ref\net8.0\System.Security.Principal.dll
           C:\Program Files\dotnet\packs\Microsoft.NETCore.App.Ref\8.0.29\ref\net8.0\System.Security.Principal.Windows.dll
           C:\Program Files\dotnet\packs\Microsoft.NETCore.App.Ref\8.0.29\ref\net8.0\System.Security.SecureString.dll
           C:\Program Files\dotnet\packs\Microsoft.NETCore.App.Ref\8.0.29\ref\net8.0\System.ServiceModel.Web.dll
           C:\Program Files\dotnet\packs\Microsoft.NETCore.App.Ref\8.0.29\ref\net8.0\System.ServiceProcess.dll
           C:\Program Files\dotnet\packs\Microsoft.NETCore.App.Ref\8.0.29\ref\net8.0\System.Text.Encoding.CodePages.dll
           C:\Program Files\dotnet\packs\Microsoft.NETCore.App.Ref\8.0.29\ref\net8.0\System.Text.Encoding.dll
           C:\Program Files\dotnet\packs\Microsoft.NETCore.App.Ref\8.0.29\ref\net8.0\System.Text.Encoding.Extensions.dll
           C:\Program Files\dotnet\packs\Microsoft.NETCore.App.Ref\8.0.29\ref\net8.0\System.Text.Encodings.Web.dll
           C:\Program Files\dotnet\packs\Microsoft.NETCore.App.Ref\8.0.29\ref\net8.0\System.Text.Json.dll
           C:\Program Files\dotnet\packs\Microsoft.NETCore.App.Ref\8.0.29\ref\net8.0\System.Text.RegularExpressions.dll
           C:\Program Files\dotnet\packs\Microsoft.NETCore.App.Ref\8.0.29\ref\net8.0\System.Threading.Channels.dll
           C:\Program Files\dotnet\packs\Microsoft.NETCore.App.Ref\8.0.29\ref\net8.0\System.Threading.dll
           C:\Program Files\dotnet\packs\Microsoft.NETCore.App.Ref\8.0.29\ref\net8.0\System.Threading.Overlapped.dll
           C:\Program Files\dotnet\packs\Microsoft.NETCore.App.Ref\8.0.29\ref\net8.0\System.Threading.Tasks.Dataflow.dll
           C:\Program Files\dotnet\packs\Microsoft.NETCore.App.Ref\8.0.29\ref\net8.0\System.Threading.Tasks.dll
           C:\Program Files\dotnet\packs\Microsoft.NETCore.App.Ref\8.0.29\ref\net8.0\System.Threading.Tasks.Extensions.dll
           C:\Program Files\dotnet\packs\Microsoft.NETCore.App.Ref\8.0.29\ref\net8.0\System.Threading.Tasks.Parallel.dll
           C:\Program Files\dotnet\packs\Microsoft.NETCore.App.Ref\8.0.29\ref\net8.0\System.Threading.Thread.dll
           C:\Program Files\dotnet\packs\Microsoft.NETCore.App.Ref\8.0.29\ref\net8.0\System.Threading.ThreadPool.dll
           C:\Program Files\dotnet\packs\Microsoft.NETCore.App.Ref\8.0.29\ref\net8.0\System.Threading.Timer.dll
           C:\Program Files\dotnet\packs\Microsoft.NETCore.App.Ref\8.0.29\ref\net8.0\System.Transactions.dll
           C:\Program Files\dotnet\packs\Microsoft.NETCore.App.Ref\8.0.29\ref\net8.0\System.Transactions.Local.dll
           C:\Program Files\dotnet\packs\Microsoft.NETCore.App.Ref\8.0.29\ref\net8.0\System.ValueTuple.dll
           C:\Program Files\dotnet\packs\Microsoft.NETCore.App.Ref\8.0.29\ref\net8.0\System.Web.dll
           C:\Program Files\dotnet\packs\Microsoft.NETCore.App.Ref\8.0.29\ref\net8.0\System.Web.HttpUtility.dll
           C:\Program Files\dotnet\packs\Microsoft.NETCore.App.Ref\8.0.29\ref\net8.0\System.Windows.dll
           C:\Program Files\dotnet\packs\Microsoft.NETCore.App.Ref\8.0.29\ref\net8.0\System.Xml.dll
           C:\Program Files\dotnet\packs\Microsoft.NETCore.App.Ref\8.0.29\ref\net8.0\System.Xml.Linq.dll
           C:\Program Files\dotnet\packs\Microsoft.NETCore.App.Ref\8.0.29\ref\net8.0\System.Xml.ReaderWriter.dll
           C:\Program Files\dotnet\packs\Microsoft.NETCore.App.Ref\8.0.29\ref\net8.0\System.Xml.Serialization.dll
           C:\Program Files\dotnet\packs\Microsoft.NETCore.App.Ref\8.0.29\ref\net8.0\System.Xml.XDocument.dll
           C:\Program Files\dotnet\packs\Microsoft.NETCore.App.Ref\8.0.29\ref\net8.0\System.Xml.XmlDocument.dll
           C:\Program Files\dotnet\packs\Microsoft.NETCore.App.Ref\8.0.29\ref\net8.0\System.Xml.XmlSerializer.dll
           C:\Program Files\dotnet\packs\Microsoft.NETCore.App.Ref\8.0.29\ref\net8.0\System.Xml.XPath.dll
           C:\Program Files\dotnet\packs\Microsoft.NETCore.App.Ref\8.0.29\ref\net8.0\System.Xml.XPath.XDocument.dll
           C:\Program Files\dotnet\packs\Microsoft.NETCore.App.Ref\8.0.29\ref\net8.0\WindowsBase.dll
           obj\Debug\net8.0\MdToPdf.Core.csproj.CoreCompileInputs.cache
           C:\Program Files\dotnet\sdk\8.0.423\Sdks\Microsoft.NET.Sdk\targets\..\analyzers\Microsoft.CodeAnalysis.CSharp.NetAnalyzers.dll
           C:\Program Files\dotnet\sdk\8.0.423\Sdks\Microsoft.NET.Sdk\targets\..\analyzers\Microsoft.CodeAnalysis.NetAnalyzers.dll
           C:\Users\Tony\.nuget\packages\communitytoolkit.mvvm\8.3.2\analyzers\dotnet\roslyn4.3\cs\CommunityToolkit.Mvvm.CodeFixers.dll
           C:\Users\Tony\.nuget\packages\communitytoolkit.mvvm\8.3.2\analyzers\dotnet\roslyn4.3\cs\CommunityToolkit.Mvvm.SourceGenerators.dll
           C:\Program Files\dotnet\packs\Microsoft.NETCore.App.Ref\8.0.29\analyzers/dotnet/cs/Microsoft.Interop.ComInterfaceGenerator.dll
           C:\Program Files\dotnet\packs\Microsoft.NETCore.App.Ref\8.0.29\analyzers/dotnet/cs/Microsoft.Interop.JavaScript.JSImportGenerator.dll
           C:\Program Files\dotnet\packs\Microsoft.NETCore.App.Ref\8.0.29\analyzers/dotnet/cs/Microsoft.Interop.LibraryImportGenerator.dll
           C:\Program Files\dotnet\packs\Microsoft.NETCore.App.Ref\8.0.29\analyzers/dotnet/cs/Microsoft.Interop.SourceGeneration.dll
           C:\Program Files\dotnet\packs\Microsoft.NETCore.App.Ref\8.0.29\analyzers/dotnet/cs/System.Text.Json.SourceGeneration.dll
           C:\Program Files\dotnet\packs\Microsoft.NETCore.App.Ref\8.0.29\analyzers/dotnet/cs/System.Text.RegularExpressions.Generator.dll
           obj\Debug\net8.0\MdToPdf.Core.GeneratedMSBuildEditorConfig.editorconfig
           C:\Program Files\dotnet\sdk\8.0.423\Sdks\Microsoft.NET.Sdk\analyzers\build\config\analysislevel_8_default.globalconfig
           C:\Users\Tony\.gemini\antigravity\scratch\marksmith\MdToPdf.Core\obj\MdToPdf.Core.csproj.nuget.g.props
           C:\Program Files\dotnet\sdk\8.0.423\Current\Microsoft.Common.targets\ImportAfter\Microsoft.TestPlatform.ImportAfter.targets
           obj\Debug\net8.0\MdToPdf.Core.sourcelink.json
       Output files: 
           obj\Debug\net8.0\MdToPdf.Core.dll
           obj\Debug\net8.0\refint\MdToPdf.Core.dll
           obj\Debug\net8.0\MdToPdf.Core.pdb
   2:6>Done building target "CoreCompile" in project "MdToPdf.Core.csproj".
       Target "_TouchLastBuildWithSkipAnalyzers" skipped, due to false condition; ('$(_SkipAnalyzers)' == 'true') was evaluated as ('' == 'true').
       Target "_TimeStampAfterCompile" skipped, due to false condition; ('$(RunPostBuildEvent)'=='OnOutputUpdated' or ('$(RegisterForComInterop)'=='true' and '$(OutputType)'=='library')) was evaluated as (''=='OnOutputUpdated' or (''=='true' and 'Library'=='library')).
   2:6>Target "AfterCompile" in file "C:\Program Files\dotnet\sdk\8.0.423\Microsoft.Common.CurrentVersion.targets" from project "C:\Users\Tony\.gemini\antigravity\scratch\marksmith\MdToPdf.Core\MdToPdf.Core.csproj" (target "Compile" depends on it):
   2:6>Done building target "AfterCompile" in project "MdToPdf.Core.csproj".
       Target "_CreateAppHost" skipped, due to false condition; ('$(ComputeNETCoreBuildOutputFiles)' == 'true' and
                            '$(AppHostSourcePath)' != '' and
                            Exists('@(IntermediateAssembly)') and
                            Exists('$(AppHostSourcePath)')) was evaluated as ('true' == 'true' and
                            '' != '' and
                            Exists('obj\Debug\net8.0\MdToPdf.Core.dll') and
                            Exists('')).
       Target "_CreateComHost" skipped, due to false condition; ('$(ComputeNETCoreBuildOutputFiles)' == 'true' and
                            '$(ComHostIntermediatePath)' != '' and
                            Exists('@(IntermediateAssembly)') and
                            Exists('$(ComHostSourcePath)')) was evaluated as ('true' == 'true' and
                            '' != '' and
                            Exists('obj\Debug\net8.0\MdToPdf.Core.dll') and
                            Exists('')).
       Target "_GetIjwHostPaths" skipped, due to false condition; ('$(UseIJWHost)' == 'true') was evaluated as ('' == 'true').
   2:6>Target "Compile" in file "C:\Program Files\dotnet\sdk\8.0.423\Microsoft.Common.CurrentVersion.targets" from project "C:\Users\Tony\.gemini\antigravity\scratch\marksmith\MdToPdf.Core\MdToPdf.Core.csproj" (target "CoreBuild" depends on it):
   2:6>Done building target "Compile" in project "MdToPdf.Core.csproj".
       Target "ExportWindowsMDFile" skipped, due to false condition; ('$(ExportWinMDFile)' == 'true') was evaluated as ('' == 'true').
       Target "UnmanagedUnregistration" skipped, due to false condition; ((('$(_AssemblyTimestampBeforeCompile)' != '$(_AssemblyTimestampAfterCompile)' or '$(RegisterForComInterop)' != 'true' or '$(OutputType)' != 'library') or
                           ('$(_AssemblyTimestampBeforeCompile)' == '')) and
                          Exists('@(_UnmanagedRegistrationCache)')) was evaluated as ((('' != '' or '' != 'true' or 'Library' != 'library') or
                           ('' == '')) and
                          Exists('obj\MdToPdf.Core.csproj.UnmanagedRegistration.cache')).
       Target "GenerateSerializationAssemblies" skipped, due to false condition; ('$(_SGenGenerateSerializationAssembliesConfig)' == 'On' or ('@(WebReferenceUrl)'!='' and '$(_SGenGenerateSerializationAssembliesConfig)' == 'Auto')) was evaluated as ('Off' == 'On' or (''!='' and 'Off' == 'Auto')).
   2:6>Target "_GenerateSatelliteAssemblyInputs" in file "C:\Program Files\dotnet\sdk\8.0.423\Microsoft.Common.CurrentVersion.targets" from project "C:\Users\Tony\.gemini\antigravity\scratch\marksmith\MdToPdf.Core\MdToPdf.Core.csproj" (target "CreateSatelliteAssemblies" depends on it):
       Task "Warning" skipped, due to false condition; ('@(ManifestResourceWithCulture)'!='' and '%(ManifestResourceWithCulture.EmittedForCompatibilityOnly)'=='') was evaluated as (''!='' and ''=='').
       Task "Warning" skipped, due to false condition; ('@(ManifestNonResxWithCultureOnDisk)'!='' and '%(ManifestNonResxWithCultureOnDisk.EmittedForCompatibilityOnly)'=='') was evaluated as (''!='' and ''=='').
   2:6>Done building target "_GenerateSatelliteAssemblyInputs" in project "MdToPdf.Core.csproj".
       Target "ComputeIntermediateSatelliteAssemblies" skipped, due to false condition; (@(EmbeddedResource->'%(WithCulture)') != '') was evaluated as ( != '').
       Target "GenerateSatelliteAssemblies" skipped, due to false condition; ('@(_SatelliteAssemblyResourceInputs)' != '' and '$(GenerateSatelliteAssembliesForCore)' != 'true') was evaluated as ('' != '' and 'true' != 'true').
       Target "CoreGenerateSatelliteAssemblies" skipped, due to false condition; ('@(_SatelliteAssemblyResourceInputs)' != ''  and '$(GenerateSatelliteAssembliesForCore)' == 'true' ) was evaluated as ('' != ''  and 'true' == 'true' ).
   2:6>Target "CreateSatelliteAssemblies" in file "C:\Program Files\dotnet\sdk\8.0.423\Microsoft.Common.CurrentVersion.targets" from project "C:\Users\Tony\.gemini\antigravity\scratch\marksmith\MdToPdf.Core\MdToPdf.Core.csproj" (target "CoreBuild" depends on it):
   2:6>Done building target "CreateSatelliteAssemblies" in project "MdToPdf.Core.csproj".
       Target "GenerateManifests" skipped, due to false condition; ('$(GenerateClickOnceManifests)'=='true' or '@(NativeReference)'!='' or '@(ResolvedIsolatedComModules)'!='' or '$(GenerateAppxManifest)' == 'true') was evaluated as (''=='true' or ''!='' or ''!='' or '' == 'true').
   2:6>Target "GetTargetPathWithTargetPlatformMoniker" in file "C:\Program Files\dotnet\sdk\8.0.423\Microsoft.Common.CurrentVersion.targets" from project "C:\Users\Tony\.gemini\antigravity\scratch\marksmith\MdToPdf.Core\MdToPdf.Core.csproj" (target "GetTargetPath" depends on it):
   2:6>Done building target "GetTargetPathWithTargetPlatformMoniker" in project "MdToPdf.Core.csproj".
   2:6>Target "GetTargetPath" in file "C:\Program Files\dotnet\sdk\8.0.423\Microsoft.Common.CurrentVersion.targets" from project "C:\Users\Tony\.gemini\antigravity\scratch\marksmith\MdToPdf.Core\MdToPdf.Core.csproj" (target "CoreBuild" depends on it):
   2:6>Done building target "GetTargetPath" in project "MdToPdf.Core.csproj".
       Target "ComputeIntermediateSatelliteAssemblies" skipped, due to false condition; (@(EmbeddedResource->'%(WithCulture)') != '') was evaluated as ( != '').
       Target "_CopyFilesMarkedCopyLocal" skipped, due to false condition; ('@(ReferenceCopyLocalPaths)' != '') was evaluated as ('' != '').
       Target "AssignTargetPaths" skipped. Previously built successfully.
       Target "AssignProjectConfiguration" skipped, due to false condition; ('$(CurrentSolutionConfigurationContents)' != '' or '@(ProjectReference)'!='') was evaluated as ('' != '' or ''!='').
       Target "_SplitProjectReferencesByFileExistence" skipped. Previously built successfully.
       Target "_GetProjectReferenceTargetFrameworkProperties" skipped. Previously built successfully.
   2:6>Target "_PopulateCommonStateForGetCopyToOutputDirectoryItems" in file "C:\Program Files\dotnet\sdk\8.0.423\Microsoft.Common.CurrentVersion.targets" from project "C:\Users\Tony\.gemini\antigravity\scratch\marksmith\MdToPdf.Core\MdToPdf.Core.csproj" (target "GetCopyToOutputDirectoryItems" depends on it):
   2:6>Done building target "_PopulateCommonStateForGetCopyToOutputDirectoryItems" in project "MdToPdf.Core.csproj".
       Target "AddDepsJsonAndRuntimeConfigToCopyItemsForReferencingProjects" skipped, due to false condition; ('$(HasRuntimeOutput)' == 'true') was evaluated as ('' == 'true').
   2:6>Target "GetCopyToOutputDirectoryItems" in file "C:\Program Files\dotnet\sdk\8.0.423\Microsoft.Common.CurrentVersion.targets" from project "C:\Users\Tony\.gemini\antigravity\scratch\marksmith\MdToPdf.Core\MdToPdf.Core.csproj" (target "_CopySourceItemsToOutputDirectory" depends on it):
       Using "CallTarget" task from assembly "Microsoft.Build.Tasks.Core, Version=15.1.0.0, Culture=neutral, PublicKeyToken=b03f5f7f11d50a3a".
       Task "CallTarget"
       Target "_PopulateCommonStateForGetCopyToOutputDirectoryItems" skipped. Previously built successfully.
       Target "_AddOutputPathToGlobalPropertiesToRemove" skipped. Previously built successfully.
   2:6>Target "_GetCopyToOutputDirectoryItemsFromTransitiveProjectReferences" in file "C:\Program Files\dotnet\sdk\8.0.423\Microsoft.Common.CurrentVersion.targets" from project "C:\Users\Tony\.gemini\antigravity\scratch\marksmith\MdToPdf.Core\MdToPdf.Core.csproj" (target "GetCopyToOutputDirectoryItems" depends on it):
       Task "MSBuild" skipped, due to false condition; ('@(_MSBuildProjectReferenceExistent)' != '' and '$(_GetChildProjectCopyToOutputDirectoryItems)' == 'true' and '%(_MSBuildProjectReferenceExistent.Private)' != 'false' and '$(UseCommonOutputDirectory)' != 'true') was evaluated as ('' != '' and 'true' == 'true' and '' != 'false' and 'false' != 'true').
       Task "AssignTargetPath"
       Done executing task "AssignTargetPath".
   2:6>Done building target "_GetCopyToOutputDirectoryItemsFromTransitiveProjectReferences" in project "MdToPdf.Core.csproj".
       Done executing task "CallTarget".
       Task "CallTarget"
       Target "AssignTargetPaths" skipped. Previously built successfully.
       Target "_PopulateCommonStateForGetCopyToOutputDirectoryItems" skipped. Previously built successfully.
       Target "AddDepsJsonAndRuntimeConfigToCopyItemsForReferencingProjects" skipped, due to false condition; ('$(HasRuntimeOutput)' == 'true') was evaluated as ('' == 'true').
   2:6>Target "_GetCopyToOutputDirectoryItemsFromThisProject" in file "C:\Program Files\dotnet\sdk\8.0.423\Microsoft.Common.CurrentVersion.targets" from project "C:\Users\Tony\.gemini\antigravity\scratch\marksmith\MdToPdf.Core\MdToPdf.Core.csproj" (target "GetCopyToOutputDirectoryItems" depends on it):
       Task "AssignTargetPath"
       Done executing task "AssignTargetPath".
   2:6>Done building target "_GetCopyToOutputDirectoryItemsFromThisProject" in project "MdToPdf.Core.csproj".
       Done executing task "CallTarget".
   2:6>Done building target "GetCopyToOutputDirectoryItems" in project "MdToPdf.Core.csproj".
       Target "_CopyOutOfDateSourceItemsToOutputDirectory" skipped, due to false condition; ( '@(_SourceItemsToCopyToOutputDirectory)' != '' ) was evaluated as ( '' != '' ).
       Target "_CopyOutOfDateSourceItemsToOutputDirectoryAlways" skipped, due to false condition; ( '@(_SourceItemsToCopyToOutputDirectoryAlways)' != '' ) was evaluated as ( '' != '' ).
   2:6>Target "_CopySourceItemsToOutputDirectory" in file "C:\Program Files\dotnet\sdk\8.0.423\Microsoft.Common.CurrentVersion.targets" from project "C:\Users\Tony\.gemini\antigravity\scratch\marksmith\MdToPdf.Core\MdToPdf.Core.csproj" (target "CopyFilesToOutputDirectory" depends on it):
   2:6>Done building target "_CopySourceItemsToOutputDirectory" in project "MdToPdf.Core.csproj".
       Target "_CopyAppConfigFile" skipped, due to false condition; ( '@(AppConfigWithTargetPath)' != '' ) was evaluated as ( '' != '' ).
       Target "_CopyManifestFiles" skipped, due to false condition; ( '$(_DeploymentCopyApplicationManifest)'=='true' or '$(GenerateClickOnceManifests)'=='true' ) was evaluated as ( ''=='true' or ''=='true' ).
   2:6>Target "_CheckForCompileOutputs" in file "C:\Program Files\dotnet\sdk\8.0.423\Microsoft.Common.CurrentVersion.targets" from project "C:\Users\Tony\.gemini\antigravity\scratch\marksmith\MdToPdf.Core\MdToPdf.Core.csproj" (target "CopyFilesToOutputDirectory" depends on it):
   2:6>Done building target "_CheckForCompileOutputs" in project "MdToPdf.Core.csproj".
       Target "_SGenCheckForOutputs" skipped, due to false condition; ('$(_SGenGenerateSerializationAssembliesConfig)' == 'On' or ('@(WebReferenceUrl)'!='' and '$(_SGenGenerateSerializationAssembliesConfig)' == 'Auto')) was evaluated as ('Off' == 'On' or (''!='' and 'Off' == 'Auto')).
       Target "_DefaultMicrosoftNETPlatformLibrary" skipped. Previously built successfully.
       Target "_HandlePackageFileConflicts" skipped. Previously built successfully.
       Target "ResolveAssemblyReferences" skipped. Previously built successfully.
   2:6>Target "_ComputeReferenceAssemblies" in file "C:\Program Files\dotnet\sdk\8.0.423\Sdks\Microsoft.NET.Sdk\targets\Microsoft.NET.Sdk.targets" from project "C:\Users\Tony\.gemini\antigravity\scratch\marksmith\MdToPdf.Core\MdToPdf.Core.csproj" (target "GenerateBuildDependencyFile" depends on it):
   2:6>Done building target "_ComputeReferenceAssemblies" in project "MdToPdf.Core.csproj".
   2:6>Target "_ComputeUserRuntimeAssemblies" in file "C:\Program Files\dotnet\sdk\8.0.423\Sdks\Microsoft.NET.Sdk\targets\Microsoft.NET.Sdk.targets" from project "C:\Users\Tony\.gemini\antigravity\scratch\marksmith\MdToPdf.Core\MdToPdf.Core.csproj" (target "GenerateBuildDependencyFile" depends on it):
   2:6>Done building target "_ComputeUserRuntimeAssemblies" in project "MdToPdf.Core.csproj".
       Target "ResolveRuntimePackAssets" skipped, due to false condition; ('@(RuntimePack)' != '') was evaluated as ('' != '').
       Target "_ComputePackageReferencePublish" skipped. Previously built successfully.
       Target "ComputeDependencyFileCompilerOptions" skipped, due to false condition; ('$(PreserveCompilationContext)' == 'true') was evaluated as ('' == 'true').
   2:6>Target "GenerateBuildDependencyFile" in file "C:\Program Files\dotnet\sdk\8.0.423\Sdks\Microsoft.NET.Sdk\targets\Microsoft.NET.Sdk.targets" from project "C:\Users\Tony\.gemini\antigravity\scratch\marksmith\MdToPdf.Core\MdToPdf.Core.csproj" (target "CopyFilesToOutputDirectory" depends on it):
       Skipping target "GenerateBuildDependencyFile" because all output files are up-to-date with respect to the input files.
       Input files: 
           C:\Users\Tony\.gemini\antigravity\scratch\marksmith\MdToPdf.Core\obj\project.assets.json
           C:\Users\Tony\.gemini\antigravity\scratch\marksmith\MdToPdf.Core\obj\Debug\net8.0\MdToPdf.Core.assets.cache
           C:\Users\Tony\.gemini\antigravity\scratch\marksmith\MdToPdf.Core\obj\MdToPdf.Core.csproj.nuget.g.props
           C:\Program Files\dotnet\sdk\8.0.423\Current\Microsoft.Common.targets\ImportAfter\Microsoft.TestPlatform.ImportAfter.targets
       Output files: C:\Users\Tony\.gemini\antigravity\scratch\marksmith\MdToPdf.Core\bin\Debug\net8.0\MdToPdf.Core.deps.json
   2:6>Done building target "GenerateBuildDependencyFile" in project "MdToPdf.Core.csproj".
       Target "GenerateBuildRuntimeConfigurationFiles" skipped, due to false condition; ( '$(GenerateRuntimeConfigurationFiles)' == 'true') was evaluated as ( '' == 'true').
       Target "GenerateShimsAssets" skipped, due to false condition; ('$(PackAsTool)' == 'true' and $(PackAsToolShimRuntimeIdentifiers) != '' ) was evaluated as ('' == 'true' and  != '' ).
   2:6>Target "CopyFilesToOutputDirectory" in file "C:\Program Files\dotnet\sdk\8.0.423\Microsoft.Common.CurrentVersion.targets" from project "C:\Users\Tony\.gemini\antigravity\scratch\marksmith\MdToPdf.Core\MdToPdf.Core.csproj" (target "PrepareForRun" depends on it):
       Using "Copy" task from assembly "Microsoft.Build.Tasks.Core, Version=15.1.0.0, Culture=neutral, PublicKeyToken=b03f5f7f11d50a3a".
       Task "Copy"
         Did not copy from file "obj\Debug\net8.0\MdToPdf.Core.dll" to file "bin\Debug\net8.0\MdToPdf.Core.dll" because the "SkipUnchangedFiles" parameter was set to "true" in the project and the files' sizes and timestamps match.
       Done executing task "Copy".
       Using "CopyRefAssembly" task from assembly "C:\Program Files\dotnet\sdk\8.0.423\Roslyn\Microsoft.Build.Tasks.CodeAnalysis.dll".
       Task "CopyRefAssembly"
         Reference assembly "C:\Users\Tony\.gemini\antigravity\scratch\marksmith\MdToPdf.Core\obj\Debug\net8.0\ref\MdToPdf.Core.dll" already has latest information. Leaving it untouched.
       Done executing task "CopyRefAssembly".
       Task "Message"
         MdToPdf.Core -> C:\Users\Tony\.gemini\antigravity\scratch\marksmith\MdToPdf.Core\bin\Debug\net8.0\MdToPdf.Core.dll
       Done executing task "Message".
       Task "Copy" skipped, due to false condition; ('@(AddModules)' != '') was evaluated as ('' != '').
       Task "Copy" skipped, due to false condition; ('$(_SGenDllCreated)'=='true') was evaluated as ('false'=='true').
       Task "Copy"
         Did not copy from file "obj\Debug\net8.0\MdToPdf.Core.pdb" to file "bin\Debug\net8.0\MdToPdf.Core.pdb" because the "SkipUnchangedFiles" parameter was set to "true" in the project and the files' sizes and timestamps match.
       Done executing task "Copy".
       Task "Copy" skipped, due to false condition; ('$(_DocumentationFileProduced)'=='true' and '$(CopyDocumentationFileToOutputDirectory)'=='true') was evaluated as ('false'=='true' and 'true'=='true').
       Task "Copy" skipped, due to false condition; ('@(IntermediateSatelliteAssembliesWithTargetPath)' != '') was evaluated as ('' != '').
       Task "Copy" skipped, due to false condition; ('@(ReferenceComWrappersToCopyLocal)' != '' or '@(ResolvedIsolatedComModules)' != '' or '@(_DeploymentLooseManifestFile)' != '' or '@(NativeReferenceFile)' != '' ) was evaluated as ('' != '' or '' != '' or '' != '' or '' != '' ).
       Task "Copy" skipped, due to false condition; ('$(SkipCopyWinMDArtifact)' != 'true' and '@(WinMDExpArtifacts)' != '') was evaluated as ('' != 'true' and '' != '').
       Task "Message" skipped, due to false condition; ('$(SkipCopyWinMDArtifact)' != 'true' and '$(_WindowsMetadataOutputPath)' != '') was evaluated as ('' != 'true' and '' != '').
   2:6>Done building target "CopyFilesToOutputDirectory" in project "MdToPdf.Core.csproj".
       Target "_CopyReferenceOnlyAssembliesForBuild" skipped, due to false condition; ('$(PreserveCompilationReferences)' == 'true') was evaluated as ('' == 'true').
   2:6>Target "PrepareForRun" in file "C:\Program Files\dotnet\sdk\8.0.423\Microsoft.Common.CurrentVersion.targets" from project "C:\Users\Tony\.gemini\antigravity\scratch\marksmith\MdToPdf.Core\MdToPdf.Core.csproj" (target "CoreBuild" depends on it):
   2:6>Done building target "PrepareForRun" in project "MdToPdf.Core.csproj".
       Target "UnmanagedRegistration" skipped, due to false condition; ('$(RegisterForComInterop)'=='true' and '$(OutputType)'=='library') was evaluated as (''=='true' and 'Library'=='library').
       Target "_CheckForCompileOutputs" skipped. Previously built successfully.
       Target "_SGenCheckForOutputs" skipped, due to false condition; ('$(_SGenGenerateSerializationAssembliesConfig)' == 'On' or ('@(WebReferenceUrl)'!='' and '$(_SGenGenerateSerializationAssembliesConfig)' == 'Auto')) was evaluated as ('Off' == 'On' or (''!='' and 'Off' == 'Auto')).
   2:6>Target "_CleanGetCurrentAndPriorFileWrites" in file "C:\Program Files\dotnet\sdk\8.0.423\Microsoft.Common.CurrentVersion.targets" from project "C:\Users\Tony\.gemini\antigravity\scratch\marksmith\MdToPdf.Core\MdToPdf.Core.csproj" (target "IncrementalClean" depends on it):
       Using "ReadLinesFromFile" task from assembly "Microsoft.Build.Tasks.Core, Version=15.1.0.0, Culture=neutral, PublicKeyToken=b03f5f7f11d50a3a".
       Task "ReadLinesFromFile"
       Done executing task "ReadLinesFromFile".
       Task "ConvertToAbsolutePath"
       Done executing task "ConvertToAbsolutePath".
       Using "FindUnderPath" task from assembly "Microsoft.Build.Tasks.Core, Version=15.1.0.0, Culture=neutral, PublicKeyToken=b03f5f7f11d50a3a".
       Task "FindUnderPath"
         Comparison path is "C:\Users\Tony\.gemini\antigravity\scratch\marksmith\MdToPdf.Core".
       Done executing task "FindUnderPath".
       Task "FindUnderPath"
         Comparison path is "bin\Debug\net8.0\".
       Done executing task "FindUnderPath".
       Task "FindUnderPath"
         Comparison path is "obj\Debug\net8.0\".
       Done executing task "FindUnderPath".
       Task "RemoveDuplicates"
       Done executing task "RemoveDuplicates".
   2:6>Done building target "_CleanGetCurrentAndPriorFileWrites" in project "MdToPdf.Core.csproj".
   2:6>Target "IncrementalClean" in file "C:\Program Files\dotnet\sdk\8.0.423\Microsoft.Common.CurrentVersion.targets" from project "C:\Users\Tony\.gemini\antigravity\scratch\marksmith\MdToPdf.Core\MdToPdf.Core.csproj" (target "CoreBuild" depends on it):
       Task "FindUnderPath"
         Comparison path is "bin\Debug\net8.0\".
       Done executing task "FindUnderPath".
       Task "FindUnderPath"
         Comparison path is "obj\Debug\net8.0\".
       Done executing task "FindUnderPath".
       Using "Delete" task from assembly "Microsoft.Build.Tasks.Core, Version=15.1.0.0, Culture=neutral, PublicKeyToken=b03f5f7f11d50a3a".
       Task "Delete"
       Done executing task "Delete".
       Task "RemoveDuplicates"
       Done executing task "RemoveDuplicates".
       Task "WriteLinesToFile" skipped, due to false condition; ('@(_CleanUnfilteredPriorFileWrites)'!='@(_CleanUniqueRemainingFileWritesAfterIncrementalClean)') was evaluated as ('C:\Users\Tony\.gemini\antigravity\scratch\marksmith\MdToPdf.Core\bin\Debug\net8.0\MdToPdf.Core.deps.json;C:\Users\Tony\.gemini\antigravity\scratch\marksmith\MdToPdf.Core\bin\Debug\net8.0\MdToPdf.Core.dll;C:\Users\Tony\.gemini\antigravity\scratch\marksmith\MdToPdf.Core\bin\Debug\net8.0\MdToPdf.Core.pdb;...'!='C:\Users\Tony\.gemini\antigravity\scratch\marksmith\MdToPdf.Core\bin\Debug\net8.0\MdToPdf.Core.deps.json;C:\Users\Tony\.gemini\antigravity\scratch\marksmith\MdToPdf.Core\bin\Debug\net8.0\MdToPdf.Core.dll;C:\Users\Tony\.gemini\antigravity\scratch\marksmith\MdToPdf.Core\bin\Debug\net8.0\MdToPdf.Core.pdb;...').
   2:6>Done building target "IncrementalClean" in project "MdToPdf.Core.csproj".
       Target "PostBuildEvent" skipped, due to false condition; ('$(PostBuildEvent)' != '' and ('$(RunPostBuildEvent)' != 'OnOutputUpdated' or '$(_AssemblyTimestampBeforeCompile)' != '$(_AssemblyTimestampAfterCompile)')) was evaluated as ('' != '' and ('' != 'OnOutputUpdated' or '' != '')).
       Target "GenerateBuildDependencyFile" skipped. Previously built successfully.
       Target "GenerateBuildRuntimeConfigurationFiles" skipped, due to false condition; ( '$(GenerateRuntimeConfigurationFiles)' == 'true') was evaluated as ( '' == 'true').
   2:6>Target "CoreBuild" in file "C:\Program Files\dotnet\sdk\8.0.423\Microsoft.Common.CurrentVersion.targets" from project "C:\Users\Tony\.gemini\antigravity\scratch\marksmith\MdToPdf.Core\MdToPdf.Core.csproj" (target "Build" depends on it):
   2:6>Done building target "CoreBuild" in project "MdToPdf.Core.csproj".
   2:6>Target "AfterBuild" in file "C:\Program Files\dotnet\sdk\8.0.423\Microsoft.Common.CurrentVersion.targets" from project "C:\Users\Tony\.gemini\antigravity\scratch\marksmith\MdToPdf.Core\MdToPdf.Core.csproj" (target "Build" depends on it):
   2:6>Done building target "AfterBuild" in project "MdToPdf.Core.csproj".
       Target "_CheckBrowserWorkloadNeededButNotAvailable" skipped, due to false condition; ('$(RuntimeIdentifier)' == 'browser-wasm' and '$(_BrowserWorkloadDisabled)' != 'true' and '$(WasmNativeWorkloadAvailable)' != 'true') was evaluated as ('' == 'browser-wasm' and '' != 'true' and '' != 'true').
       Target "_ErrorWorkloadDisabledForTFMLessThan6" skipped, due to false condition; ('$(_BrowserWorkloadNotSupportedForTFM)' == 'true') was evaluated as ('' == 'true').
       Target "_ErrorDualWasmThreadPropsOn7" skipped, due to false condition; ('$(TargetsNet7)' == 'true' and '$(RuntimeIdentifier)' == 'browser-wasm' and
           '$(BrowserWorkloadDisabled)' != 'true' and '$(WasmEnableThreads)' == 'true' and '$(WasmEnablePerfTrace)' == 'true') was evaluated as ('' == 'true' and '' == 'browser-wasm' and
           '' != 'true' and '' == 'true' and '' == 'true').
       Target "_CheckForInvalidConfigurationAndPlatform" skipped. Previously built successfully.
       Target "_CheckForInvalidConfigurationAndPlatform" skipped. Previously built successfully.
   2:6>Target "Build" in file "C:\Program Files\dotnet\sdk\8.0.423\Microsoft.Common.CurrentVersion.targets" from project "C:\Users\Tony\.gemini\antigravity\scratch\marksmith\MdToPdf.Core\MdToPdf.Core.csproj" (entry point):
   2:6>Done building target "Build" in project "MdToPdf.Core.csproj".
       Target "_PackAsBuildAfterTarget" skipped, due to false condition; ('$(GeneratePackageOnBuild)' == 'true' AND '$(IsInnerBuild)' != 'true') was evaluated as ('false' == 'true' AND '' != 'true').
   2:6>Target "_CheckContainersPackage" in file "C:\Program Files\dotnet\sdk\8.0.423\Containers\build\Microsoft.NET.Build.Containers.targets" from project "C:\Users\Tony\.gemini\antigravity\scratch\marksmith\MdToPdf.Core\MdToPdf.Core.csproj" (entry point):
       Task "Warning" skipped, due to false condition; ($(_ContainerPackageIsPresent)
               and (
                 ($(_SdkCanPublishWeb) and $(_IsWebProject)) or
                 ($(_SdkCanPublishWorker) and $(_IsWorkerProject)) or
                 ($(_SdkCanPublishConsole) and '$(EnableSdkContainerSupport)' == 'true')
               )) was evaluated as (false
               and (
                 (True and false) or
                 (True and false) or
                 (True and '' == 'true')
               )).
   2:6>Done building target "_CheckContainersPackage" in project "MdToPdf.Core.csproj".
   2:6>Done Building Project "C:\Users\Tony\.gemini\antigravity\scratch\marksmith\MdToPdf.Core\MdToPdf.Core.csproj" (default targets).
   1:7>Done executing task "MSBuild".
       Task "MSBuild"
         Removing Properties for project "..\MdToPdf.Core\MdToPdf.Core.csproj":
           TargetFramework
           RuntimeIdentifier
           SelfContained
   1:7>Project "C:\Users\Tony\.gemini\antigravity\scratch\marksmith\MdToPdf\MdToPdf.csproj" (1:7) is building "C:\Users\Tony\.gemini\antigravity\scratch\marksmith\MdToPdf.Core\MdToPdf.Core.csproj" (2:7) on node 1 (GetNativeManifest target(s)).
   2:7>Target "GetNativeManifest" in file "C:\Program Files\dotnet\sdk\8.0.423\Microsoft.Common.CurrentVersion.targets" from project "C:\Users\Tony\.gemini\antigravity\scratch\marksmith\MdToPdf.Core\MdToPdf.Core.csproj" (entry point):
   2:7>Done building target "GetNativeManifest" in project "MdToPdf.Core.csproj".
   2:7>Done Building Project "C:\Users\Tony\.gemini\antigravity\scratch\marksmith\MdToPdf.Core\MdToPdf.Core.csproj" (GetNativeManifest target(s)).
   1:7>Done executing task "MSBuild".
       Task "Warning" skipped, due to false condition; ('@(ProjectReferenceWithConfiguration)' != '' and '@(_MSBuildProjectReferenceNonexistent)' != '') was evaluated as ('..\MdToPdf.Core\MdToPdf.Core.csproj' != '' and '' != '').
   1:7>Done building target "ResolveProjectReferences" in project "MdToPdf.csproj".
   1:7>Target "RemoveManagedWinRTComponentWinMDReferences" in file "C:\Program Files\dotnet\sdk\8.0.423\Sdks\Microsoft.NET.Sdk\targets\Microsoft.NET.Windows.targets" from project "C:\Users\Tony\.gemini\antigravity\scratch\marksmith\MdToPdf\MdToPdf.csproj" (target "ResolveReferences" depends on it):
   1:7>Done building target "RemoveManagedWinRTComponentWinMDReferences" in project "MdToPdf.csproj".
       Target "AddWinRTComponentImplementationReference" skipped, due to false condition; ('@(ManagedWinRTComponentImplementations)' != '') was evaluated as ('' != '').
       Target "PrepareProjectReferences" skipped. Previously built successfully.
   1:7>Target "GetReferenceTargetPlatformMonikers" in file "C:\Program Files\dotnet\sdk\8.0.423\Microsoft.Common.CurrentVersion.targets" from project "C:\Users\Tony\.gemini\antigravity\scratch\marksmith\MdToPdf\MdToPdf.csproj" (target "FindInvalidProjectReferences" depends on it):
       Task "MSBuild"
         Removing Properties for project "..\MdToPdf.Core\MdToPdf.Core.csproj":
           TargetFramework
           RuntimeIdentifier
           SelfContained
   1:7>Project "C:\Users\Tony\.gemini\antigravity\scratch\marksmith\MdToPdf\MdToPdf.csproj" (1:7) is building "C:\Users\Tony\.gemini\antigravity\scratch\marksmith\MdToPdf.Core\MdToPdf.Core.csproj" (2:8) on node 1 (GetTargetPathWithTargetPlatformMoniker target(s)).
   2:8>Target "GetTargetPathWithTargetPlatformMoniker" skipped. Previously built successfully.
   2:8>Done Building Project "C:\Users\Tony\.gemini\antigravity\scratch\marksmith\MdToPdf.Core\MdToPdf.Core.csproj" (GetTargetPathWithTargetPlatformMoniker target(s)).
   1:7>Done executing task "MSBuild".
   1:7>Done building target "GetReferenceTargetPlatformMonikers" in project "MdToPdf.csproj".
   1:7>Target "FindInvalidProjectReferences" in file "C:\Program Files\dotnet\sdk\8.0.423\Microsoft.Common.CurrentVersion.targets" from project "C:\Users\Tony\.gemini\antigravity\scratch\marksmith\MdToPdf\MdToPdf.csproj" (target "ResolveReferences" depends on it):
       Using "FindInvalidProjectReferences" task from assembly "Microsoft.Build.Tasks.Core, Version=15.1.0.0, Culture=neutral, PublicKeyToken=b03f5f7f11d50a3a".
       Task "FindInvalidProjectReferences"
       Done executing task "FindInvalidProjectReferences".
   1:7>Done building target "FindInvalidProjectReferences" in project "MdToPdf.csproj".
       Target "ResolveNativeReferences" skipped, due to false condition; ('@(NativeReference)'!='') was evaluated as (''!='').
       Target "ResolveProjectReferences" skipped. Previously built successfully.
       Target "FindInvalidProjectReferences" skipped. Previously built successfully.
       Target "GetFrameworkPaths" skipped. Previously built successfully.
       Target "GetReferenceAssemblyPaths" skipped. Previously built successfully.
       Target "PrepareForBuild" skipped. Previously built successfully.
       Target "GetInstalledSDKLocations" skipped, due to false condition; ('@(SDKReference)' != '') was evaluated as ('' != '').
   1:7>Target "ResolveSDKReferences" in file "C:\Program Files\dotnet\sdk\8.0.423\Microsoft.Common.CurrentVersion.targets" from project "C:\Users\Tony\.gemini\antigravity\scratch\marksmith\MdToPdf\MdToPdf.csproj" (target "ResolveAssemblyReferences" depends on it):
       Task "ResolveSDKReference" skipped, due to false condition; ('@(SDKReference)'!='') was evaluated as (''!='').
   1:7>Done building target "ResolveSDKReferences" in project "MdToPdf.csproj".
       Target "ResolveSDKReferences" skipped. Previously built successfully.
   1:7>Target "ExpandSDKReferences" in file "C:\Program Files\dotnet\sdk\8.0.423\Microsoft.Common.CurrentVersion.targets" from project "C:\Users\Tony\.gemini\antigravity\scratch\marksmith\MdToPdf\MdToPdf.csproj" (target "ResolveAssemblyReferences" depends on it):
       Task "GetSDKReferenceFiles" skipped, due to false condition; ('@(ResolvedSDKReference)'!='') was evaluated as (''!='').
   1:7>Done building target "ExpandSDKReferences" in project "MdToPdf.csproj".
       Target "ResolvePackageDependenciesForBuild" skipped. Previously built successfully.
       Target "GetFrameworkPaths" skipped. Previously built successfully.
       Target "GetReferenceAssemblyPaths" skipped. Previously built successfully.
       Target "ResolveFrameworkReferences" skipped. Previously built successfully.
   1:7>Target "ResolveTargetingPackAssets" in file "C:\Program Files\dotnet\sdk\8.0.423\Sdks\Microsoft.NET.Sdk\targets\Microsoft.NET.Sdk.FrameworkReferenceResolution.targets" from project "C:\Users\Tony\.gemini\antigravity\scratch\marksmith\MdToPdf\MdToPdf.csproj" (target "_HandlePackageFileConflicts" depends on it):
       Using "ResolveTargetingPackAssets" task from assembly "C:\Program Files\dotnet\sdk\8.0.423\Sdks\Microsoft.NET.Sdk\targets\..\tools\net8.0\Microsoft.NET.Build.Tasks.dll".
       Task "ResolveTargetingPackAssets"
       Done executing task "ResolveTargetingPackAssets".
   1:7>Done building target "ResolveTargetingPackAssets" in project "MdToPdf.csproj".
   1:7>Target "ResolveOffByDefaultAnalyzers" in file "C:\Program Files\dotnet\sdk\8.0.423\Sdks\Microsoft.NET.Sdk\targets\Microsoft.NET.Sdk.FrameworkReferenceResolution.targets" from project "C:\Users\Tony\.gemini\antigravity\scratch\marksmith\MdToPdf\MdToPdf.csproj" (target "_HandlePackageFileConflicts" depends on it):
   1:7>Done building target "ResolveOffByDefaultAnalyzers" in project "MdToPdf.csproj".
   1:7>Target "_HandlePackageFileConflicts" in file "C:\Program Files\dotnet\sdk\8.0.423\Sdks\Microsoft.NET.Sdk\targets\Microsoft.NET.ConflictResolution.targets" from project "C:\Users\Tony\.gemini\antigravity\scratch\marksmith\MdToPdf\MdToPdf.csproj" (target "ResolveAssemblyReferences" depends on it):
       Using "ResolvePackageFileConflicts" task from assembly "C:\Program Files\dotnet\sdk\8.0.423\Sdks\Microsoft.NET.Sdk\targets\..\tools\net8.0\Microsoft.NET.Build.Tasks.dll".
       Task "ResolvePackageFileConflicts"
         Encountered conflict between 'Reference:C:\Users\Tony\.nuget\packages\system.collections.immutable\9.0.1\lib\net8.0\System.Collections.Immutable.dll' and 'Reference:C:\Program Files\dotnet\packs\Microsoft.NETCore.App.Ref\8.0.29\ref/net8.0/System.Collections.Immutable.dll'. Choosing 'Reference:C:\Users\Tony\.nuget\packages\system.collections.immutable\9.0.1\lib\net8.0\System.Collections.Immutable.dll' because AssemblyVersion '9.0.0.0' is greater than '8.0.0.0'.
         Encountered conflict between 'Reference:C:\Users\Tony\.nuget\packages\system.reflection.metadata\9.0.1\lib\net8.0\System.Reflection.Metadata.dll' and 'Reference:C:\Program Files\dotnet\packs\Microsoft.NETCore.App.Ref\8.0.29\ref/net8.0/System.Reflection.Metadata.dll'. Choosing 'Reference:C:\Users\Tony\.nuget\packages\system.reflection.metadata\9.0.1\lib\net8.0\System.Reflection.Metadata.dll' because AssemblyVersion '9.0.0.0' is greater than '8.0.0.0'.
         Encountered conflict between 'Platform:System.Collections.Immutable.dll' and 'CopyLocal:C:\Users\Tony\.nuget\packages\system.collections.immutable\9.0.1\lib\net8.0\System.Collections.Immutable.dll'. Choosing 'CopyLocal:C:\Users\Tony\.nuget\packages\system.collections.immutable\9.0.1\lib\net8.0\System.Collections.Immutable.dll' because AssemblyVersion '9.0.0.0' is greater than '8.0.0.0'.
         Encountered conflict between 'Platform:System.Reflection.Metadata.dll' and 'CopyLocal:C:\Users\Tony\.nuget\packages\system.reflection.metadata\9.0.1\lib\net8.0\System.Reflection.Metadata.dll'. Choosing 'CopyLocal:C:\Users\Tony\.nuget\packages\system.reflection.metadata\9.0.1\lib\net8.0\System.Reflection.Metadata.dll' because AssemblyVersion '9.0.0.0' is greater than '8.0.0.0'.
         Encountered conflict between 'Platform:mscorlib.dll' and 'Platform:mscorlib.dll'. Could not determine winner due to equal file and assembly versions.
         Encountered conflict between 'Platform:Microsoft.VisualBasic.dll' and 'Platform:Microsoft.VisualBasic.dll'. Could not determine winner due to equal file and assembly versions.
         Encountered conflict between 'Platform:System.dll' and 'Platform:System.dll'. Could not determine winner due to equal file and assembly versions.
         Encountered conflict between 'Platform:System.ComponentModel.DataAnnotations.dll' and 'Platform:System.ComponentModel.DataAnnotations.dll'. Could not determine winner due to equal file and assembly versions.
         Encountered conflict between 'Platform:System.Configuration.dll' and 'Platform:System.Configuration.dll'. Could not determine winner due to equal file and assembly versions.
         Encountered conflict between 'Platform:System.Core.dll' and 'Platform:System.Core.dll'. Could not determine winner due to equal file and assembly versions.
         Encountered conflict between 'Platform:System.Data.dll' and 'Platform:System.Data.dll'. Could not determine winner due to equal file and assembly versions.
         Encountered conflict between 'Platform:System.Drawing.dll' and 'Platform:System.Drawing.dll'. Could not determine winner due to equal file and assembly versions.
         Encountered conflict between 'Platform:System.IO.Compression.FileSystem.dll' and 'Platform:System.IO.Compression.FileSystem.dll'. Could not determine winner due to equal file and assembly versions.
         Encountered conflict between 'Platform:System.Net.dll' and 'Platform:System.Net.dll'. Could not determine winner due to equal file and assembly versions.
         Encountered conflict between 'Platform:System.Numerics.dll' and 'Platform:System.Numerics.dll'. Could not determine winner due to equal file and assembly versions.
         Encountered conflict between 'Platform:System.Runtime.Serialization.dll' and 'Platform:System.Runtime.Serialization.dll'. Could not determine winner due to equal file and assembly versions.
         Encountered conflict between 'Platform:System.Security.dll' and 'Platform:System.Security.dll'. Could not determine winner due to equal file and assembly versions.
         Encountered conflict between 'Platform:System.ServiceProcess.dll' and 'Platform:System.ServiceProcess.dll'. Could not determine winner due to equal file and assembly versions.
         Encountered conflict between 'Platform:System.ServiceModel.Web.dll' and 'Platform:System.ServiceModel.Web.dll'. Could not determine winner due to equal file and assembly versions.
         Encountered conflict between 'Platform:System.Transactions.dll' and 'Platform:System.Transactions.dll'. Could not determine winner due to equal file and assembly versions.
         Encountered conflict between 'Platform:System.Web.dll' and 'Platform:System.Web.dll'. Could not determine winner due to equal file and assembly versions.
         Encountered conflict between 'Platform:System.Windows.dll' and 'Platform:System.Windows.dll'. Could not determine winner due to equal file and assembly versions.
         Encountered conflict between 'Platform:System.Xml.dll' and 'Platform:System.Xml.dll'. Could not determine winner due to equal file and assembly versions.
         Encountered conflict between 'Platform:System.Xml.Serialization.dll' and 'Platform:System.Xml.Serialization.dll'. Could not determine winner due to equal file and assembly versions.
         Encountered conflict between 'Platform:System.Xml.Linq.dll' and 'Platform:System.Xml.Linq.dll'. Could not determine winner due to equal file and assembly versions.
         Encountered conflict between 'Platform:WindowsBase.dll' and 'Platform:WindowsBase.dll'. Could not determine winner due to equal file and assembly versions.
         Encountered conflict between 'Platform:netstandard.dll' and 'Platform:netstandard.dll'. Could not determine winner due to equal file and assembly versions.
         Encountered conflict between 'Platform:System.Private.CoreLib.dll' and 'Platform:System.Private.CoreLib.dll'. Could not determine winner due to equal file and assembly versions.
         Encountered conflict between 'Platform:System.Private.DataContractSerialization.dll' and 'Platform:System.Private.DataContractSerialization.dll'. Could not determine winner due to equal file and assembly versions.
         Encountered conflict between 'Platform:System.Private.Uri.dll' and 'Platform:System.Private.Uri.dll'. Could not determine winner due to equal file and assembly versions.
         Encountered conflict between 'Platform:System.Private.Xml.dll' and 'Platform:System.Private.Xml.dll'. Could not determine winner due to equal file and assembly versions.
         Encountered conflict between 'Platform:System.Private.Xml.Linq.dll' and 'Platform:System.Private.Xml.Linq.dll'. Could not determine winner due to equal file and assembly versions.
         Encountered conflict between 'Platform:mscordaccore_amd64_amd64_8.0.2926.32403.dll' and 'Platform:mscordaccore_amd64_amd64_8.0.2926.32403.dll'. Could not determine winner due to equal file and assembly versions.
       Done executing task "ResolvePackageFileConflicts".
   1:7>Done building target "_HandlePackageFileConflicts" in project "MdToPdf.csproj".
       Target "ResolveTargetingPackAssets" skipped. Previously built successfully.
   1:7>Target "ResolveAssemblyReferences" in file "C:\Program Files\dotnet\sdk\8.0.423\Microsoft.Common.CurrentVersion.targets" from project "C:\Users\Tony\.gemini\antigravity\scratch\marksmith\MdToPdf\MdToPdf.csproj" (target "ResolveReferences" depends on it):
       Task "ResolveAssemblyReference"
         TargetFrameworkMoniker:
             .NETCoreApp,Version=v8.0
         TargetFrameworkMonikerDisplayName:
             .NET 8.0
         TargetedRuntimeVersion:
             
         Assemblies:
             C:\Users\Tony\.nuget\packages\microsoft.web.webview2\1.0.2903.40\buildTransitive\..\\lib_manual\net8.0-windows10.0.17763.0\Microsoft.Web.WebView2.Core.Projection.dll
             C:\Users\Tony\.nuget\packages\communitytoolkit.mvvm\8.3.2\lib\net8.0-windows10.0.17763\CommunityToolkit.Mvvm.dll
                 Private = 'false'
                 HintPath = 'C:\Users\Tony\.nuget\packages\communitytoolkit.mvvm\8.3.2\lib\net8.0-windows10.0.17763\CommunityToolkit.Mvvm.dll'
             C:\Users\Tony\.nuget\packages\documentformat.openxml\3.1.0\lib\net8.0\DocumentFormat.OpenXml.dll
                 Private = 'false'
                 HintPath = 'C:\Users\Tony\.nuget\packages\documentformat.openxml\3.1.0\lib\net8.0\DocumentFormat.OpenXml.dll'
             C:\Users\Tony\.nuget\packages\documentformat.openxml.framework\3.1.0\lib\net8.0\DocumentFormat.OpenXml.Framework.dll
                 Private = 'false'
                 HintPath = 'C:\Users\Tony\.nuget\packages\documentformat.openxml.framework\3.1.0\lib\net8.0\DocumentFormat.OpenXml.Framework.dll'
             C:\Users\Tony\.nuget\packages\excss\4.3.0\lib\net8.0\ExCSS.dll
                 Private = 'false'
                 HintPath = 'C:\Users\Tony\.nuget\packages\excss\4.3.0\lib\net8.0\ExCSS.dll'
             C:\Users\Tony\.nuget\packages\h.generatedicons.system.drawing\2.3.0\lib\net8.0\H.GeneratedIcons.System.Drawing.dll
                 Private = 'false'
                 HintPath = 'C:\Users\Tony\.nuget\packages\h.generatedicons.system.drawing\2.3.0\lib\net8.0\H.GeneratedIcons.System.Drawing.dll'
             C:\Users\Tony\.nuget\packages\h.notifyicon\2.3.0\lib\net8.0\H.NotifyIcon.dll
                 Private = 'false'
                 HintPath = 'C:\Users\Tony\.nuget\packages\h.notifyicon\2.3.0\lib\net8.0\H.NotifyIcon.dll'
             C:\Users\Tony\.nuget\packages\h.notifyicon.winui\2.3.0\lib\net8.0-windows10.0.17763\H.NotifyIcon.WinUI.dll
                 Private = 'false'
                 HintPath = 'C:\Users\Tony\.nuget\packages\h.notifyicon.winui\2.3.0\lib\net8.0-windows10.0.17763\H.NotifyIcon.WinUI.dll'
             C:\Users\Tony\.nuget\packages\harfbuzzsharp\7.3.0.3\lib\net6.0\HarfBuzzSharp.dll
                 Private = 'false'
                 HintPath = 'C:\Users\Tony\.nuget\packages\harfbuzzsharp\7.3.0.3\lib\net6.0\HarfBuzzSharp.dll'
             C:\Users\Tony\.nuget\packages\markdig\0.37.0\lib\net8.0\Markdig.dll
                 Private = 'false'
                 HintPath = 'C:\Users\Tony\.nuget\packages\markdig\0.37.0\lib\net8.0\Markdig.dll'
             C:\Users\Tony\.nuget\packages\microsoft.win32.systemevents\9.0.1\lib\net8.0\Microsoft.Win32.SystemEvents.dll
                 Private = 'false'
                 HintPath = 'C:\Users\Tony\.nuget\packages\microsoft.win32.systemevents\9.0.1\lib\net8.0\Microsoft.Win32.SystemEvents.dll'
             C:\Users\Tony\.nuget\packages\microsoft.windowsappsdk\1.6.250108002\lib\net6.0-windows10.0.18362.0\Microsoft.InteractiveExperiences.Projection.dll
                 Private = 'false'
                 HintPath = 'C:\Users\Tony\.nuget\packages\microsoft.windowsappsdk\1.6.250108002\lib\net6.0-windows10.0.18362.0\Microsoft.InteractiveExperiences.Projection.dll'
             C:\Users\Tony\.nuget\packages\microsoft.windowsappsdk\1.6.250108002\lib\net6.0-windows10.0.18362.0\Microsoft.WinUI.dll
                 Private = 'false'
                 HintPath = 'C:\Users\Tony\.nuget\packages\microsoft.windowsappsdk\1.6.250108002\lib\net6.0-windows10.0.18362.0\Microsoft.WinUI.dll'
             C:\Users\Tony\.nuget\packages\microsoft.windowsappsdk\1.6.250108002\lib\net6.0-windows10.0.18362.0\Microsoft.Windows.AppLifecycle.Projection.dll
                 Private = 'false'
                 HintPath = 'C:\Users\Tony\.nuget\packages\microsoft.windowsappsdk\1.6.250108002\lib\net6.0-windows10.0.18362.0\Microsoft.Windows.AppLifecycle.Projection.dll'
             C:\Users\Tony\.nuget\packages\microsoft.windowsappsdk\1.6.250108002\lib\net6.0-windows10.0.18362.0\Microsoft.Windows.AppNotifications.Builder.Projection.dll
                 Private = 'false'
                 HintPath = 'C:\Users\Tony\.nuget\packages\microsoft.windowsappsdk\1.6.250108002\lib\net6.0-windows10.0.18362.0\Microsoft.Windows.AppNotifications.Builder.Projection.dll'
             C:\Users\Tony\.nuget\packages\microsoft.windowsappsdk\1.6.250108002\lib\net6.0-windows10.0.18362.0\Microsoft.Windows.AppNotifications.Projection.dll
                 Private = 'false'
                 HintPath = 'C:\Users\Tony\.nuget\packages\microsoft.windowsappsdk\1.6.250108002\lib\net6.0-windows10.0.18362.0\Microsoft.Windows.AppNotifications.Projection.dll'
             C:\Users\Tony\.nuget\packages\microsoft.windowsappsdk\1.6.250108002\lib\net6.0-windows10.0.18362.0\Microsoft.Windows.ApplicationModel.DynamicDependency.Projection.dll
                 Private = 'false'
                 HintPath = 'C:\Users\Tony\.nuget\packages\microsoft.windowsappsdk\1.6.250108002\lib\net6.0-windows10.0.18362.0\Microsoft.Windows.ApplicationModel.DynamicDependency.Projection.dll'
             C:\Users\Tony\.nuget\packages\microsoft.windowsappsdk\1.6.250108002\lib\net6.0-windows10.0.18362.0\Microsoft.Windows.ApplicationModel.Resources.Projection.dll
                 Private = 'false'
                 HintPath = 'C:\Users\Tony\.nuget\packages\microsoft.windowsappsdk\1.6.250108002\lib\net6.0-windows10.0.18362.0\Microsoft.Windows.ApplicationModel.Resources.Projection.dll'
             C:\Users\Tony\.nuget\packages\microsoft.windowsappsdk\1.6.250108002\lib\net6.0-windows10.0.18362.0\Microsoft.Windows.ApplicationModel.WindowsAppRuntime.Projection.dll
                 Private = 'false'
                 HintPath = 'C:\Users\Tony\.nuget\packages\microsoft.windowsappsdk\1.6.250108002\lib\net6.0-windows10.0.18362.0\Microsoft.Windows.ApplicationModel.WindowsAppRuntime.Projection.dll'
             C:\Users\Tony\.nuget\packages\microsoft.windowsappsdk\1.6.250108002\lib\net6.0-windows10.0.18362.0\Microsoft.Windows.Management.Deployment.Projection.dll
                 Private = 'false'
                 HintPath = 'C:\Users\Tony\.nuget\packages\microsoft.windowsappsdk\1.6.250108002\lib\net6.0-windows10.0.18362.0\Microsoft.Windows.Management.Deployment.Projection.dll'
             C:\Users\Tony\.nuget\packages\microsoft.windowsappsdk\1.6.250108002\lib\net6.0-windows10.0.18362.0\Microsoft.Windows.PushNotifications.Projection.dll
                 Private = 'false'
                 HintPath = 'C:\Users\Tony\.nuget\packages\microsoft.windowsappsdk\1.6.250108002\lib\net6.0-windows10.0.18362.0\Microsoft.Windows.PushNotifications.Projection.dll'
             C:\Users\Tony\.nuget\packages\microsoft.windowsappsdk\1.6.250108002\lib\net6.0-windows10.0.18362.0\Microsoft.Windows.Security.AccessControl.Projection.dll
                 Private = 'false'
                 HintPath = 'C:\Users\Tony\.nuget\packages\microsoft.windowsappsdk\1.6.250108002\lib\net6.0-windows10.0.18362.0\Microsoft.Windows.Security.AccessControl.Projection.dll'
             C:\Users\Tony\.nuget\packages\microsoft.windowsappsdk\1.6.250108002\lib\net6.0-windows10.0.18362.0\Microsoft.Windows.Storage.Projection.dll
                 Private = 'false'
                 HintPath = 'C:\Users\Tony\.nuget\packages\microsoft.windowsappsdk\1.6.250108002\lib\net6.0-windows10.0.18362.0\Microsoft.Windows.Storage.Projection.dll'
             C:\Users\Tony\.nuget\packages\microsoft.windowsappsdk\1.6.250108002\lib\net6.0-windows10.0.18362.0\Microsoft.Windows.System.Power.Projection.dll
                 Private = 'false'
                 HintPath = 'C:\Users\Tony\.nuget\packages\microsoft.windowsappsdk\1.6.250108002\lib\net6.0-windows10.0.18362.0\Microsoft.Windows.System.Power.Projection.dll'
             C:\Users\Tony\.nuget\packages\microsoft.windowsappsdk\1.6.250108002\lib\net6.0-windows10.0.18362.0\Microsoft.Windows.System.Projection.dll
                 Private = 'false'
                 HintPath = 'C:\Users\Tony\.nuget\packages\microsoft.windowsappsdk\1.6.250108002\lib\net6.0-windows10.0.18362.0\Microsoft.Windows.System.Projection.dll'
             C:\Users\Tony\.nuget\packages\microsoft.windowsappsdk\1.6.250108002\lib\net6.0-windows10.0.18362.0\Microsoft.Windows.Widgets.Projection.dll
                 Private = 'false'
                 HintPath = 'C:\Users\Tony\.nuget\packages\microsoft.windowsappsdk\1.6.250108002\lib\net6.0-windows10.0.18362.0\Microsoft.Windows.Widgets.Projection.dll'
             C:\Users\Tony\.nuget\packages\microsoft.windowsappsdk\1.6.250108002\lib\net6.0-windows10.0.18362.0\Microsoft.WindowsAppRuntime.Bootstrap.Net.dll
                 Private = 'false'
                 HintPath = 'C:\Users\Tony\.nuget\packages\microsoft.windowsappsdk\1.6.250108002\lib\net6.0-windows10.0.18362.0\Microsoft.WindowsAppRuntime.Bootstrap.Net.dll'
             C:\Users\Tony\.nuget\packages\sharpcompress\0.49.1\lib\net8.0\SharpCompress.dll
                 Private = 'false'
                 HintPath = 'C:\Users\Tony\.nuget\packages\sharpcompress\0.49.1\lib\net8.0\SharpCompress.dll'
             C:\Users\Tony\.nuget\packages\shimskiasharp\2.0.0.5\lib\net8.0\ShimSkiaSharp.dll
                 Private = 'false'
                 HintPath = 'C:\Users\Tony\.nuget\packages\shimskiasharp\2.0.0.5\lib\net8.0\ShimSkiaSharp.dll'
             C:\Users\Tony\.nuget\packages\skiasharp\2.88.9\lib\net6.0\SkiaSharp.dll
                 Private = 'false'
                 HintPath = 'C:\Users\Tony\.nuget\packages\skiasharp\2.88.9\lib\net6.0\SkiaSharp.dll'
             C:\Users\Tony\.nuget\packages\skiasharp.harfbuzz\2.88.9\lib\net6.0\SkiaSharp.HarfBuzz.dll
                 Private = 'false'
                 HintPath = 'C:\Users\Tony\.nuget\packages\skiasharp.harfbuzz\2.88.9\lib\net6.0\SkiaSharp.HarfBuzz.dll'
             C:\Users\Tony\.nuget\packages\svg.custom\2.0.0.5\lib\net8.0\Svg.Custom.dll
                 Private = 'false'
                 HintPath = 'C:\Users\Tony\.nuget\packages\svg.custom\2.0.0.5\lib\net8.0\Svg.Custom.dll'
             C:\Users\Tony\.nuget\packages\svg.model\2.0.0.5\lib\net8.0\Svg.Model.dll
                 Private = 'false'
                 HintPath = 'C:\Users\Tony\.nuget\packages\svg.model\2.0.0.5\lib\net8.0\Svg.Model.dll'
             C:\Users\Tony\.nuget\packages\svg.skia\2.0.0.5\lib\net8.0\Svg.Skia.dll
                 Private = 'false'
                 HintPath = 'C:\Users\Tony\.nuget\packages\svg.skia\2.0.0.5\lib\net8.0\Svg.Skia.dll'
             C:\Users\Tony\.nuget\packages\system.collections.immutable\9.0.1\lib\net8.0\System.Collections.Immutable.dll
                 Private = 'false'
                 HintPath = 'C:\Users\Tony\.nuget\packages\system.collections.immutable\9.0.1\lib\net8.0\System.Collections.Immutable.dll'
             C:\Users\Tony\.nuget\packages\system.drawing.common\9.0.1\lib\net8.0\System.Drawing.Common.dll
                 Private = 'false'
                 HintPath = 'C:\Users\Tony\.nuget\packages\system.drawing.common\9.0.1\lib\net8.0\System.Drawing.Common.dll'
             C:\Users\Tony\.nuget\packages\system.drawing.common\9.0.1\lib\net8.0\System.Private.Windows.Core.dll
                 Private = 'false'
                 HintPath = 'C:\Users\Tony\.nuget\packages\system.drawing.common\9.0.1\lib\net8.0\System.Private.Windows.Core.dll'
             C:\Users\Tony\.nuget\packages\system.io.packaging\8.0.0\lib\net8.0\System.IO.Packaging.dll
                 Private = 'false'
                 HintPath = 'C:\Users\Tony\.nuget\packages\system.io.packaging\8.0.0\lib\net8.0\System.IO.Packaging.dll'
             C:\Users\Tony\.nuget\packages\system.reflection.metadata\9.0.1\lib\net8.0\System.Reflection.Metadata.dll
                 Private = 'false'
                 HintPath = 'C:\Users\Tony\.nuget\packages\system.reflection.metadata\9.0.1\lib\net8.0\System.Reflection.Metadata.dll'
             C:\Program Files\dotnet\packs\Microsoft.NETCore.App.Ref\8.0.29\ref/net8.0/Microsoft.CSharp.dll
                 Private = 'false'
             C:\Program Files\dotnet\packs\Microsoft.NETCore.App.Ref\8.0.29\ref/net8.0/Microsoft.VisualBasic.Core.dll
                 Private = 'false'
             C:\Program Files\dotnet\packs\Microsoft.NETCore.App.Ref\8.0.29\ref/net8.0/Microsoft.VisualBasic.dll
                 Private = 'false'
             C:\Program Files\dotnet\packs\Microsoft.NETCore.App.Ref\8.0.29\ref/net8.0/Microsoft.Win32.Primitives.dll
                 Private = 'false'
             C:\Program Files\dotnet\packs\Microsoft.NETCore.App.Ref\8.0.29\ref/net8.0/Microsoft.Win32.Registry.dll
                 Private = 'false'
             C:\Program Files\dotnet\packs\Microsoft.NETCore.App.Ref\8.0.29\ref/net8.0/System.AppContext.dll
                 Private = 'false'
             C:\Program Files\dotnet\packs\Microsoft.NETCore.App.Ref\8.0.29\ref/net8.0/System.Buffers.dll
                 Private = 'false'
             C:\Program Files\dotnet\packs\Microsoft.NETCore.App.Ref\8.0.29\ref/net8.0/System.Collections.Concurrent.dll
                 Private = 'false'
             C:\Program Files\dotnet\packs\Microsoft.NETCore.App.Ref\8.0.29\ref/net8.0/System.Collections.NonGeneric.dll
                 Private = 'false'
             C:\Program Files\dotnet\packs\Microsoft.NETCore.App.Ref\8.0.29\ref/net8.0/System.Collections.Specialized.dll
                 Private = 'false'
             C:\Program Files\dotnet\packs\Microsoft.NETCore.App.Ref\8.0.29\ref/net8.0/System.Collections.dll
                 Private = 'false'
             C:\Program Files\dotnet\packs\Microsoft.NETCore.App.Ref\8.0.29\ref/net8.0/System.ComponentModel.Annotations.dll
                 Private = 'false'
             C:\Program Files\dotnet\packs\Microsoft.NETCore.App.Ref\8.0.29\ref/net8.0/System.ComponentModel.DataAnnotations.dll
                 Private = 'false'
             C:\Program Files\dotnet\packs\Microsoft.NETCore.App.Ref\8.0.29\ref/net8.0/System.ComponentModel.EventBasedAsync.dll
                 Private = 'false'
             C:\Program Files\dotnet\packs\Microsoft.NETCore.App.Ref\8.0.29\ref/net8.0/System.ComponentModel.Primitives.dll
                 Private = 'false'
             C:\Program Files\dotnet\packs\Microsoft.NETCore.App.Ref\8.0.29\ref/net8.0/System.ComponentModel.TypeConverter.dll
                 Private = 'false'
             C:\Program Files\dotnet\packs\Microsoft.NETCore.App.Ref\8.0.29\ref/net8.0/System.ComponentModel.dll
                 Private = 'false'
             C:\Program Files\dotnet\packs\Microsoft.NETCore.App.Ref\8.0.29\ref/net8.0/System.Configuration.dll
                 Private = 'false'
             C:\Program Files\dotnet\packs\Microsoft.NETCore.App.Ref\8.0.29\ref/net8.0/System.Console.dll
                 Private = 'false'
             C:\Program Files\dotnet\packs\Microsoft.NETCore.App.Ref\8.0.29\ref/net8.0/System.Core.dll
                 Private = 'false'
             C:\Program Files\dotnet\packs\Microsoft.NETCore.App.Ref\8.0.29\ref/net8.0/System.Data.Common.dll
                 Private = 'false'
             C:\Program Files\dotnet\packs\Microsoft.NETCore.App.Ref\8.0.29\ref/net8.0/System.Data.DataSetExtensions.dll
                 Private = 'false'
             C:\Program Files\dotnet\packs\Microsoft.NETCore.App.Ref\8.0.29\ref/net8.0/System.Data.dll
                 Private = 'false'
             C:\Program Files\dotnet\packs\Microsoft.NETCore.App.Ref\8.0.29\ref/net8.0/System.Diagnostics.Contracts.dll
                 Private = 'false'
             C:\Program Files\dotnet\packs\Microsoft.NETCore.App.Ref\8.0.29\ref/net8.0/System.Diagnostics.Debug.dll
                 Private = 'false'
             C:\Program Files\dotnet\packs\Microsoft.NETCore.App.Ref\8.0.29\ref/net8.0/System.Diagnostics.DiagnosticSource.dll
                 Private = 'false'
             C:\Program Files\dotnet\packs\Microsoft.NETCore.App.Ref\8.0.29\ref/net8.0/System.Diagnostics.FileVersionInfo.dll
                 Private = 'false'
             C:\Program Files\dotnet\packs\Microsoft.NETCore.App.Ref\8.0.29\ref/net8.0/System.Diagnostics.Process.dll
                 Private = 'false'
             C:\Program Files\dotnet\packs\Microsoft.NETCore.App.Ref\8.0.29\ref/net8.0/System.Diagnostics.StackTrace.dll
                 Private = 'false'
             C:\Program Files\dotnet\packs\Microsoft.NETCore.App.Ref\8.0.29\ref/net8.0/System.Diagnostics.TextWriterTraceListener.dll
                 Private = 'false'
             C:\Program Files\dotnet\packs\Microsoft.NETCore.App.Ref\8.0.29\ref/net8.0/System.Diagnostics.Tools.dll
                 Private = 'false'
             C:\Program Files\dotnet\packs\Microsoft.NETCore.App.Ref\8.0.29\ref/net8.0/System.Diagnostics.TraceSource.dll
                 Private = 'false'
             C:\Program Files\dotnet\packs\Microsoft.NETCore.App.Ref\8.0.29\ref/net8.0/System.Diagnostics.Tracing.dll
                 Private = 'false'
             C:\Program Files\dotnet\packs\Microsoft.NETCore.App.Ref\8.0.29\ref/net8.0/System.Drawing.Primitives.dll
                 Private = 'false'
             C:\Program Files\dotnet\packs\Microsoft.NETCore.App.Ref\8.0.29\ref/net8.0/System.Drawing.dll
                 Private = 'false'
             C:\Program Files\dotnet\packs\Microsoft.NETCore.App.Ref\8.0.29\ref/net8.0/System.Dynamic.Runtime.dll
                 Private = 'false'
             C:\Program Files\dotnet\packs\Microsoft.NETCore.App.Ref\8.0.29\ref/net8.0/System.Formats.Asn1.dll
                 Private = 'false'
             C:\Program Files\dotnet\packs\Microsoft.NETCore.App.Ref\8.0.29\ref/net8.0/System.Formats.Tar.dll
                 Private = 'false'
             C:\Program Files\dotnet\packs\Microsoft.NETCore.App.Ref\8.0.29\ref/net8.0/System.Globalization.Calendars.dll
                 Private = 'false'
             C:\Program Files\dotnet\packs\Microsoft.NETCore.App.Ref\8.0.29\ref/net8.0/System.Globalization.Extensions.dll
                 Private = 'false'
             C:\Program Files\dotnet\packs\Microsoft.NETCore.App.Ref\8.0.29\ref/net8.0/System.Globalization.dll
                 Private = 'false'
             C:\Program Files\dotnet\packs\Microsoft.NETCore.App.Ref\8.0.29\ref/net8.0/System.IO.Compression.Brotli.dll
                 Private = 'false'
             C:\Program Files\dotnet\packs\Microsoft.NETCore.App.Ref\8.0.29\ref/net8.0/System.IO.Compression.FileSystem.dll
                 Private = 'false'
             C:\Program Files\dotnet\packs\Microsoft.NETCore.App.Ref\8.0.29\ref/net8.0/System.IO.Compression.ZipFile.dll
                 Private = 'false'
             C:\Program Files\dotnet\packs\Microsoft.NETCore.App.Ref\8.0.29\ref/net8.0/System.IO.Compression.dll
                 Private = 'false'
             C:\Program Files\dotnet\packs\Microsoft.NETCore.App.Ref\8.0.29\ref/net8.0/System.IO.FileSystem.AccessControl.dll
                 Private = 'false'
             C:\Program Files\dotnet\packs\Microsoft.NETCore.App.Ref\8.0.29\ref/net8.0/System.IO.FileSystem.DriveInfo.dll
                 Private = 'false'
             C:\Program Files\dotnet\packs\Microsoft.NETCore.App.Ref\8.0.29\ref/net8.0/System.IO.FileSystem.Primitives.dll
                 Private = 'false'
             C:\Program Files\dotnet\packs\Microsoft.NETCore.App.Ref\8.0.29\ref/net8.0/System.IO.FileSystem.Watcher.dll
                 Private = 'false'
             C:\Program Files\dotnet\packs\Microsoft.NETCore.App.Ref\8.0.29\ref/net8.0/System.IO.FileSystem.dll
                 Private = 'false'
             C:\Program Files\dotnet\packs\Microsoft.NETCore.App.Ref\8.0.29\ref/net8.0/System.IO.IsolatedStorage.dll
                 Private = 'false'
             C:\Program Files\dotnet\packs\Microsoft.NETCore.App.Ref\8.0.29\ref/net8.0/System.IO.MemoryMappedFiles.dll
                 Private = 'false'
             C:\Program Files\dotnet\packs\Microsoft.NETCore.App.Ref\8.0.29\ref/net8.0/System.IO.Pipes.AccessControl.dll
                 Private = 'false'
             C:\Program Files\dotnet\packs\Microsoft.NETCore.App.Ref\8.0.29\ref/net8.0/System.IO.Pipes.dll
                 Private = 'false'
             C:\Program Files\dotnet\packs\Microsoft.NETCore.App.Ref\8.0.29\ref/net8.0/System.IO.UnmanagedMemoryStream.dll
                 Private = 'false'
             C:\Program Files\dotnet\packs\Microsoft.NETCore.App.Ref\8.0.29\ref/net8.0/System.IO.dll
                 Private = 'false'
             C:\Program Files\dotnet\packs\Microsoft.NETCore.App.Ref\8.0.29\ref/net8.0/System.Linq.Expressions.dll
                 Private = 'false'
             C:\Program Files\dotnet\packs\Microsoft.NETCore.App.Ref\8.0.29\ref/net8.0/System.Linq.Parallel.dll
                 Private = 'false'
             C:\Program Files\dotnet\packs\Microsoft.NETCore.App.Ref\8.0.29\ref/net8.0/System.Linq.Queryable.dll
                 Private = 'false'
             C:\Program Files\dotnet\packs\Microsoft.NETCore.App.Ref\8.0.29\ref/net8.0/System.Linq.dll
                 Private = 'false'
             C:\Program Files\dotnet\packs\Microsoft.NETCore.App.Ref\8.0.29\ref/net8.0/System.Memory.dll
                 Private = 'false'
             C:\Program Files\dotnet\packs\Microsoft.NETCore.App.Ref\8.0.29\ref/net8.0/System.Net.Http.Json.dll
                 Private = 'false'
             C:\Program Files\dotnet\packs\Microsoft.NETCore.App.Ref\8.0.29\ref/net8.0/System.Net.Http.dll
                 Private = 'false'
             C:\Program Files\dotnet\packs\Microsoft.NETCore.App.Ref\8.0.29\ref/net8.0/System.Net.HttpListener.dll
                 Private = 'false'
             C:\Program Files\dotnet\packs\Microsoft.NETCore.App.Ref\8.0.29\ref/net8.0/System.Net.Mail.dll
                 Private = 'false'
             C:\Program Files\dotnet\packs\Microsoft.NETCore.App.Ref\8.0.29\ref/net8.0/System.Net.NameResolution.dll
                 Private = 'false'
             C:\Program Files\dotnet\packs\Microsoft.NETCore.App.Ref\8.0.29\ref/net8.0/System.Net.NetworkInformation.dll
                 Private = 'false'
             C:\Program Files\dotnet\packs\Microsoft.NETCore.App.Ref\8.0.29\ref/net8.0/System.Net.Ping.dll
                 Private = 'false'
             C:\Program Files\dotnet\packs\Microsoft.NETCore.App.Ref\8.0.29\ref/net8.0/System.Net.Primitives.dll
                 Private = 'false'
             C:\Program Files\dotnet\packs\Microsoft.NETCore.App.Ref\8.0.29\ref/net8.0/System.Net.Quic.dll
                 Private = 'false'
             C:\Program Files\dotnet\packs\Microsoft.NETCore.App.Ref\8.0.29\ref/net8.0/System.Net.Requests.dll
                 Private = 'false'
             C:\Program Files\dotnet\packs\Microsoft.NETCore.App.Ref\8.0.29\ref/net8.0/System.Net.Security.dll
                 Private = 'false'
             C:\Program Files\dotnet\packs\Microsoft.NETCore.App.Ref\8.0.29\ref/net8.0/System.Net.ServicePoint.dll
                 Private = 'false'
             C:\Program Files\dotnet\packs\Microsoft.NETCore.App.Ref\8.0.29\ref/net8.0/System.Net.Sockets.dll
                 Private = 'false'
             C:\Program Files\dotnet\packs\Microsoft.NETCore.App.Ref\8.0.29\ref/net8.0/System.Net.WebClient.dll
                 Private = 'false'
             C:\Program Files\dotnet\packs\Microsoft.NETCore.App.Ref\8.0.29\ref/net8.0/System.Net.WebHeaderCollection.dll
                 Private = 'false'
             C:\Program Files\dotnet\packs\Microsoft.NETCore.App.Ref\8.0.29\ref/net8.0/System.Net.WebProxy.dll
                 Private = 'false'
             C:\Program Files\dotnet\packs\Microsoft.NETCore.App.Ref\8.0.29\ref/net8.0/System.Net.WebSockets.Client.dll
                 Private = 'false'
             C:\Program Files\dotnet\packs\Microsoft.NETCore.App.Ref\8.0.29\ref/net8.0/System.Net.WebSockets.dll
                 Private = 'false'
             C:\Program Files\dotnet\packs\Microsoft.NETCore.App.Ref\8.0.29\ref/net8.0/System.Net.dll
                 Private = 'false'
             C:\Program Files\dotnet\packs\Microsoft.NETCore.App.Ref\8.0.29\ref/net8.0/System.Numerics.Vectors.dll
                 Private = 'false'
             C:\Program Files\dotnet\packs\Microsoft.NETCore.App.Ref\8.0.29\ref/net8.0/System.Numerics.dll
                 Private = 'false'
             C:\Program Files\dotnet\packs\Microsoft.NETCore.App.Ref\8.0.29\ref/net8.0/System.ObjectModel.dll
                 Private = 'false'
             C:\Program Files\dotnet\packs\Microsoft.NETCore.App.Ref\8.0.29\ref/net8.0/System.Reflection.DispatchProxy.dll
                 Private = 'false'
             C:\Program Files\dotnet\packs\Microsoft.NETCore.App.Ref\8.0.29\ref/net8.0/System.Reflection.Emit.ILGeneration.dll
                 Private = 'false'
             C:\Program Files\dotnet\packs\Microsoft.NETCore.App.Ref\8.0.29\ref/net8.0/System.Reflection.Emit.Lightweight.dll
                 Private = 'false'
             C:\Program Files\dotnet\packs\Microsoft.NETCore.App.Ref\8.0.29\ref/net8.0/System.Reflection.Emit.dll
                 Private = 'false'
             C:\Program Files\dotnet\packs\Microsoft.NETCore.App.Ref\8.0.29\ref/net8.0/System.Reflection.Extensions.dll
                 Private = 'false'
             C:\Program Files\dotnet\packs\Microsoft.NETCore.App.Ref\8.0.29\ref/net8.0/System.Reflection.Primitives.dll
                 Private = 'false'
             C:\Program Files\dotnet\packs\Microsoft.NETCore.App.Ref\8.0.29\ref/net8.0/System.Reflection.TypeExtensions.dll
                 Private = 'false'
             C:\Program Files\dotnet\packs\Microsoft.NETCore.App.Ref\8.0.29\ref/net8.0/System.Reflection.dll
                 Private = 'false'
             C:\Program Files\dotnet\packs\Microsoft.NETCore.App.Ref\8.0.29\ref/net8.0/System.Resources.Reader.dll
                 Private = 'false'
             C:\Program Files\dotnet\packs\Microsoft.NETCore.App.Ref\8.0.29\ref/net8.0/System.Resources.ResourceManager.dll
                 Private = 'false'
             C:\Program Files\dotnet\packs\Microsoft.NETCore.App.Ref\8.0.29\ref/net8.0/System.Resources.Writer.dll
                 Private = 'false'
             C:\Program Files\dotnet\packs\Microsoft.NETCore.App.Ref\8.0.29\ref/net8.0/System.Runtime.CompilerServices.Unsafe.dll
                 Private = 'false'
             C:\Program Files\dotnet\packs\Microsoft.NETCore.App.Ref\8.0.29\ref/net8.0/System.Runtime.CompilerServices.VisualC.dll
                 Private = 'false'
             C:\Program Files\dotnet\packs\Microsoft.NETCore.App.Ref\8.0.29\ref/net8.0/System.Runtime.Extensions.dll
                 Private = 'false'
             C:\Program Files\dotnet\packs\Microsoft.NETCore.App.Ref\8.0.29\ref/net8.0/System.Runtime.Handles.dll
                 Private = 'false'
             C:\Program Files\dotnet\packs\Microsoft.NETCore.App.Ref\8.0.29\ref/net8.0/System.Runtime.InteropServices.JavaScript.dll
                 Private = 'false'
             C:\Program Files\dotnet\packs\Microsoft.NETCore.App.Ref\8.0.29\ref/net8.0/System.Runtime.InteropServices.RuntimeInformation.dll
                 Private = 'false'
             C:\Program Files\dotnet\packs\Microsoft.NETCore.App.Ref\8.0.29\ref/net8.0/System.Runtime.InteropServices.dll
                 Private = 'false'
             C:\Program Files\dotnet\packs\Microsoft.NETCore.App.Ref\8.0.29\ref/net8.0/System.Runtime.Intrinsics.dll
                 Private = 'false'
             C:\Program Files\dotnet\packs\Microsoft.NETCore.App.Ref\8.0.29\ref/net8.0/System.Runtime.Loader.dll
                 Private = 'false'
             C:\Program Files\dotnet\packs\Microsoft.NETCore.App.Ref\8.0.29\ref/net8.0/System.Runtime.Numerics.dll
                 Private = 'false'
             C:\Program Files\dotnet\packs\Microsoft.NETCore.App.Ref\8.0.29\ref/net8.0/System.Runtime.Serialization.Formatters.dll
                 Private = 'false'
             C:\Program Files\dotnet\packs\Microsoft.NETCore.App.Ref\8.0.29\ref/net8.0/System.Runtime.Serialization.Json.dll
                 Private = 'false'
             C:\Program Files\dotnet\packs\Microsoft.NETCore.App.Ref\8.0.29\ref/net8.0/System.Runtime.Serialization.Primitives.dll
                 Private = 'false'
             C:\Program Files\dotnet\packs\Microsoft.NETCore.App.Ref\8.0.29\ref/net8.0/System.Runtime.Serialization.Xml.dll
                 Private = 'false'
             C:\Program Files\dotnet\packs\Microsoft.NETCore.App.Ref\8.0.29\ref/net8.0/System.Runtime.Serialization.dll
                 Private = 'false'
             C:\Program Files\dotnet\packs\Microsoft.NETCore.App.Ref\8.0.29\ref/net8.0/System.Runtime.dll
                 Private = 'false'
             C:\Program Files\dotnet\packs\Microsoft.NETCore.App.Ref\8.0.29\ref/net8.0/System.Security.AccessControl.dll
                 Private = 'false'
             C:\Program Files\dotnet\packs\Microsoft.NETCore.App.Ref\8.0.29\ref/net8.0/System.Security.Claims.dll
                 Private = 'false'
             C:\Program Files\dotnet\packs\Microsoft.NETCore.App.Ref\8.0.29\ref/net8.0/System.Security.Cryptography.Algorithms.dll
                 Private = 'false'
             C:\Program Files\dotnet\packs\Microsoft.NETCore.App.Ref\8.0.29\ref/net8.0/System.Security.Cryptography.Cng.dll
                 Private = 'false'
             C:\Program Files\dotnet\packs\Microsoft.NETCore.App.Ref\8.0.29\ref/net8.0/System.Security.Cryptography.Csp.dll
                 Private = 'false'
             C:\Program Files\dotnet\packs\Microsoft.NETCore.App.Ref\8.0.29\ref/net8.0/System.Security.Cryptography.Encoding.dll
                 Private = 'false'
             C:\Program Files\dotnet\packs\Microsoft.NETCore.App.Ref\8.0.29\ref/net8.0/System.Security.Cryptography.OpenSsl.dll
                 Private = 'false'
             C:\Program Files\dotnet\packs\Microsoft.NETCore.App.Ref\8.0.29\ref/net8.0/System.Security.Cryptography.Primitives.dll
                 Private = 'false'
             C:\Program Files\dotnet\packs\Microsoft.NETCore.App.Ref\8.0.29\ref/net8.0/System.Security.Cryptography.X509Certificates.dll
                 Private = 'false'
             C:\Program Files\dotnet\packs\Microsoft.NETCore.App.Ref\8.0.29\ref/net8.0/System.Security.Cryptography.dll
                 Private = 'false'
             C:\Program Files\dotnet\packs\Microsoft.NETCore.App.Ref\8.0.29\ref/net8.0/System.Security.Principal.Windows.dll
                 Private = 'false'
             C:\Program Files\dotnet\packs\Microsoft.NETCore.App.Ref\8.0.29\ref/net8.0/System.Security.Principal.dll
                 Private = 'false'
             C:\Program Files\dotnet\packs\Microsoft.NETCore.App.Ref\8.0.29\ref/net8.0/System.Security.SecureString.dll
                 Private = 'false'
             C:\Program Files\dotnet\packs\Microsoft.NETCore.App.Ref\8.0.29\ref/net8.0/System.Security.dll
                 Private = 'false'
             C:\Program Files\dotnet\packs\Microsoft.NETCore.App.Ref\8.0.29\ref/net8.0/System.ServiceModel.Web.dll
                 Private = 'false'
             C:\Program Files\dotnet\packs\Microsoft.NETCore.App.Ref\8.0.29\ref/net8.0/System.ServiceProcess.dll
                 Private = 'false'
             C:\Program Files\dotnet\packs\Microsoft.NETCore.App.Ref\8.0.29\ref/net8.0/System.Text.Encoding.CodePages.dll
                 Private = 'false'
             C:\Program Files\dotnet\packs\Microsoft.NETCore.App.Ref\8.0.29\ref/net8.0/System.Text.Encoding.Extensions.dll
                 Private = 'false'
             C:\Program Files\dotnet\packs\Microsoft.NETCore.App.Ref\8.0.29\ref/net8.0/System.Text.Encoding.dll
                 Private = 'false'
             C:\Program Files\dotnet\packs\Microsoft.NETCore.App.Ref\8.0.29\ref/net8.0/System.Text.Encodings.Web.dll
                 Private = 'false'
             C:\Program Files\dotnet\packs\Microsoft.NETCore.App.Ref\8.0.29\ref/net8.0/System.Text.Json.dll
                 Private = 'false'
             C:\Program Files\dotnet\packs\Microsoft.NETCore.App.Ref\8.0.29\ref/net8.0/System.Text.RegularExpressions.dll
                 Private = 'false'
             C:\Program Files\dotnet\packs\Microsoft.NETCore.App.Ref\8.0.29\ref/net8.0/System.Threading.Channels.dll
                 Private = 'false'
             C:\Program Files\dotnet\packs\Microsoft.NETCore.App.Ref\8.0.29\ref/net8.0/System.Threading.Overlapped.dll
                 Private = 'false'
             C:\Program Files\dotnet\packs\Microsoft.NETCore.App.Ref\8.0.29\ref/net8.0/System.Threading.Tasks.Dataflow.dll
                 Private = 'false'
             C:\Program Files\dotnet\packs\Microsoft.NETCore.App.Ref\8.0.29\ref/net8.0/System.Threading.Tasks.Extensions.dll
                 Private = 'false'
             C:\Program Files\dotnet\packs\Microsoft.NETCore.App.Ref\8.0.29\ref/net8.0/System.Threading.Tasks.Parallel.dll
                 Private = 'false'
             C:\Program Files\dotnet\packs\Microsoft.NETCore.App.Ref\8.0.29\ref/net8.0/System.Threading.Tasks.dll
                 Private = 'false'
             C:\Program Files\dotnet\packs\Microsoft.NETCore.App.Ref\8.0.29\ref/net8.0/System.Threading.Thread.dll
                 Private = 'false'
             C:\Program Files\dotnet\packs\Microsoft.NETCore.App.Ref\8.0.29\ref/net8.0/System.Threading.ThreadPool.dll
                 Private = 'false'
             C:\Program Files\dotnet\packs\Microsoft.NETCore.App.Ref\8.0.29\ref/net8.0/System.Threading.Timer.dll
                 Private = 'false'
             C:\Program Files\dotnet\packs\Microsoft.NETCore.App.Ref\8.0.29\ref/net8.0/System.Threading.dll
                 Private = 'false'
             C:\Program Files\dotnet\packs\Microsoft.NETCore.App.Ref\8.0.29\ref/net8.0/System.Transactions.Local.dll
                 Private = 'false'
             C:\Program Files\dotnet\packs\Microsoft.NETCore.App.Ref\8.0.29\ref/net8.0/System.Transactions.dll
                 Private = 'false'
             C:\Program Files\dotnet\packs\Microsoft.NETCore.App.Ref\8.0.29\ref/net8.0/System.ValueTuple.dll
                 Private = 'false'
             C:\Program Files\dotnet\packs\Microsoft.NETCore.App.Ref\8.0.29\ref/net8.0/System.Web.HttpUtility.dll
                 Private = 'false'
             C:\Program Files\dotnet\packs\Microsoft.NETCore.App.Ref\8.0.29\ref/net8.0/System.Web.dll
                 Private = 'false'
             C:\Program Files\dotnet\packs\Microsoft.NETCore.App.Ref\8.0.29\ref/net8.0/System.Windows.dll
                 Private = 'false'
             C:\Program Files\dotnet\packs\Microsoft.NETCore.App.Ref\8.0.29\ref/net8.0/System.Xml.Linq.dll
                 Private = 'false'
             C:\Program Files\dotnet\packs\Microsoft.NETCore.App.Ref\8.0.29\ref/net8.0/System.Xml.ReaderWriter.dll
                 Private = 'false'
             C:\Program Files\dotnet\packs\Microsoft.NETCore.App.Ref\8.0.29\ref/net8.0/System.Xml.Serialization.dll
                 Private = 'false'
             C:\Program Files\dotnet\packs\Microsoft.NETCore.App.Ref\8.0.29\ref/net8.0/System.Xml.XDocument.dll
                 Private = 'false'
             C:\Program Files\dotnet\packs\Microsoft.NETCore.App.Ref\8.0.29\ref/net8.0/System.Xml.XPath.XDocument.dll
                 Private = 'false'
             C:\Program Files\dotnet\packs\Microsoft.NETCore.App.Ref\8.0.29\ref/net8.0/System.Xml.XPath.dll
                 Private = 'false'
             C:\Program Files\dotnet\packs\Microsoft.NETCore.App.Ref\8.0.29\ref/net8.0/System.Xml.XmlDocument.dll
                 Private = 'false'
             C:\Program Files\dotnet\packs\Microsoft.NETCore.App.Ref\8.0.29\ref/net8.0/System.Xml.XmlSerializer.dll
                 Private = 'false'
             C:\Program Files\dotnet\packs\Microsoft.NETCore.App.Ref\8.0.29\ref/net8.0/System.Xml.dll
                 Private = 'false'
             C:\Program Files\dotnet\packs\Microsoft.NETCore.App.Ref\8.0.29\ref/net8.0/System.dll
                 Private = 'false'
             C:\Program Files\dotnet\packs\Microsoft.NETCore.App.Ref\8.0.29\ref/net8.0/WindowsBase.dll
                 Private = 'false'
             C:\Program Files\dotnet\packs\Microsoft.NETCore.App.Ref\8.0.29\ref/net8.0/mscorlib.dll
                 Private = 'false'
             C:\Program Files\dotnet\packs\Microsoft.NETCore.App.Ref\8.0.29\ref/net8.0/netstandard.dll
                 Private = 'false'
             C:\Users\Tony\.nuget\packages\microsoft.windows.sdk.net.ref\10.0.19041.56\lib/net8.0/Microsoft.Windows.SDK.NET.dll
                 Private = 'false'
             C:\Users\Tony\.nuget\packages\microsoft.windows.sdk.net.ref\10.0.19041.56\lib/net8.0/WinRT.Runtime.dll
                 Private = 'false'
         AssemblyFiles:
             C:\Users\Tony\.gemini\antigravity\scratch\marksmith\MdToPdf.Core\bin\Debug\net8.0\MdToPdf.Core.dll
         CandidateAssemblyFiles:
         TargetFrameworkDirectories:
             
         InstalledAssemblyTables:
         IgnoreInstalledAssemblyTable:
             False
         SearchPaths:
             {CandidateAssemblyFiles}
             {HintPathFromItem}
             {TargetFrameworkDirectory}
             {RawFileName}
         AllowedAssemblyExtensions:
             .winmd
             .dll
             .exe
         AllowedRelatedFileExtensions:
             .pdb
             .xml
             .pri
             .dll.config
             .exe.config
         AppConfigFile:
             
         AutoUnify:
             True
         CopyLocalDependenciesWhenParentReferenceInGac:
             True
         FindDependencies:
             True
         TargetProcessorArchitecture:
             amd64
         StateFile:
             obj\x64\Debug\net8.0-windows10.0.19041.0\win-x64\MdToPdf.csproj.AssemblyReference.cache
         InstalledAssemblySubsetTables:
         IgnoreInstalledAssemblySubsetTable:
             False
         TargetFrameworkSubsets:
         FullTargetFrameworkSubsetNames:
             Full
         ProfileName:
             
         FullFrameworkFolders:
         LatestTargetFrameworkDirectories:
         ProfileTablesLocation:
         Primary reference "MdToPdf.Core, Version=1.0.0.0, Culture=neutral, PublicKeyToken=null".
             Resolved file path is "C:\Users\Tony\.gemini\antigravity\scratch\marksmith\MdToPdf.Core\bin\Debug\net8.0\MdToPdf.Core.dll".
             Reference found at search path location "C:\Users\Tony\.gemini\antigravity\scratch\marksmith\MdToPdf.Core\bin\Debug\net8.0\MdToPdf.Core.dll".
             Found related file "C:\Users\Tony\.gemini\antigravity\scratch\marksmith\MdToPdf.Core\bin\Debug\net8.0\MdToPdf.Core.pdb".
         Unified primary reference "Microsoft.Web.WebView2.Core.Projection, Version=1.0.2903.40, Culture=neutral, PublicKeyToken=2a8ab48044d2601e".
             Using this version instead of original version "1.0.2651.64" in "C:\Users\Tony\.nuget\packages\microsoft.windowsappsdk\1.6.250108002\lib\net6.0-windows10.0.18362.0\Microsoft.WinUI.dll" because AutoUnify is 'true'.
             Resolved file path is "C:\Users\Tony\.nuget\packages\microsoft.web.webview2\1.0.2903.40\lib_manual\net8.0-windows10.0.17763.0\Microsoft.Web.WebView2.Core.Projection.dll".
             Reference found at search path location "{RawFileName}".
         Primary reference "CommunityToolkit.Mvvm, Version=8.3.0.0, Culture=neutral, PublicKeyToken=4aff67a105548ee2".
             Resolved file path is "C:\Users\Tony\.nuget\packages\communitytoolkit.mvvm\8.3.2\lib\net8.0-windows10.0.17763\CommunityToolkit.Mvvm.dll".
             Reference found at search path location "{HintPathFromItem}".
             Found related file "C:\Users\Tony\.nuget\packages\communitytoolkit.mvvm\8.3.2\lib\net8.0-windows10.0.17763\CommunityToolkit.Mvvm.pdb".
             Found related file "C:\Users\Tony\.nuget\packages\communitytoolkit.mvvm\8.3.2\lib\net8.0-windows10.0.17763\CommunityToolkit.Mvvm.xml".
             This reference is not "CopyLocal" because at least one source item had "Private" set to "false" and no source items had "Private" set to "true".
         Primary reference "DocumentFormat.OpenXml, Version=3.1.0.0, Culture=neutral, PublicKeyToken=8fb06cb64d019a17".
             Resolved file path is "C:\Users\Tony\.nuget\packages\documentformat.openxml\3.1.0\lib\net8.0\DocumentFormat.OpenXml.dll".
             Reference found at search path location "{HintPathFromItem}".
             Found related file "C:\Users\Tony\.nuget\packages\documentformat.openxml\3.1.0\lib\net8.0\DocumentFormat.OpenXml.xml".
             This reference is not "CopyLocal" because at least one source item had "Private" set to "false" and no source items had "Private" set to "true".
         Primary reference "DocumentFormat.OpenXml.Framework, Version=3.1.0.0, Culture=neutral, PublicKeyToken=8fb06cb64d019a17".
             Resolved file path is "C:\Users\Tony\.nuget\packages\documentformat.openxml.framework\3.1.0\lib\net8.0\DocumentFormat.OpenXml.Framework.dll".
             Reference found at search path location "{HintPathFromItem}".
             Found related file "C:\Users\Tony\.nuget\packages\documentformat.openxml.framework\3.1.0\lib\net8.0\DocumentFormat.OpenXml.Framework.xml".
             This reference is not "CopyLocal" because at least one source item had "Private" set to "false" and no source items had "Private" set to "true".
         Primary reference "ExCSS, Version=4.3.0.0, Culture=neutral, PublicKeyToken=bdbe16be9b936b9a".
             Resolved file path is "C:\Users\Tony\.nuget\packages\excss\4.3.0\lib\net8.0\ExCSS.dll".
             Reference found at search path location "{HintPathFromItem}".
             This reference is not "CopyLocal" because at least one source item had "Private" set to "false" and no source items had "Private" set to "true".
         Primary reference "H.GeneratedIcons.System.Drawing, Version=2.0.0.0, Culture=neutral, PublicKeyToken=b9e9fbe9b6908adc".
             Resolved file path is "C:\Users\Tony\.nuget\packages\h.generatedicons.system.drawing\2.3.0\lib\net8.0\H.GeneratedIcons.System.Drawing.dll".
             Reference found at search path location "{HintPathFromItem}".
             Found related file "C:\Users\Tony\.nuget\packages\h.generatedicons.system.drawing\2.3.0\lib\net8.0\H.GeneratedIcons.System.Drawing.xml".
             This reference is not "CopyLocal" because at least one source item had "Private" set to "false" and no source items had "Private" set to "true".
         Primary reference "H.NotifyIcon, Version=2.0.0.0, Culture=neutral, PublicKeyToken=b9e9fbe9b6908adc".
             Resolved file path is "C:\Users\Tony\.nuget\packages\h.notifyicon\2.3.0\lib\net8.0\H.NotifyIcon.dll".
             Reference found at search path location "{HintPathFromItem}".
             Found related file "C:\Users\Tony\.nuget\packages\h.notifyicon\2.3.0\lib\net8.0\H.NotifyIcon.xml".
             This reference is not "CopyLocal" because at least one source item had "Private" set to "false" and no source items had "Private" set to "true".
         Primary reference "H.NotifyIcon.WinUI, Version=2.0.0.0, Culture=neutral, PublicKeyToken=b9e9fbe9b6908adc".
             Resolved file path is "C:\Users\Tony\.nuget\packages\h.notifyicon.winui\2.3.0\lib\net8.0-windows10.0.17763\H.NotifyIcon.WinUI.dll".
             Reference found at search path location "{HintPathFromItem}".
             Found related file "C:\Users\Tony\.nuget\packages\h.notifyicon.winui\2.3.0\lib\net8.0-windows10.0.17763\H.NotifyIcon.WinUI.xml".
             This reference is not "CopyLocal" because at least one source item had "Private" set to "false" and no source items had "Private" set to "true".
         Primary reference "HarfBuzzSharp, Version=1.0.0.0, Culture=neutral, PublicKeyToken=0738eb9f132ed756".
             Resolved file path is "C:\Users\Tony\.nuget\packages\harfbuzzsharp\7.3.0.3\lib\net6.0\HarfBuzzSharp.dll".
             Reference found at search path location "{HintPathFromItem}".
             Found related file "C:\Users\Tony\.nuget\packages\harfbuzzsharp\7.3.0.3\lib\net6.0\HarfBuzzSharp.pdb".
             Found related file "C:\Users\Tony\.nuget\packages\harfbuzzsharp\7.3.0.3\lib\net6.0\HarfBuzzSharp.xml".
             This reference is not "CopyLocal" because at least one source item had "Private" set to "false" and no source items had "Private" set to "true".
         Primary reference "Markdig, Version=0.37.0.0, Culture=neutral, PublicKeyToken=null".
             Resolved file path is "C:\Users\Tony\.nuget\packages\markdig\0.37.0\lib\net8.0\Markdig.dll".
             Reference found at search path location "{HintPathFromItem}".
             Found related file "C:\Users\Tony\.nuget\packages\markdig\0.37.0\lib\net8.0\Markdig.xml".
             This reference is not "CopyLocal" because at least one source item had "Private" set to "false" and no source items had "Private" set to "true".
         Primary reference "Microsoft.Win32.SystemEvents, Version=9.0.0.0, Culture=neutral, PublicKeyToken=cc7b13ffcd2ddd51".
             Resolved file path is "C:\Users\Tony\.nuget\packages\microsoft.win32.systemevents\9.0.1\lib\net8.0\Microsoft.Win32.SystemEvents.dll".
             Reference found at search path location "{HintPathFromItem}".
             Found related file "C:\Users\Tony\.nuget\packages\microsoft.win32.systemevents\9.0.1\lib\net8.0\Microsoft.Win32.SystemEvents.xml".
             This reference is not "CopyLocal" because at least one source item had "Private" set to "false" and no source items had "Private" set to "true".
         Primary reference "Microsoft.InteractiveExperiences.Projection, Version=10.0.0.0, Culture=neutral, PublicKeyToken=31bf3856ad364e35".
             Resolved file path is "C:\Users\Tony\.nuget\packages\microsoft.windowsappsdk\1.6.250108002\lib\net6.0-windows10.0.18362.0\Microsoft.InteractiveExperiences.Projection.dll".
             Reference found at search path location "{HintPathFromItem}".
             Found related file "C:\Users\Tony\.nuget\packages\microsoft.windowsappsdk\1.6.250108002\lib\net6.0-windows10.0.18362.0\Microsoft.InteractiveExperiences.Projection.xml".
             This reference is not "CopyLocal" because at least one source item had "Private" set to "false" and no source items had "Private" set to "true".
         Primary reference "Microsoft.WinUI, Version=3.0.0.0, Culture=neutral, PublicKeyToken=de31ebe4ad15742b".
             Resolved file path is "C:\Users\Tony\.nuget\packages\microsoft.windowsappsdk\1.6.250108002\lib\net6.0-windows10.0.18362.0\Microsoft.WinUI.dll".
             Reference found at search path location "{HintPathFromItem}".
             Found related file "C:\Users\Tony\.nuget\packages\microsoft.windowsappsdk\1.6.250108002\lib\net6.0-windows10.0.18362.0\Microsoft.WinUI.xml".
             This reference is not "CopyLocal" because at least one source item had "Private" set to "false" and no source items had "Private" set to "true".
         Primary reference "Microsoft.Windows.AppLifecycle.Projection, Version=1.6.0.0, Culture=neutral, PublicKeyToken=61733769cca94f40".
             Resolved file path is "C:\Users\Tony\.nuget\packages\microsoft.windowsappsdk\1.6.250108002\lib\net6.0-windows10.0.18362.0\Microsoft.Windows.AppLifecycle.Projection.dll".
             Reference found at search path location "{HintPathFromItem}".
             Found related file "C:\Users\Tony\.nuget\packages\microsoft.windowsappsdk\1.6.250108002\lib\net6.0-windows10.0.18362.0\Microsoft.Windows.AppLifecycle.Projection.xml".
             This reference is not "CopyLocal" because at least one source item had "Private" set to "false" and no source items had "Private" set to "true".
         Primary reference "Microsoft.Windows.AppNotifications.Builder.Projection, Version=1.6.0.0, Culture=neutral, PublicKeyToken=61733769cca94f40".
             Resolved file path is "C:\Users\Tony\.nuget\packages\microsoft.windowsappsdk\1.6.250108002\lib\net6.0-windows10.0.18362.0\Microsoft.Windows.AppNotifications.Builder.Projection.dll".
             Reference found at search path location "{HintPathFromItem}".
             Found related file "C:\Users\Tony\.nuget\packages\microsoft.windowsappsdk\1.6.250108002\lib\net6.0-windows10.0.18362.0\Microsoft.Windows.AppNotifications.Builder.Projection.xml".
             This reference is not "CopyLocal" because at least one source item had "Private" set to "false" and no source items had "Private" set to "true".
         Primary reference "Microsoft.Windows.AppNotifications.Projection, Version=1.6.0.0, Culture=neutral, PublicKeyToken=61733769cca94f40".
             Resolved file path is "C:\Users\Tony\.nuget\packages\microsoft.windowsappsdk\1.6.250108002\lib\net6.0-windows10.0.18362.0\Microsoft.Windows.AppNotifications.Projection.dll".
             Reference found at search path location "{HintPathFromItem}".
             Found related file "C:\Users\Tony\.nuget\packages\microsoft.windowsappsdk\1.6.250108002\lib\net6.0-windows10.0.18362.0\Microsoft.Windows.AppNotifications.Projection.xml".
             This reference is not "CopyLocal" because at least one source item had "Private" set to "false" and no source items had "Private" set to "true".
         Primary reference "Microsoft.Windows.ApplicationModel.DynamicDependency.Projection, Version=1.6.0.0, Culture=neutral, PublicKeyToken=61733769cca94f40".
             Resolved file path is "C:\Users\Tony\.nuget\packages\microsoft.windowsappsdk\1.6.250108002\lib\net6.0-windows10.0.18362.0\Microsoft.Windows.ApplicationModel.DynamicDependency.Projection.dll".
             Reference found at search path location "{HintPathFromItem}".
             Found related file "C:\Users\Tony\.nuget\packages\microsoft.windowsappsdk\1.6.250108002\lib\net6.0-windows10.0.18362.0\Microsoft.Windows.ApplicationModel.DynamicDependency.Projection.xml".
             This reference is not "CopyLocal" because at least one source item had "Private" set to "false" and no source items had "Private" set to "true".
         Primary reference "Microsoft.Windows.ApplicationModel.Resources.Projection, Version=1.6.0.0, Culture=neutral, PublicKeyToken=61733769cca94f40".
             Resolved file path is "C:\Users\Tony\.nuget\packages\microsoft.windowsappsdk\1.6.250108002\lib\net6.0-windows10.0.18362.0\Microsoft.Windows.ApplicationModel.Resources.Projection.dll".
             Reference found at search path location "{HintPathFromItem}".
             Found related file "C:\Users\Tony\.nuget\packages\microsoft.windowsappsdk\1.6.250108002\lib\net6.0-windows10.0.18362.0\Microsoft.Windows.ApplicationModel.Resources.Projection.xml".
             This reference is not "CopyLocal" because at least one source item had "Private" set to "false" and no source items had "Private" set to "true".
         Primary reference "Microsoft.Windows.ApplicationModel.WindowsAppRuntime.Projection, Version=1.6.0.0, Culture=neutral, PublicKeyToken=61733769cca94f40".
             Resolved file path is "C:\Users\Tony\.nuget\packages\microsoft.windowsappsdk\1.6.250108002\lib\net6.0-windows10.0.18362.0\Microsoft.Windows.ApplicationModel.WindowsAppRuntime.Projection.dll".
             Reference found at search path location "{HintPathFromItem}".
             Found related file "C:\Users\Tony\.nuget\packages\microsoft.windowsappsdk\1.6.250108002\lib\net6.0-windows10.0.18362.0\Microsoft.Windows.ApplicationModel.WindowsAppRuntime.Projection.xml".
             This reference is not "CopyLocal" because at least one source item had "Private" set to "false" and no source items had "Private" set to "true".
         Primary reference "Microsoft.Windows.Management.Deployment.Projection, Version=1.6.0.0, Culture=neutral, PublicKeyToken=61733769cca94f40".
             Resolved file path is "C:\Users\Tony\.nuget\packages\microsoft.windowsappsdk\1.6.250108002\lib\net6.0-windows10.0.18362.0\Microsoft.Windows.Management.Deployment.Projection.dll".
             Reference found at search path location "{HintPathFromItem}".
             Found related file "C:\Users\Tony\.nuget\packages\microsoft.windowsappsdk\1.6.250108002\lib\net6.0-windows10.0.18362.0\Microsoft.Windows.Management.Deployment.Projection.xml".
             This reference is not "CopyLocal" because at least one source item had "Private" set to "false" and no source items had "Private" set to "true".
         Primary reference "Microsoft.Windows.PushNotifications.Projection, Version=1.6.0.0, Culture=neutral, PublicKeyToken=61733769cca94f40".
             Resolved file path is "C:\Users\Tony\.nuget\packages\microsoft.windowsappsdk\1.6.250108002\lib\net6.0-windows10.0.18362.0\Microsoft.Windows.PushNotifications.Projection.dll".
             Reference found at search path location "{HintPathFromItem}".
             Found related file "C:\Users\Tony\.nuget\packages\microsoft.windowsappsdk\1.6.250108002\lib\net6.0-windows10.0.18362.0\Microsoft.Windows.PushNotifications.Projection.xml".
             This reference is not "CopyLocal" because at least one source item had "Private" set to "false" and no source items had "Private" set to "true".
         Primary reference "Microsoft.Windows.Security.AccessControl.Projection, Version=1.6.0.0, Culture=neutral, PublicKeyToken=61733769cca94f40".
             Resolved file path is "C:\Users\Tony\.nuget\packages\microsoft.windowsappsdk\1.6.250108002\lib\net6.0-windows10.0.18362.0\Microsoft.Windows.Security.AccessControl.Projection.dll".
             Reference found at search path location "{HintPathFromItem}".
             Found related file "C:\Users\Tony\.nuget\packages\microsoft.windowsappsdk\1.6.250108002\lib\net6.0-windows10.0.18362.0\Microsoft.Windows.Security.AccessControl.Projection.xml".
             This reference is not "CopyLocal" because at least one source item had "Private" set to "false" and no source items had "Private" set to "true".
         Primary reference "Microsoft.Windows.Storage.Projection, Version=1.6.0.0, Culture=neutral, PublicKeyToken=61733769cca94f40".
             Resolved file path is "C:\Users\Tony\.nuget\packages\microsoft.windowsappsdk\1.6.250108002\lib\net6.0-windows10.0.18362.0\Microsoft.Windows.Storage.Projection.dll".
             Reference found at search path location "{HintPathFromItem}".
             Found related file "C:\Users\Tony\.nuget\packages\microsoft.windowsappsdk\1.6.250108002\lib\net6.0-windows10.0.18362.0\Microsoft.Windows.Storage.Projection.xml".
             This reference is not "CopyLocal" because at least one source item had "Private" set to "false" and no source items had "Private" set to "true".
         Primary reference "Microsoft.Windows.System.Power.Projection, Version=1.6.0.0, Culture=neutral, PublicKeyToken=61733769cca94f40".
             Resolved file path is "C:\Users\Tony\.nuget\packages\microsoft.windowsappsdk\1.6.250108002\lib\net6.0-windows10.0.18362.0\Microsoft.Windows.System.Power.Projection.dll".
             Reference found at search path location "{HintPathFromItem}".
             Found related file "C:\Users\Tony\.nuget\packages\microsoft.windowsappsdk\1.6.250108002\lib\net6.0-windows10.0.18362.0\Microsoft.Windows.System.Power.Projection.xml".
             This reference is not "CopyLocal" because at least one source item had "Private" set to "false" and no source items had "Private" set to "true".
         Primary reference "Microsoft.Windows.System.Projection, Version=1.6.0.0, Culture=neutral, PublicKeyToken=61733769cca94f40".
             Resolved file path is "C:\Users\Tony\.nuget\packages\microsoft.windowsappsdk\1.6.250108002\lib\net6.0-windows10.0.18362.0\Microsoft.Windows.System.Projection.dll".
             Reference found at search path location "{HintPathFromItem}".
             Found related file "C:\Users\Tony\.nuget\packages\microsoft.windowsappsdk\1.6.250108002\lib\net6.0-windows10.0.18362.0\Microsoft.Windows.System.Projection.xml".
             This reference is not "CopyLocal" because at least one source item had "Private" set to "false" and no source items had "Private" set to "true".
         Primary reference "Microsoft.Windows.Widgets.Projection, Version=1.0.0.0, Culture=neutral, PublicKeyToken=null".
             Resolved file path is "C:\Users\Tony\.nuget\packages\microsoft.windowsappsdk\1.6.250108002\lib\net6.0-windows10.0.18362.0\Microsoft.Windows.Widgets.Projection.dll".
             Reference found at search path location "{HintPathFromItem}".
             Found related file "C:\Users\Tony\.nuget\packages\microsoft.windowsappsdk\1.6.250108002\lib\net6.0-windows10.0.18362.0\Microsoft.Windows.Widgets.Projection.xml".
             This reference is not "CopyLocal" because at least one source item had "Private" set to "false" and no source items had "Private" set to "true".
         Primary reference "Microsoft.WindowsAppRuntime.Bootstrap.Net, Version=1.6.0.0, Culture=neutral, PublicKeyToken=61733769cca94f40".
             Resolved file path is "C:\Users\Tony\.nuget\packages\microsoft.windowsappsdk\1.6.250108002\lib\net6.0-windows10.0.18362.0\Microsoft.WindowsAppRuntime.Bootstrap.Net.dll".
             Reference found at search path location "{HintPathFromItem}".
             This reference is not "CopyLocal" because at least one source item had "Private" set to "false" and no source items had "Private" set to "true".
         Primary reference "SharpCompress, Version=0.49.1.0, Culture=neutral, PublicKeyToken=afb0a02973931d96".
             Resolved file path is "C:\Users\Tony\.nuget\packages\sharpcompress\0.49.1\lib\net8.0\SharpCompress.dll".
             Reference found at search path location "{HintPathFromItem}".
             This reference is not "CopyLocal" because at least one source item had "Private" set to "false" and no source items had "Private" set to "true".
         Primary reference "ShimSkiaSharp, Version=2.0.0.5, Culture=neutral, PublicKeyToken=dafe96fe6c845a74".
             Resolved file path is "C:\Users\Tony\.nuget\packages\shimskiasharp\2.0.0.5\lib\net8.0\ShimSkiaSharp.dll".
             Reference found at search path location "{HintPathFromItem}".
             This reference is not "CopyLocal" because at least one source item had "Private" set to "false" and no source items had "Private" set to "true".
         Primary reference "SkiaSharp, Version=2.88.0.0, Culture=neutral, PublicKeyToken=0738eb9f132ed756".
             Resolved file path is "C:\Users\Tony\.nuget\packages\skiasharp\2.88.9\lib\net6.0\SkiaSharp.dll".
             Reference found at search path location "{HintPathFromItem}".
             Found related file "C:\Users\Tony\.nuget\packages\skiasharp\2.88.9\lib\net6.0\SkiaSharp.pdb".
             Found related file "C:\Users\Tony\.nuget\packages\skiasharp\2.88.9\lib\net6.0\SkiaSharp.xml".
             This reference is not "CopyLocal" because at least one source item had "Private" set to "false" and no source items had "Private" set to "true".
         Primary reference "SkiaSharp.HarfBuzz, Version=2.88.0.0, Culture=neutral, PublicKeyToken=0738eb9f132ed756".
             Resolved file path is "C:\Users\Tony\.nuget\packages\skiasharp.harfbuzz\2.88.9\lib\net6.0\SkiaSharp.HarfBuzz.dll".
             Reference found at search path location "{HintPathFromItem}".
             Found related file "C:\Users\Tony\.nuget\packages\skiasharp.harfbuzz\2.88.9\lib\net6.0\SkiaSharp.HarfBuzz.pdb".
             Found related file "C:\Users\Tony\.nuget\packages\skiasharp.harfbuzz\2.88.9\lib\net6.0\SkiaSharp.HarfBuzz.xml".
             This reference is not "CopyLocal" because at least one source item had "Private" set to "false" and no source items had "Private" set to "true".
         Primary reference "Svg.Custom, Version=2.0.0.5, Culture=neutral, PublicKeyToken=dafe96fe6c845a74".
             Resolved file path is "C:\Users\Tony\.nuget\packages\svg.custom\2.0.0.5\lib\net8.0\Svg.Custom.dll".
             Reference found at search path location "{HintPathFromItem}".
             This reference is not "CopyLocal" because at least one source item had "Private" set to "false" and no source items had "Private" set to "true".
         Primary reference "Svg.Model, Version=2.0.0.5, Culture=neutral, PublicKeyToken=dafe96fe6c845a74".
             Resolved file path is "C:\Users\Tony\.nuget\packages\svg.model\2.0.0.5\lib\net8.0\Svg.Model.dll".
             Reference found at search path location "{HintPathFromItem}".
             This reference is not "CopyLocal" because at least one source item had "Private" set to "false" and no source items had "Private" set to "true".
         Primary reference "Svg.Skia, Version=2.0.0.5, Culture=neutral, PublicKeyToken=dafe96fe6c845a74".
             Resolved file path is "C:\Users\Tony\.nuget\packages\svg.skia\2.0.0.5\lib\net8.0\Svg.Skia.dll".
             Reference found at search path location "{HintPathFromItem}".
             This reference is not "CopyLocal" because at least one source item had "Private" set to "false" and no source items had "Private" set to "true".
         Unified primary reference "System.Collections.Immutable, Version=9.0.0.0, Culture=neutral, PublicKeyToken=b03f5f7f11d50a3a".
             Using this version instead of original version "8.0.0.0" in "C:\Users\Tony\.nuget\packages\documentformat.openxml.framework\3.1.0\lib\net8.0\DocumentFormat.OpenXml.Framework.dll" because AutoUnify is 'true'.
             Resolved file path is "C:\Users\Tony\.nuget\packages\system.collections.immutable\9.0.1\lib\net8.0\System.Collections.Immutable.dll".
             Reference found at search path location "{HintPathFromItem}".
             Found related file "C:\Users\Tony\.nuget\packages\system.collections.immutable\9.0.1\lib\net8.0\System.Collections.Immutable.xml".
             This reference is not "CopyLocal" because at least one source item had "Private" set to "false" and no source items had "Private" set to "true".
         Primary reference "System.Drawing.Common, Version=9.0.0.0, Culture=neutral, PublicKeyToken=cc7b13ffcd2ddd51".
             Resolved file path is "C:\Users\Tony\.nuget\packages\system.drawing.common\9.0.1\lib\net8.0\System.Drawing.Common.dll".
             Reference found at search path location "{HintPathFromItem}".
             Found related file "C:\Users\Tony\.nuget\packages\system.drawing.common\9.0.1\lib\net8.0\System.Drawing.Common.pdb".
             Found related file "C:\Users\Tony\.nuget\packages\system.drawing.common\9.0.1\lib\net8.0\System.Drawing.Common.xml".
             This reference is not "CopyLocal" because at least one source item had "Private" set to "false" and no source items had "Private" set to "true".
         Primary reference "System.Private.Windows.Core, Version=9.0.0.0, Culture=neutral, PublicKeyToken=b77a5c561934e089".
             Resolved file path is "C:\Users\Tony\.nuget\packages\system.drawing.common\9.0.1\lib\net8.0\System.Private.Windows.Core.dll".
             Reference found at search path location "{HintPathFromItem}".
             Found related file "C:\Users\Tony\.nuget\packages\system.drawing.common\9.0.1\lib\net8.0\System.Private.Windows.Core.xml".
             This reference is not "CopyLocal" because at least one source item had "Private" set to "false" and no source items had "Private" set to "true".
         Primary reference "System.IO.Packaging, Version=8.0.0.0, Culture=neutral, PublicKeyToken=b03f5f7f11d50a3a".
             Resolved file path is "C:\Users\Tony\.nuget\packages\system.io.packaging\8.0.0\lib\net8.0\System.IO.Packaging.dll".
             Reference found at search path location "{HintPathFromItem}".
             Found related file "C:\Users\Tony\.nuget\packages\system.io.packaging\8.0.0\lib\net8.0\System.IO.Packaging.xml".
             This reference is not "CopyLocal" because at least one source item had "Private" set to "false" and no source items had "Private" set to "true".
         Primary reference "System.Reflection.Metadata, Version=9.0.0.0, Culture=neutral, PublicKeyToken=b03f5f7f11d50a3a".
             Resolved file path is "C:\Users\Tony\.nuget\packages\system.reflection.metadata\9.0.1\lib\net8.0\System.Reflection.Metadata.dll".
             Reference found at search path location "{HintPathFromItem}".
             Found related file "C:\Users\Tony\.nuget\packages\system.reflection.metadata\9.0.1\lib\net8.0\System.Reflection.Metadata.xml".
             This reference is not "CopyLocal" because at least one source item had "Private" set to "false" and no source items had "Private" set to "true".
         Primary reference "Microsoft.CSharp, Version=8.0.0.0, Culture=neutral, PublicKeyToken=b03f5f7f11d50a3a".
             Resolved file path is "C:\Program Files\dotnet\packs\Microsoft.NETCore.App.Ref\8.0.29\ref\net8.0\Microsoft.CSharp.dll".
             Reference found at search path location "{RawFileName}".
             This reference is not "CopyLocal" because at least one source item had "Private" set to "false" and no source items had "Private" set to "true".
         Primary reference "Microsoft.VisualBasic.Core, Version=13.0.0.0, Culture=neutral, PublicKeyToken=b03f5f7f11d50a3a".
             Resolved file path is "C:\Program Files\dotnet\packs\Microsoft.NETCore.App.Ref\8.0.29\ref\net8.0\Microsoft.VisualBasic.Core.dll".
             Reference found at search path location "{RawFileName}".
             This reference is not "CopyLocal" because at least one source item had "Private" set to "false" and no source items had "Private" set to "true".
         Primary reference "Microsoft.VisualBasic, Version=10.0.0.0, Culture=neutral, PublicKeyToken=b03f5f7f11d50a3a".
             Resolved file path is "C:\Program Files\dotnet\packs\Microsoft.NETCore.App.Ref\8.0.29\ref\net8.0\Microsoft.VisualBasic.dll".
             Reference found at search path location "{RawFileName}".
             This reference is not "CopyLocal" because at least one source item had "Private" set to "false" and no source items had "Private" set to "true".
         Primary reference "Microsoft.Win32.Primitives, Version=8.0.0.0, Culture=neutral, PublicKeyToken=b03f5f7f11d50a3a".
             Resolved file path is "C:\Program Files\dotnet\packs\Microsoft.NETCore.App.Ref\8.0.29\ref\net8.0\Microsoft.Win32.Primitives.dll".
             Reference found at search path location "{RawFileName}".
             This reference is not "CopyLocal" because at least one source item had "Private" set to "false" and no source items had "Private" set to "true".
         Primary reference "Microsoft.Win32.Registry, Version=8.0.0.0, Culture=neutral, PublicKeyToken=b03f5f7f11d50a3a".
             Resolved file path is "C:\Program Files\dotnet\packs\Microsoft.NETCore.App.Ref\8.0.29\ref\net8.0\Microsoft.Win32.Registry.dll".
             Reference found at search path location "{RawFileName}".
             This reference is not "CopyLocal" because at least one source item had "Private" set to "false" and no source items had "Private" set to "true".
         Primary reference "System.AppContext, Version=8.0.0.0, Culture=neutral, PublicKeyToken=b03f5f7f11d50a3a".
             Resolved file path is "C:\Program Files\dotnet\packs\Microsoft.NETCore.App.Ref\8.0.29\ref\net8.0\System.AppContext.dll".
             Reference found at search path location "{RawFileName}".
             This reference is not "CopyLocal" because at least one source item had "Private" set to "false" and no source items had "Private" set to "true".
         Primary reference "System.Buffers, Version=8.0.0.0, Culture=neutral, PublicKeyToken=cc7b13ffcd2ddd51".
             Resolved file path is "C:\Program Files\dotnet\packs\Microsoft.NETCore.App.Ref\8.0.29\ref\net8.0\System.Buffers.dll".
             Reference found at search path location "{RawFileName}".
             This reference is not "CopyLocal" because at least one source item had "Private" set to "false" and no source items had "Private" set to "true".
         Unified primary reference "System.Collections.Concurrent, Version=8.0.0.0, Culture=neutral, PublicKeyToken=b03f5f7f11d50a3a".
             Using this version instead of original version "6.0.0.0" in "C:\Users\Tony\.nuget\packages\microsoft.windowsappsdk\1.6.250108002\lib\net6.0-windows10.0.18362.0\Microsoft.InteractiveExperiences.Projection.dll" because AutoUnify is 'true'.
             Using this version instead of original version "6.0.0.0" in "C:\Users\Tony\.nuget\packages\microsoft.windowsappsdk\1.6.250108002\lib\net6.0-windows10.0.18362.0\Microsoft.WinUI.dll" because AutoUnify is 'true'.
             Using this version instead of original version "6.0.0.0" in "C:\Users\Tony\.nuget\packages\microsoft.windowsappsdk\1.6.250108002\lib\net6.0-windows10.0.18362.0\Microsoft.Windows.AppLifecycle.Projection.dll" because AutoUnify is 'true'.
             Using this version instead of original version "6.0.0.0" in "C:\Users\Tony\.nuget\packages\microsoft.windowsappsdk\1.6.250108002\lib\net6.0-windows10.0.18362.0\Microsoft.Windows.AppNotifications.Builder.Projection.dll" because AutoUnify is 'true'.
             Using this version instead of original version "6.0.0.0" in "C:\Users\Tony\.nuget\packages\microsoft.windowsappsdk\1.6.250108002\lib\net6.0-windows10.0.18362.0\Microsoft.Windows.AppNotifications.Projection.dll" because AutoUnify is 'true'.
             Using this version instead of original version "6.0.0.0" in "C:\Users\Tony\.nuget\packages\microsoft.windowsappsdk\1.6.250108002\lib\net6.0-windows10.0.18362.0\Microsoft.Windows.ApplicationModel.DynamicDependency.Projection.dll" because AutoUnify is 'true'.
             Using this version instead of original version "6.0.0.0" in "C:\Users\Tony\.nuget\packages\microsoft.windowsappsdk\1.6.250108002\lib\net6.0-windows10.0.18362.0\Microsoft.Windows.ApplicationModel.Resources.Projection.dll" because AutoUnify is 'true'.
             Using this version instead of original version "6.0.0.0" in "C:\Users\Tony\.nuget\packages\microsoft.windowsappsdk\1.6.250108002\lib\net6.0-windows10.0.18362.0\Microsoft.Windows.ApplicationModel.WindowsAppRuntime.Projection.dll" because AutoUnify is 'true'.
             Using this version instead of original version "6.0.0.0" in "C:\Users\Tony\.nuget\packages\microsoft.windowsappsdk\1.6.250108002\lib\net6.0-windows10.0.18362.0\Microsoft.Windows.Management.Deployment.Projection.dll" because AutoUnify is 'true'.
             Using this version instead of original version "6.0.0.0" in "C:\Users\Tony\.nuget\packages\microsoft.windowsappsdk\1.6.250108002\lib\net6.0-windows10.0.18362.0\Microsoft.Windows.PushNotifications.Projection.dll" because AutoUnify is 'true'.
             Using this version instead of original version "6.0.0.0" in "C:\Users\Tony\.nuget\packages\microsoft.windowsappsdk\1.6.250108002\lib\net6.0-windows10.0.18362.0\Microsoft.Windows.Storage.Projection.dll" because AutoUnify is 'true'.
             Using this version instead of original version "6.0.0.0" in "C:\Users\Tony\.nuget\packages\microsoft.windowsappsdk\1.6.250108002\lib\net6.0-windows10.0.18362.0\Microsoft.Windows.System.Projection.dll" because AutoUnify is 'true'.
             Using this version instead of original version "6.0.0.0" in "C:\Users\Tony\.nuget\packages\microsoft.windowsappsdk\1.6.250108002\lib\net6.0-windows10.0.18362.0\Microsoft.Windows.Widgets.Projection.dll" because AutoUnify is 'true'.
             Using this version instead of original version "6.0.0.0" in "C:\Users\Tony\.nuget\packages\skiasharp\2.88.9\lib\net6.0\SkiaSharp.dll" because AutoUnify is 'true'.
             Resolved file path is "C:\Program Files\dotnet\packs\Microsoft.NETCore.App.Ref\8.0.29\ref\net8.0\System.Collections.Concurrent.dll".
             Reference found at search path location "{RawFileName}".
             This reference is not "CopyLocal" because at least one source item had "Private" set to "false" and no source items had "Private" set to "true".
         Primary reference "System.Collections.NonGeneric, Version=8.0.0.0, Culture=neutral, PublicKeyToken=b03f5f7f11d50a3a".
             Resolved file path is "C:\Program Files\dotnet\packs\Microsoft.NETCore.App.Ref\8.0.29\ref\net8.0\System.Collections.NonGeneric.dll".
             Reference found at search path location "{RawFileName}".
             This reference is not "CopyLocal" because at least one source item had "Private" set to "false" and no source items had "Private" set to "true".
         Primary reference "System.Collections.Specialized, Version=8.0.0.0, Culture=neutral, PublicKeyToken=b03f5f7f11d50a3a".
             Resolved file path is "C:\Program Files\dotnet\packs\Microsoft.NETCore.App.Ref\8.0.29\ref\net8.0\System.Collections.Specialized.dll".
             Reference found at search path location "{RawFileName}".
             This reference is not "CopyLocal" because at least one source item had "Private" set to "false" and no source items had "Private" set to "true".
         Unified primary reference "System.Collections, Version=8.0.0.0, Culture=neutral, PublicKeyToken=b03f5f7f11d50a3a".
             Using this version instead of original version "6.0.0.0" in "C:\Users\Tony\.nuget\packages\microsoft.windowsappsdk\1.6.250108002\lib\net6.0-windows10.0.18362.0\Microsoft.InteractiveExperiences.Projection.dll" because AutoUnify is 'true'.
             Using this version instead of original version "6.0.0.0" in "C:\Users\Tony\.nuget\packages\microsoft.windowsappsdk\1.6.250108002\lib\net6.0-windows10.0.18362.0\Microsoft.WinUI.dll" because AutoUnify is 'true'.
             Using this version instead of original version "6.0.0.0" in "C:\Users\Tony\.nuget\packages\skiasharp\2.88.9\lib\net6.0\SkiaSharp.dll" because AutoUnify is 'true'.
             Resolved file path is "C:\Program Files\dotnet\packs\Microsoft.NETCore.App.Ref\8.0.29\ref\net8.0\System.Collections.dll".
             Reference found at search path location "{RawFileName}".
             This reference is not "CopyLocal" because at least one source item had "Private" set to "false" and no source items had "Private" set to "true".
         Primary reference "System.ComponentModel.Annotations, Version=8.0.0.0, Culture=neutral, PublicKeyToken=b03f5f7f11d50a3a".
             Resolved file path is "C:\Program Files\dotnet\packs\Microsoft.NETCore.App.Ref\8.0.29\ref\net8.0\System.ComponentModel.Annotations.dll".
             Reference found at search path location "{RawFileName}".
             This reference is not "CopyLocal" because at least one source item had "Private" set to "false" and no source items had "Private" set to "true".
         Primary reference "System.ComponentModel.DataAnnotations, Version=4.0.0.0, Culture=neutral, PublicKeyToken=31bf3856ad364e35".
             Resolved file path is "C:\Program Files\dotnet\packs\Microsoft.NETCore.App.Ref\8.0.29\ref\net8.0\System.ComponentModel.DataAnnotations.dll".
             Reference found at search path location "{RawFileName}".
             This reference is not "CopyLocal" because at least one source item had "Private" set to "false" and no source items had "Private" set to "true".
         Primary reference "System.ComponentModel.EventBasedAsync, Version=8.0.0.0, Culture=neutral, PublicKeyToken=b03f5f7f11d50a3a".
             Resolved file path is "C:\Program Files\dotnet\packs\Microsoft.NETCore.App.Ref\8.0.29\ref\net8.0\System.ComponentModel.EventBasedAsync.dll".
             Reference found at search path location "{RawFileName}".
             This reference is not "CopyLocal" because at least one source item had "Private" set to "false" and no source items had "Private" set to "true".
         Primary reference "System.ComponentModel.Primitives, Version=8.0.0.0, Culture=neutral, PublicKeyToken=b03f5f7f11d50a3a".
             Resolved file path is "C:\Program Files\dotnet\packs\Microsoft.NETCore.App.Ref\8.0.29\ref\net8.0\System.ComponentModel.Primitives.dll".
             Reference found at search path location "{RawFileName}".
             This reference is not "CopyLocal" because at least one source item had "Private" set to "false" and no source items had "Private" set to "true".
         Primary reference "System.ComponentModel.TypeConverter, Version=8.0.0.0, Culture=neutral, PublicKeyToken=b03f5f7f11d50a3a".
             Resolved file path is "C:\Program Files\dotnet\packs\Microsoft.NETCore.App.Ref\8.0.29\ref\net8.0\System.ComponentModel.TypeConverter.dll".
             Reference found at search path location "{RawFileName}".
             This reference is not "CopyLocal" because at least one source item had "Private" set to "false" and no source items had "Private" set to "true".
         Primary reference "System.ComponentModel, Version=8.0.0.0, Culture=neutral, PublicKeyToken=b03f5f7f11d50a3a".
             Resolved file path is "C:\Program Files\dotnet\packs\Microsoft.NETCore.App.Ref\8.0.29\ref\net8.0\System.ComponentModel.dll".
             Reference found at search path location "{RawFileName}".
             This reference is not "CopyLocal" because at least one source item had "Private" set to "false" and no source items had "Private" set to "true".
         Primary reference "System.Configuration, Version=4.0.0.0, Culture=neutral, PublicKeyToken=b03f5f7f11d50a3a".
             Resolved file path is "C:\Program Files\dotnet\packs\Microsoft.NETCore.App.Ref\8.0.29\ref\net8.0\System.Configuration.dll".
             Reference found at search path location "{RawFileName}".
             This reference is not "CopyLocal" because at least one source item had "Private" set to "false" and no source items had "Private" set to "true".
         Primary reference "System.Console, Version=8.0.0.0, Culture=neutral, PublicKeyToken=b03f5f7f11d50a3a".
             Resolved file path is "C:\Program Files\dotnet\packs\Microsoft.NETCore.App.Ref\8.0.29\ref\net8.0\System.Console.dll".
             Reference found at search path location "{RawFileName}".
             This reference is not "CopyLocal" because at least one source item had "Private" set to "false" and no source items had "Private" set to "true".
         Primary reference "System.Core, Version=4.0.0.0, Culture=neutral, PublicKeyToken=b77a5c561934e089".
             Resolved file path is "C:\Program Files\dotnet\packs\Microsoft.NETCore.App.Ref\8.0.29\ref\net8.0\System.Core.dll".
             Reference found at search path location "{RawFileName}".
             This reference is not "CopyLocal" because at least one source item had "Private" set to "false" and no source items had "Private" set to "true".
         Primary reference "System.Data.Common, Version=8.0.0.0, Culture=neutral, PublicKeyToken=b03f5f7f11d50a3a".
             Resolved file path is "C:\Program Files\dotnet\packs\Microsoft.NETCore.App.Ref\8.0.29\ref\net8.0\System.Data.Common.dll".
             Reference found at search path location "{RawFileName}".
             This reference is not "CopyLocal" because at least one source item had "Private" set to "false" and no source items had "Private" set to "true".
         Primary reference "System.Data.DataSetExtensions, Version=8.0.0.0, Culture=neutral, PublicKeyToken=b77a5c561934e089".
             Resolved file path is "C:\Program Files\dotnet\packs\Microsoft.NETCore.App.Ref\8.0.29\ref\net8.0\System.Data.DataSetExtensions.dll".
             Reference found at search path location "{RawFileName}".
             This reference is not "CopyLocal" because at least one source item had "Private" set to "false" and no source items had "Private" set to "true".
         Primary reference "System.Data, Version=4.0.0.0, Culture=neutral, PublicKeyToken=b77a5c561934e089".
             Resolved file path is "C:\Program Files\dotnet\packs\Microsoft.NETCore.App.Ref\8.0.29\ref\net8.0\System.Data.dll".
             Reference found at search path location "{RawFileName}".
             This reference is not "CopyLocal" because at least one source item had "Private" set to "false" and no source items had "Private" set to "true".
         Primary reference "System.Diagnostics.Contracts, Version=8.0.0.0, Culture=neutral, PublicKeyToken=b03f5f7f11d50a3a".
             Resolved file path is "C:\Program Files\dotnet\packs\Microsoft.NETCore.App.Ref\8.0.29\ref\net8.0\System.Diagnostics.Contracts.dll".
             Reference found at search path location "{RawFileName}".
             This reference is not "CopyLocal" because at least one source item had "Private" set to "false" and no source items had "Private" set to "true".
         Primary reference "System.Diagnostics.Debug, Version=8.0.0.0, Culture=neutral, PublicKeyToken=b03f5f7f11d50a3a".
             Resolved file path is "C:\Program Files\dotnet\packs\Microsoft.NETCore.App.Ref\8.0.29\ref\net8.0\System.Diagnostics.Debug.dll".
             Reference found at search path location "{RawFileName}".
             This reference is not "CopyLocal" because at least one source item had "Private" set to "false" and no source items had "Private" set to "true".
         Primary reference "System.Diagnostics.DiagnosticSource, Version=8.0.0.0, Culture=neutral, PublicKeyToken=cc7b13ffcd2ddd51".
             Resolved file path is "C:\Program Files\dotnet\packs\Microsoft.NETCore.App.Ref\8.0.29\ref\net8.0\System.Diagnostics.DiagnosticSource.dll".
             Reference found at search path location "{RawFileName}".
             This reference is not "CopyLocal" because at least one source item had "Private" set to "false" and no source items had "Private" set to "true".
         Primary reference "System.Diagnostics.FileVersionInfo, Version=8.0.0.0, Culture=neutral, PublicKeyToken=b03f5f7f11d50a3a".
             Resolved file path is "C:\Program Files\dotnet\packs\Microsoft.NETCore.App.Ref\8.0.29\ref\net8.0\System.Diagnostics.FileVersionInfo.dll".
             Reference found at search path location "{RawFileName}".
             This reference is not "CopyLocal" because at least one source item had "Private" set to "false" and no source items had "Private" set to "true".
         Primary reference "System.Diagnostics.Process, Version=8.0.0.0, Culture=neutral, PublicKeyToken=b03f5f7f11d50a3a".
             Resolved file path is "C:\Program Files\dotnet\packs\Microsoft.NETCore.App.Ref\8.0.29\ref\net8.0\System.Diagnostics.Process.dll".
             Reference found at search path location "{RawFileName}".
             This reference is not "CopyLocal" because at least one source item had "Private" set to "false" and no source items had "Private" set to "true".
         Primary reference "System.Diagnostics.StackTrace, Version=8.0.0.0, Culture=neutral, PublicKeyToken=b03f5f7f11d50a3a".
             Resolved file path is "C:\Program Files\dotnet\packs\Microsoft.NETCore.App.Ref\8.0.29\ref\net8.0\System.Diagnostics.StackTrace.dll".
             Reference found at search path location "{RawFileName}".
             This reference is not "CopyLocal" because at least one source item had "Private" set to "false" and no source items had "Private" set to "true".
         Primary reference "System.Diagnostics.TextWriterTraceListener, Version=8.0.0.0, Culture=neutral, PublicKeyToken=b03f5f7f11d50a3a".
             Resolved file path is "C:\Program Files\dotnet\packs\Microsoft.NETCore.App.Ref\8.0.29\ref\net8.0\System.Diagnostics.TextWriterTraceListener.dll".
             Reference found at search path location "{RawFileName}".
             This reference is not "CopyLocal" because at least one source item had "Private" set to "false" and no source items had "Private" set to "true".
         Primary reference "System.Diagnostics.Tools, Version=8.0.0.0, Culture=neutral, PublicKeyToken=b03f5f7f11d50a3a".
             Resolved file path is "C:\Program Files\dotnet\packs\Microsoft.NETCore.App.Ref\8.0.29\ref\net8.0\System.Diagnostics.Tools.dll".
             Reference found at search path location "{RawFileName}".
             This reference is not "CopyLocal" because at least one source item had "Private" set to "false" and no source items had "Private" set to "true".
         Primary reference "System.Diagnostics.TraceSource, Version=8.0.0.0, Culture=neutral, PublicKeyToken=b03f5f7f11d50a3a".
             Resolved file path is "C:\Program Files\dotnet\packs\Microsoft.NETCore.App.Ref\8.0.29\ref\net8.0\System.Diagnostics.TraceSource.dll".
             Reference found at search path location "{RawFileName}".
             This reference is not "CopyLocal" because at least one source item had "Private" set to "false" and no source items had "Private" set to "true".
         Primary reference "System.Diagnostics.Tracing, Version=8.0.0.0, Culture=neutral, PublicKeyToken=b03f5f7f11d50a3a".
             Resolved file path is "C:\Program Files\dotnet\packs\Microsoft.NETCore.App.Ref\8.0.29\ref\net8.0\System.Diagnostics.Tracing.dll".
             Reference found at search path location "{RawFileName}".
             This reference is not "CopyLocal" because at least one source item had "Private" set to "false" and no source items had "Private" set to "true".
         Primary reference "System.Drawing.Primitives, Version=8.0.0.0, Culture=neutral, PublicKeyToken=b03f5f7f11d50a3a".
             Resolved file path is "C:\Program Files\dotnet\packs\Microsoft.NETCore.App.Ref\8.0.29\ref\net8.0\System.Drawing.Primitives.dll".
             Reference found at search path location "{RawFileName}".
             This reference is not "CopyLocal" because at least one source item had "Private" set to "false" and no source items had "Private" set to "true".
         Primary reference "System.Drawing, Version=4.0.0.0, Culture=neutral, PublicKeyToken=b03f5f7f11d50a3a".
             Resolved file path is "C:\Program Files\dotnet\packs\Microsoft.NETCore.App.Ref\8.0.29\ref\net8.0\System.Drawing.dll".
             Reference found at search path location "{RawFileName}".
             This reference is not "CopyLocal" because at least one source item had "Private" set to "false" and no source items had "Private" set to "true".
         Primary reference "System.Dynamic.Runtime, Version=8.0.0.0, Culture=neutral, PublicKeyToken=b03f5f7f11d50a3a".
             Resolved file path is "C:\Program Files\dotnet\packs\Microsoft.NETCore.App.Ref\8.0.29\ref\net8.0\System.Dynamic.Runtime.dll".
             Reference found at search path location "{RawFileName}".
             This reference is not "CopyLocal" because at least one source item had "Private" set to "false" and no source items had "Private" set to "true".
         Primary reference "System.Formats.Asn1, Version=8.0.0.0, Culture=neutral, PublicKeyToken=cc7b13ffcd2ddd51".
             Resolved file path is "C:\Program Files\dotnet\packs\Microsoft.NETCore.App.Ref\8.0.29\ref\net8.0\System.Formats.Asn1.dll".
             Reference found at search path location "{RawFileName}".
             This reference is not "CopyLocal" because at least one source item had "Private" set to "false" and no source items had "Private" set to "true".
         Primary reference "System.Formats.Tar, Version=8.0.0.0, Culture=neutral, PublicKeyToken=cc7b13ffcd2ddd51".
             Resolved file path is "C:\Program Files\dotnet\packs\Microsoft.NETCore.App.Ref\8.0.29\ref\net8.0\System.Formats.Tar.dll".
             Reference found at search path location "{RawFileName}".
             This reference is not "CopyLocal" because at least one source item had "Private" set to "false" and no source items had "Private" set to "true".
         Primary reference "System.Globalization.Calendars, Version=8.0.0.0, Culture=neutral, PublicKeyToken=b03f5f7f11d50a3a".
             Resolved file path is "C:\Program Files\dotnet\packs\Microsoft.NETCore.App.Ref\8.0.29\ref\net8.0\System.Globalization.Calendars.dll".
             Reference found at search path location "{RawFileName}".
             This reference is not "CopyLocal" because at least one source item had "Private" set to "false" and no source items had "Private" set to "true".
         Primary reference "System.Globalization.Extensions, Version=8.0.0.0, Culture=neutral, PublicKeyToken=b03f5f7f11d50a3a".
             Resolved file path is "C:\Program Files\dotnet\packs\Microsoft.NETCore.App.Ref\8.0.29\ref\net8.0\System.Globalization.Extensions.dll".
             Reference found at search path location "{RawFileName}".
             This reference is not "CopyLocal" because at least one source item had "Private" set to "false" and no source items had "Private" set to "true".
         Primary reference "System.Globalization, Version=8.0.0.0, Culture=neutral, PublicKeyToken=b03f5f7f11d50a3a".
             Resolved file path is "C:\Program Files\dotnet\packs\Microsoft.NETCore.App.Ref\8.0.29\ref\net8.0\System.Globalization.dll".
             Reference found at search path location "{RawFileName}".
             This reference is not "CopyLocal" because at least one source item had "Private" set to "false" and no source items had "Private" set to "true".
         Primary reference "System.IO.Compression.Brotli, Version=8.0.0.0, Culture=neutral, PublicKeyToken=b77a5c561934e089".
             Resolved file path is "C:\Program Files\dotnet\packs\Microsoft.NETCore.App.Ref\8.0.29\ref\net8.0\System.IO.Compression.Brotli.dll".
             Reference found at search path location "{RawFileName}".
             This reference is not "CopyLocal" because at least one source item had "Private" set to "false" and no source items had "Private" set to "true".
         Primary reference "System.IO.Compression.FileSystem, Version=4.0.0.0, Culture=neutral, PublicKeyToken=b77a5c561934e089".
             Resolved file path is "C:\Program Files\dotnet\packs\Microsoft.NETCore.App.Ref\8.0.29\ref\net8.0\System.IO.Compression.FileSystem.dll".
             Reference found at search path location "{RawFileName}".
             This reference is not "CopyLocal" because at least one source item had "Private" set to "false" and no source items had "Private" set to "true".
         Primary reference "System.IO.Compression.ZipFile, Version=8.0.0.0, Culture=neutral, PublicKeyToken=b77a5c561934e089".
             Resolved file path is "C:\Program Files\dotnet\packs\Microsoft.NETCore.App.Ref\8.0.29\ref\net8.0\System.IO.Compression.ZipFile.dll".
             Reference found at search path location "{RawFileName}".
             This reference is not "CopyLocal" because at least one source item had "Private" set to "false" and no source items had "Private" set to "true".
         Primary reference "System.IO.Compression, Version=8.0.0.0, Culture=neutral, PublicKeyToken=b77a5c561934e089".
             Resolved file path is "C:\Program Files\dotnet\packs\Microsoft.NETCore.App.Ref\8.0.29\ref\net8.0\System.IO.Compression.dll".
             Reference found at search path location "{RawFileName}".
             This reference is not "CopyLocal" because at least one source item had "Private" set to "false" and no source items had "Private" set to "true".
         Primary reference "System.IO.FileSystem.AccessControl, Version=8.0.0.0, Culture=neutral, PublicKeyToken=b03f5f7f11d50a3a".
             Resolved file path is "C:\Program Files\dotnet\packs\Microsoft.NETCore.App.Ref\8.0.29\ref\net8.0\System.IO.FileSystem.AccessControl.dll".
             Reference found at search path location "{RawFileName}".
             This reference is not "CopyLocal" because at least one source item had "Private" set to "false" and no source items had "Private" set to "true".
         Primary reference "System.IO.FileSystem.DriveInfo, Version=8.0.0.0, Culture=neutral, PublicKeyToken=b03f5f7f11d50a3a".
             Resolved file path is "C:\Program Files\dotnet\packs\Microsoft.NETCore.App.Ref\8.0.29\ref\net8.0\System.IO.FileSystem.DriveInfo.dll".
             Reference found at search path location "{RawFileName}".
             This reference is not "CopyLocal" because at least one source item had "Private" set to "false" and no source items had "Private" set to "true".
         Primary reference "System.IO.FileSystem.Primitives, Version=8.0.0.0, Culture=neutral, PublicKeyToken=b03f5f7f11d50a3a".
             Resolved file path is "C:\Program Files\dotnet\packs\Microsoft.NETCore.App.Ref\8.0.29\ref\net8.0\System.IO.FileSystem.Primitives.dll".
             Reference found at search path location "{RawFileName}".
             This reference is not "CopyLocal" because at least one source item had "Private" set to "false" and no source items had "Private" set to "true".
         Primary reference "System.IO.FileSystem.Watcher, Version=8.0.0.0, Culture=neutral, PublicKeyToken=b03f5f7f11d50a3a".
             Resolved file path is "C:\Program Files\dotnet\packs\Microsoft.NETCore.App.Ref\8.0.29\ref\net8.0\System.IO.FileSystem.Watcher.dll".
             Reference found at search path location "{RawFileName}".
             This reference is not "CopyLocal" because at least one source item had "Private" set to "false" and no source items had "Private" set to "true".
         Primary reference "System.IO.FileSystem, Version=8.0.0.0, Culture=neutral, PublicKeyToken=b03f5f7f11d50a3a".
             Resolved file path is "C:\Program Files\dotnet\packs\Microsoft.NETCore.App.Ref\8.0.29\ref\net8.0\System.IO.FileSystem.dll".
             Reference found at search path location "{RawFileName}".
             This reference is not "CopyLocal" because at least one source item had "Private" set to "false" and no source items had "Private" set to "true".
         Primary reference "System.IO.IsolatedStorage, Version=8.0.0.0, Culture=neutral, PublicKeyToken=b03f5f7f11d50a3a".
             Resolved file path is "C:\Program Files\dotnet\packs\Microsoft.NETCore.App.Ref\8.0.29\ref\net8.0\System.IO.IsolatedStorage.dll".
             Reference found at search path location "{RawFileName}".
             This reference is not "CopyLocal" because at least one source item had "Private" set to "false" and no source items had "Private" set to "true".
         Primary reference "System.IO.MemoryMappedFiles, Version=8.0.0.0, Culture=neutral, PublicKeyToken=b03f5f7f11d50a3a".
             Resolved file path is "C:\Program Files\dotnet\packs\Microsoft.NETCore.App.Ref\8.0.29\ref\net8.0\System.IO.MemoryMappedFiles.dll".
             Reference found at search path location "{RawFileName}".
             This reference is not "CopyLocal" because at least one source item had "Private" set to "false" and no source items had "Private" set to "true".
         Primary reference "System.IO.Pipes.AccessControl, Version=8.0.0.0, Culture=neutral, PublicKeyToken=b03f5f7f11d50a3a".
             Resolved file path is "C:\Program Files\dotnet\packs\Microsoft.NETCore.App.Ref\8.0.29\ref\net8.0\System.IO.Pipes.AccessControl.dll".
             Reference found at search path location "{RawFileName}".
             This reference is not "CopyLocal" because at least one source item had "Private" set to "false" and no source items had "Private" set to "true".
         Primary reference "System.IO.Pipes, Version=8.0.0.0, Culture=neutral, PublicKeyToken=b03f5f7f11d50a3a".
             Resolved file path is "C:\Program Files\dotnet\packs\Microsoft.NETCore.App.Ref\8.0.29\ref\net8.0\System.IO.Pipes.dll".
             Reference found at search path location "{RawFileName}".
             This reference is not "CopyLocal" because at least one source item had "Private" set to "false" and no source items had "Private" set to "true".
         Primary reference "System.IO.UnmanagedMemoryStream, Version=8.0.0.0, Culture=neutral, PublicKeyToken=b03f5f7f11d50a3a".
             Resolved file path is "C:\Program Files\dotnet\packs\Microsoft.NETCore.App.Ref\8.0.29\ref\net8.0\System.IO.UnmanagedMemoryStream.dll".
             Reference found at search path location "{RawFileName}".
             This reference is not "CopyLocal" because at least one source item had "Private" set to "false" and no source items had "Private" set to "true".
         Primary reference "System.IO, Version=8.0.0.0, Culture=neutral, PublicKeyToken=b03f5f7f11d50a3a".
             Resolved file path is "C:\Program Files\dotnet\packs\Microsoft.NETCore.App.Ref\8.0.29\ref\net8.0\System.IO.dll".
             Reference found at search path location "{RawFileName}".
             This reference is not "CopyLocal" because at least one source item had "Private" set to "false" and no source items had "Private" set to "true".
         Primary reference "System.Linq.Expressions, Version=8.0.0.0, Culture=neutral, PublicKeyToken=b03f5f7f11d50a3a".
             Resolved file path is "C:\Program Files\dotnet\packs\Microsoft.NETCore.App.Ref\8.0.29\ref\net8.0\System.Linq.Expressions.dll".
             Reference found at search path location "{RawFileName}".
             This reference is not "CopyLocal" because at least one source item had "Private" set to "false" and no source items had "Private" set to "true".
         Primary reference "System.Linq.Parallel, Version=8.0.0.0, Culture=neutral, PublicKeyToken=b03f5f7f11d50a3a".
             Resolved file path is "C:\Program Files\dotnet\packs\Microsoft.NETCore.App.Ref\8.0.29\ref\net8.0\System.Linq.Parallel.dll".
             Reference found at search path location "{RawFileName}".
             This reference is not "CopyLocal" because at least one source item had "Private" set to "false" and no source items had "Private" set to "true".
         Primary reference "System.Linq.Queryable, Version=8.0.0.0, Culture=neutral, PublicKeyToken=b03f5f7f11d50a3a".
             Resolved file path is "C:\Program Files\dotnet\packs\Microsoft.NETCore.App.Ref\8.0.29\ref\net8.0\System.Linq.Queryable.dll".
             Reference found at search path location "{RawFileName}".
             This reference is not "CopyLocal" because at least one source item had "Private" set to "false" and no source items had "Private" set to "true".
         Unified primary reference "System.Linq, Version=8.0.0.0, Culture=neutral, PublicKeyToken=b03f5f7f11d50a3a".
             Using this version instead of original version "6.0.0.0" in "C:\Users\Tony\.nuget\packages\harfbuzzsharp\7.3.0.3\lib\net6.0\HarfBuzzSharp.dll" because AutoUnify is 'true'.
             Using this version instead of original version "6.0.0.0" in "C:\Users\Tony\.nuget\packages\skiasharp\2.88.9\lib\net6.0\SkiaSharp.dll" because AutoUnify is 'true'.
             Resolved file path is "C:\Program Files\dotnet\packs\Microsoft.NETCore.App.Ref\8.0.29\ref\net8.0\System.Linq.dll".
             Reference found at search path location "{RawFileName}".
             This reference is not "CopyLocal" because at least one source item had "Private" set to "false" and no source items had "Private" set to "true".
         Unified primary reference "System.Memory, Version=8.0.0.0, Culture=neutral, PublicKeyToken=cc7b13ffcd2ddd51".
             Using this version instead of original version "6.0.0.0" in "C:\Users\Tony\.nuget\packages\harfbuzzsharp\7.3.0.3\lib\net6.0\HarfBuzzSharp.dll" because AutoUnify is 'true'.
             Using this version instead of original version "6.0.0.0" in "C:\Users\Tony\.nuget\packages\microsoft.windowsappsdk\1.6.250108002\lib\net6.0-windows10.0.18362.0\Microsoft.InteractiveExperiences.Projection.dll" because AutoUnify is 'true'.
             Using this version instead of original version "6.0.0.0" in "C:\Users\Tony\.nuget\packages\microsoft.windowsappsdk\1.6.250108002\lib\net6.0-windows10.0.18362.0\Microsoft.WinUI.dll" because AutoUnify is 'true'.
             Using this version instead of original version "6.0.0.0" in "C:\Users\Tony\.nuget\packages\microsoft.windowsappsdk\1.6.250108002\lib\net6.0-windows10.0.18362.0\Microsoft.Windows.AppLifecycle.Projection.dll" because AutoUnify is 'true'.
             Using this version instead of original version "6.0.0.0" in "C:\Users\Tony\.nuget\packages\microsoft.windowsappsdk\1.6.250108002\lib\net6.0-windows10.0.18362.0\Microsoft.Windows.AppNotifications.Builder.Projection.dll" because AutoUnify is 'true'.
             Using this version instead of original version "6.0.0.0" in "C:\Users\Tony\.nuget\packages\microsoft.windowsappsdk\1.6.250108002\lib\net6.0-windows10.0.18362.0\Microsoft.Windows.AppNotifications.Projection.dll" because AutoUnify is 'true'.
             Using this version instead of original version "6.0.0.0" in "C:\Users\Tony\.nuget\packages\microsoft.windowsappsdk\1.6.250108002\lib\net6.0-windows10.0.18362.0\Microsoft.Windows.ApplicationModel.DynamicDependency.Projection.dll" because AutoUnify is 'true'.
             Using this version instead of original version "6.0.0.0" in "C:\Users\Tony\.nuget\packages\microsoft.windowsappsdk\1.6.250108002\lib\net6.0-windows10.0.18362.0\Microsoft.Windows.ApplicationModel.Resources.Projection.dll" because AutoUnify is 'true'.
             Using this version instead of original version "6.0.0.0" in "C:\Users\Tony\.nuget\packages\microsoft.windowsappsdk\1.6.250108002\lib\net6.0-windows10.0.18362.0\Microsoft.Windows.ApplicationModel.WindowsAppRuntime.Projection.dll" because AutoUnify is 'true'.
             Using this version instead of original version "6.0.0.0" in "C:\Users\Tony\.nuget\packages\microsoft.windowsappsdk\1.6.250108002\lib\net6.0-windows10.0.18362.0\Microsoft.Windows.Management.Deployment.Projection.dll" because AutoUnify is 'true'.
             Using this version instead of original version "6.0.0.0" in "C:\Users\Tony\.nuget\packages\microsoft.windowsappsdk\1.6.250108002\lib\net6.0-windows10.0.18362.0\Microsoft.Windows.PushNotifications.Projection.dll" because AutoUnify is 'true'.
             Using this version instead of original version "6.0.0.0" in "C:\Users\Tony\.nuget\packages\microsoft.windowsappsdk\1.6.250108002\lib\net6.0-windows10.0.18362.0\Microsoft.Windows.Security.AccessControl.Projection.dll" because AutoUnify is 'true'.
             Using this version instead of original version "6.0.0.0" in "C:\Users\Tony\.nuget\packages\microsoft.windowsappsdk\1.6.250108002\lib\net6.0-windows10.0.18362.0\Microsoft.Windows.Storage.Projection.dll" because AutoUnify is 'true'.
             Using this version instead of original version "6.0.0.0" in "C:\Users\Tony\.nuget\packages\microsoft.windowsappsdk\1.6.250108002\lib\net6.0-windows10.0.18362.0\Microsoft.Windows.System.Power.Projection.dll" because AutoUnify is 'true'.
             Using this version instead of original version "6.0.0.0" in "C:\Users\Tony\.nuget\packages\microsoft.windowsappsdk\1.6.250108002\lib\net6.0-windows10.0.18362.0\Microsoft.Windows.System.Projection.dll" because AutoUnify is 'true'.
             Using this version instead of original version "6.0.0.0" in "C:\Users\Tony\.nuget\packages\microsoft.windowsappsdk\1.6.250108002\lib\net6.0-windows10.0.18362.0\Microsoft.Windows.Widgets.Projection.dll" because AutoUnify is 'true'.
             Using this version instead of original version "6.0.0.0" in "C:\Users\Tony\.nuget\packages\skiasharp\2.88.9\lib\net6.0\SkiaSharp.dll" because AutoUnify is 'true'.
             Resolved file path is "C:\Program Files\dotnet\packs\Microsoft.NETCore.App.Ref\8.0.29\ref\net8.0\System.Memory.dll".
             Reference found at search path location "{RawFileName}".
             This reference is not "CopyLocal" because at least one source item had "Private" set to "false" and no source items had "Private" set to "true".
         Primary reference "System.Net.Http.Json, Version=8.0.0.0, Culture=neutral, PublicKeyToken=cc7b13ffcd2ddd51".
             Resolved file path is "C:\Program Files\dotnet\packs\Microsoft.NETCore.App.Ref\8.0.29\ref\net8.0\System.Net.Http.Json.dll".
             Reference found at search path location "{RawFileName}".
             This reference is not "CopyLocal" because at least one source item had "Private" set to "false" and no source items had "Private" set to "true".
         Primary reference "System.Net.Http, Version=8.0.0.0, Culture=neutral, PublicKeyToken=b03f5f7f11d50a3a".
             Resolved file path is "C:\Program Files\dotnet\packs\Microsoft.NETCore.App.Ref\8.0.29\ref\net8.0\System.Net.Http.dll".
             Reference found at search path location "{RawFileName}".
             This reference is not "CopyLocal" because at least one source item had "Private" set to "false" and no source items had "Private" set to "true".
         Primary reference "System.Net.HttpListener, Version=8.0.0.0, Culture=neutral, PublicKeyToken=cc7b13ffcd2ddd51".
             Resolved file path is "C:\Program Files\dotnet\packs\Microsoft.NETCore.App.Ref\8.0.29\ref\net8.0\System.Net.HttpListener.dll".
             Reference found at search path location "{RawFileName}".
             This reference is not "CopyLocal" because at least one source item had "Private" set to "false" and no source items had "Private" set to "true".
         Primary reference "System.Net.Mail, Version=8.0.0.0, Culture=neutral, PublicKeyToken=cc7b13ffcd2ddd51".
             Resolved file path is "C:\Program Files\dotnet\packs\Microsoft.NETCore.App.Ref\8.0.29\ref\net8.0\System.Net.Mail.dll".
             Reference found at search path location "{RawFileName}".
             This reference is not "CopyLocal" because at least one source item had "Private" set to "false" and no source items had "Private" set to "true".
         Primary reference "System.Net.NameResolution, Version=8.0.0.0, Culture=neutral, PublicKeyToken=b03f5f7f11d50a3a".
             Resolved file path is "C:\Program Files\dotnet\packs\Microsoft.NETCore.App.Ref\8.0.29\ref\net8.0\System.Net.NameResolution.dll".
             Reference found at search path location "{RawFileName}".
             This reference is not "CopyLocal" because at least one source item had "Private" set to "false" and no source items had "Private" set to "true".
         Primary reference "System.Net.NetworkInformation, Version=8.0.0.0, Culture=neutral, PublicKeyToken=b03f5f7f11d50a3a".
             Resolved file path is "C:\Program Files\dotnet\packs\Microsoft.NETCore.App.Ref\8.0.29\ref\net8.0\System.Net.NetworkInformation.dll".
             Reference found at search path location "{RawFileName}".
             This reference is not "CopyLocal" because at least one source item had "Private" set to "false" and no source items had "Private" set to "true".
         Primary reference "System.Net.Ping, Version=8.0.0.0, Culture=neutral, PublicKeyToken=b03f5f7f11d50a3a".
             Resolved file path is "C:\Program Files\dotnet\packs\Microsoft.NETCore.App.Ref\8.0.29\ref\net8.0\System.Net.Ping.dll".
             Reference found at search path location "{RawFileName}".
             This reference is not "CopyLocal" because at least one source item had "Private" set to "false" and no source items had "Private" set to "true".
         Primary reference "System.Net.Primitives, Version=8.0.0.0, Culture=neutral, PublicKeyToken=b03f5f7f11d50a3a".
             Resolved file path is "C:\Program Files\dotnet\packs\Microsoft.NETCore.App.Ref\8.0.29\ref\net8.0\System.Net.Primitives.dll".
             Reference found at search path location "{RawFileName}".
             This reference is not "CopyLocal" because at least one source item had "Private" set to "false" and no source items had "Private" set to "true".
         Primary reference "System.Net.Quic, Version=8.0.0.0, Culture=neutral, PublicKeyToken=b03f5f7f11d50a3a".
             Resolved file path is "C:\Program Files\dotnet\packs\Microsoft.NETCore.App.Ref\8.0.29\ref\net8.0\System.Net.Quic.dll".
             Reference found at search path location "{RawFileName}".
             This reference is not "CopyLocal" because at least one source item had "Private" set to "false" and no source items had "Private" set to "true".
         Primary reference "System.Net.Requests, Version=8.0.0.0, Culture=neutral, PublicKeyToken=b03f5f7f11d50a3a".
             Resolved file path is "C:\Program Files\dotnet\packs\Microsoft.NETCore.App.Ref\8.0.29\ref\net8.0\System.Net.Requests.dll".
             Reference found at search path location "{RawFileName}".
             This reference is not "CopyLocal" because at least one source item had "Private" set to "false" and no source items had "Private" set to "true".
         Primary reference "System.Net.Security, Version=8.0.0.0, Culture=neutral, PublicKeyToken=b03f5f7f11d50a3a".
             Resolved file path is "C:\Program Files\dotnet\packs\Microsoft.NETCore.App.Ref\8.0.29\ref\net8.0\System.Net.Security.dll".
             Reference found at search path location "{RawFileName}".
             This reference is not "CopyLocal" because at least one source item had "Private" set to "false" and no source items had "Private" set to "true".
         Primary reference "System.Net.ServicePoint, Version=8.0.0.0, Culture=neutral, PublicKeyToken=cc7b13ffcd2ddd51".
             Resolved file path is "C:\Program Files\dotnet\packs\Microsoft.NETCore.App.Ref\8.0.29\ref\net8.0\System.Net.ServicePoint.dll".
             Reference found at search path location "{RawFileName}".
             This reference is not "CopyLocal" because at least one source item had "Private" set to "false" and no source items had "Private" set to "true".
         Primary reference "System.Net.Sockets, Version=8.0.0.0, Culture=neutral, PublicKeyToken=b03f5f7f11d50a3a".
             Resolved file path is "C:\Program Files\dotnet\packs\Microsoft.NETCore.App.Ref\8.0.29\ref\net8.0\System.Net.Sockets.dll".
             Reference found at search path location "{RawFileName}".
             This reference is not "CopyLocal" because at least one source item had "Private" set to "false" and no source items had "Private" set to "true".
         Primary reference "System.Net.WebClient, Version=8.0.0.0, Culture=neutral, PublicKeyToken=cc7b13ffcd2ddd51".
             Resolved file path is "C:\Program Files\dotnet\packs\Microsoft.NETCore.App.Ref\8.0.29\ref\net8.0\System.Net.WebClient.dll".
             Reference found at search path location "{RawFileName}".
             This reference is not "CopyLocal" because at least one source item had "Private" set to "false" and no source items had "Private" set to "true".
         Primary reference "System.Net.WebHeaderCollection, Version=8.0.0.0, Culture=neutral, PublicKeyToken=b03f5f7f11d50a3a".
             Resolved file path is "C:\Program Files\dotnet\packs\Microsoft.NETCore.App.Ref\8.0.29\ref\net8.0\System.Net.WebHeaderCollection.dll".
             Reference found at search path location "{RawFileName}".
             This reference is not "CopyLocal" because at least one source item had "Private" set to "false" and no source items had "Private" set to "true".
         Primary reference "System.Net.WebProxy, Version=8.0.0.0, Culture=neutral, PublicKeyToken=cc7b13ffcd2ddd51".
             Resolved file path is "C:\Program Files\dotnet\packs\Microsoft.NETCore.App.Ref\8.0.29\ref\net8.0\System.Net.WebProxy.dll".
             Reference found at search path location "{RawFileName}".
             This reference is not "CopyLocal" because at least one source item had "Private" set to "false" and no source items had "Private" set to "true".
         Primary reference "System.Net.WebSockets.Client, Version=8.0.0.0, Culture=neutral, PublicKeyToken=b03f5f7f11d50a3a".
             Resolved file path is "C:\Program Files\dotnet\packs\Microsoft.NETCore.App.Ref\8.0.29\ref\net8.0\System.Net.WebSockets.Client.dll".
             Reference found at search path location "{RawFileName}".
             This reference is not "CopyLocal" because at least one source item had "Private" set to "false" and no source items had "Private" set to "true".
         Primary reference "System.Net.WebSockets, Version=8.0.0.0, Culture=neutral, PublicKeyToken=b03f5f7f11d50a3a".
             Resolved file path is "C:\Program Files\dotnet\packs\Microsoft.NETCore.App.Ref\8.0.29\ref\net8.0\System.Net.WebSockets.dll".
             Reference found at search path location "{RawFileName}".
             This reference is not "CopyLocal" because at least one source item had "Private" set to "false" and no source items had "Private" set to "true".
         Primary reference "System.Net, Version=4.0.0.0, Culture=neutral, PublicKeyToken=b03f5f7f11d50a3a".
             Resolved file path is "C:\Program Files\dotnet\packs\Microsoft.NETCore.App.Ref\8.0.29\ref\net8.0\System.Net.dll".
             Reference found at search path location "{RawFileName}".
             This reference is not "CopyLocal" because at least one source item had "Private" set to "false" and no source items had "Private" set to "true".
         Unified primary reference "System.Numerics.Vectors, Version=8.0.0.0, Culture=neutral, PublicKeyToken=b03f5f7f11d50a3a".
             Using this version instead of original version "6.0.0.0" in "C:\Users\Tony\.nuget\packages\microsoft.windowsappsdk\1.6.250108002\lib\net6.0-windows10.0.18362.0\Microsoft.InteractiveExperiences.Projection.dll" because AutoUnify is 'true'.
             Using this version instead of original version "6.0.0.0" in "C:\Users\Tony\.nuget\packages\microsoft.windowsappsdk\1.6.250108002\lib\net6.0-windows10.0.18362.0\Microsoft.WinUI.dll" because AutoUnify is 'true'.
             Resolved file path is "C:\Program Files\dotnet\packs\Microsoft.NETCore.App.Ref\8.0.29\ref\net8.0\System.Numerics.Vectors.dll".
             Reference found at search path location "{RawFileName}".
             This reference is not "CopyLocal" because at least one source item had "Private" set to "false" and no source items had "Private" set to "true".
         Primary reference "System.Numerics, Version=4.0.0.0, Culture=neutral, PublicKeyToken=b77a5c561934e089".
             Resolved file path is "C:\Program Files\dotnet\packs\Microsoft.NETCore.App.Ref\8.0.29\ref\net8.0\System.Numerics.dll".
             Reference found at search path location "{RawFileName}".
             This reference is not "CopyLocal" because at least one source item had "Private" set to "false" and no source items had "Private" set to "true".
         Unified primary reference "System.ObjectModel, Version=8.0.0.0, Culture=neutral, PublicKeyToken=b03f5f7f11d50a3a".
             Using this version instead of original version "6.0.0.0" in "C:\Users\Tony\.nuget\packages\microsoft.windowsappsdk\1.6.250108002\lib\net6.0-windows10.0.18362.0\Microsoft.WinUI.dll" because AutoUnify is 'true'.
             Resolved file path is "C:\Program Files\dotnet\packs\Microsoft.NETCore.App.Ref\8.0.29\ref\net8.0\System.ObjectModel.dll".
             Reference found at search path location "{RawFileName}".
             This reference is not "CopyLocal" because at least one source item had "Private" set to "false" and no source items had "Private" set to "true".
         Primary reference "System.Reflection.DispatchProxy, Version=8.0.0.0, Culture=neutral, PublicKeyToken=b03f5f7f11d50a3a".
             Resolved file path is "C:\Program Files\dotnet\packs\Microsoft.NETCore.App.Ref\8.0.29\ref\net8.0\System.Reflection.DispatchProxy.dll".
             Reference found at search path location "{RawFileName}".
             This reference is not "CopyLocal" because at least one source item had "Private" set to "false" and no source items had "Private" set to "true".
         Primary reference "System.Reflection.Emit.ILGeneration, Version=8.0.0.0, Culture=neutral, PublicKeyToken=b03f5f7f11d50a3a".
             Resolved file path is "C:\Program Files\dotnet\packs\Microsoft.NETCore.App.Ref\8.0.29\ref\net8.0\System.Reflection.Emit.ILGeneration.dll".
             Reference found at search path location "{RawFileName}".
             This reference is not "CopyLocal" because at least one source item had "Private" set to "false" and no source items had "Private" set to "true".
         Primary reference "System.Reflection.Emit.Lightweight, Version=8.0.0.0, Culture=neutral, PublicKeyToken=b03f5f7f11d50a3a".
             Resolved file path is "C:\Program Files\dotnet\packs\Microsoft.NETCore.App.Ref\8.0.29\ref\net8.0\System.Reflection.Emit.Lightweight.dll".
             Reference found at search path location "{RawFileName}".
             This reference is not "CopyLocal" because at least one source item had "Private" set to "false" and no source items had "Private" set to "true".
         Primary reference "System.Reflection.Emit, Version=8.0.0.0, Culture=neutral, PublicKeyToken=b03f5f7f11d50a3a".
             Resolved file path is "C:\Program Files\dotnet\packs\Microsoft.NETCore.App.Ref\8.0.29\ref\net8.0\System.Reflection.Emit.dll".
             Reference found at search path location "{RawFileName}".
             This reference is not "CopyLocal" because at least one source item had "Private" set to "false" and no source items had "Private" set to "true".
         Primary reference "System.Reflection.Extensions, Version=8.0.0.0, Culture=neutral, PublicKeyToken=b03f5f7f11d50a3a".
             Resolved file path is "C:\Program Files\dotnet\packs\Microsoft.NETCore.App.Ref\8.0.29\ref\net8.0\System.Reflection.Extensions.dll".
             Reference found at search path location "{RawFileName}".
             This reference is not "CopyLocal" because at least one source item had "Private" set to "false" and no source items had "Private" set to "true".
         Primary reference "System.Reflection.Primitives, Version=8.0.0.0, Culture=neutral, PublicKeyToken=b03f5f7f11d50a3a".
             Resolved file path is "C:\Program Files\dotnet\packs\Microsoft.NETCore.App.Ref\8.0.29\ref\net8.0\System.Reflection.Primitives.dll".
             Reference found at search path location "{RawFileName}".
             This reference is not "CopyLocal" because at least one source item had "Private" set to "false" and no source items had "Private" set to "true".
         Primary reference "System.Reflection.TypeExtensions, Version=8.0.0.0, Culture=neutral, PublicKeyToken=b03f5f7f11d50a3a".
             Resolved file path is "C:\Program Files\dotnet\packs\Microsoft.NETCore.App.Ref\8.0.29\ref\net8.0\System.Reflection.TypeExtensions.dll".
             Reference found at search path location "{RawFileName}".
             This reference is not "CopyLocal" because at least one source item had "Private" set to "false" and no source items had "Private" set to "true".
         Primary reference "System.Reflection, Version=8.0.0.0, Culture=neutral, PublicKeyToken=b03f5f7f11d50a3a".
             Resolved file path is "C:\Program Files\dotnet\packs\Microsoft.NETCore.App.Ref\8.0.29\ref\net8.0\System.Reflection.dll".
             Reference found at search path location "{RawFileName}".
             This reference is not "CopyLocal" because at least one source item had "Private" set to "false" and no source items had "Private" set to "true".
         Primary reference "System.Resources.Reader, Version=8.0.0.0, Culture=neutral, PublicKeyToken=b03f5f7f11d50a3a".
             Resolved file path is "C:\Program Files\dotnet\packs\Microsoft.NETCore.App.Ref\8.0.29\ref\net8.0\System.Resources.Reader.dll".
             Reference found at search path location "{RawFileName}".
             This reference is not "CopyLocal" because at least one source item had "Private" set to "false" and no source items had "Private" set to "true".
         Primary reference "System.Resources.ResourceManager, Version=8.0.0.0, Culture=neutral, PublicKeyToken=b03f5f7f11d50a3a".
             Resolved file path is "C:\Program Files\dotnet\packs\Microsoft.NETCore.App.Ref\8.0.29\ref\net8.0\System.Resources.ResourceManager.dll".
             Reference found at search path location "{RawFileName}".
             This reference is not "CopyLocal" because at least one source item had "Private" set to "false" and no source items had "Private" set to "true".
         Primary reference "System.Resources.Writer, Version=8.0.0.0, Culture=neutral, PublicKeyToken=b03f5f7f11d50a3a".
             Resolved file path is "C:\Program Files\dotnet\packs\Microsoft.NETCore.App.Ref\8.0.29\ref\net8.0\System.Resources.Writer.dll".
             Reference found at search path location "{RawFileName}".
             This reference is not "CopyLocal" because at least one source item had "Private" set to "false" and no source items had "Private" set to "true".
         Unified primary reference "System.Runtime.CompilerServices.Unsafe, Version=8.0.0.0, Culture=neutral, PublicKeyToken=b03f5f7f11d50a3a".
             Using this version instead of original version "6.0.0.0" in "C:\Users\Tony\.nuget\packages\microsoft.windowsappsdk\1.6.250108002\lib\net6.0-windows10.0.18362.0\Microsoft.InteractiveExperiences.Projection.dll" because AutoUnify is 'true'.
             Using this version instead of original version "6.0.0.0" in "C:\Users\Tony\.nuget\packages\microsoft.windowsappsdk\1.6.250108002\lib\net6.0-windows10.0.18362.0\Microsoft.WinUI.dll" because AutoUnify is 'true'.
             Using this version instead of original version "6.0.0.0" in "C:\Users\Tony\.nuget\packages\microsoft.windowsappsdk\1.6.250108002\lib\net6.0-windows10.0.18362.0\Microsoft.Windows.AppLifecycle.Projection.dll" because AutoUnify is 'true'.
             Using this version instead of original version "6.0.0.0" in "C:\Users\Tony\.nuget\packages\microsoft.windowsappsdk\1.6.250108002\lib\net6.0-windows10.0.18362.0\Microsoft.Windows.AppNotifications.Builder.Projection.dll" because AutoUnify is 'true'.
             Using this version instead of original version "6.0.0.0" in "C:\Users\Tony\.nuget\packages\microsoft.windowsappsdk\1.6.250108002\lib\net6.0-windows10.0.18362.0\Microsoft.Windows.AppNotifications.Projection.dll" because AutoUnify is 'true'.
             Using this version instead of original version "6.0.0.0" in "C:\Users\Tony\.nuget\packages\microsoft.windowsappsdk\1.6.250108002\lib\net6.0-windows10.0.18362.0\Microsoft.Windows.ApplicationModel.DynamicDependency.Projection.dll" because AutoUnify is 'true'.
             Using this version instead of original version "6.0.0.0" in "C:\Users\Tony\.nuget\packages\microsoft.windowsappsdk\1.6.250108002\lib\net6.0-windows10.0.18362.0\Microsoft.Windows.ApplicationModel.Resources.Projection.dll" because AutoUnify is 'true'.
             Using this version instead of original version "6.0.0.0" in "C:\Users\Tony\.nuget\packages\microsoft.windowsappsdk\1.6.250108002\lib\net6.0-windows10.0.18362.0\Microsoft.Windows.ApplicationModel.WindowsAppRuntime.Projection.dll" because AutoUnify is 'true'.
             Using this version instead of original version "6.0.0.0" in "C:\Users\Tony\.nuget\packages\microsoft.windowsappsdk\1.6.250108002\lib\net6.0-windows10.0.18362.0\Microsoft.Windows.Management.Deployment.Projection.dll" because AutoUnify is 'true'.
             Using this version instead of original version "6.0.0.0" in "C:\Users\Tony\.nuget\packages\microsoft.windowsappsdk\1.6.250108002\lib\net6.0-windows10.0.18362.0\Microsoft.Windows.PushNotifications.Projection.dll" because AutoUnify is 'true'.
             Using this version instead of original version "6.0.0.0" in "C:\Users\Tony\.nuget\packages\microsoft.windowsappsdk\1.6.250108002\lib\net6.0-windows10.0.18362.0\Microsoft.Windows.Security.AccessControl.Projection.dll" because AutoUnify is 'true'.
             Using this version instead of original version "6.0.0.0" in "C:\Users\Tony\.nuget\packages\microsoft.windowsappsdk\1.6.250108002\lib\net6.0-windows10.0.18362.0\Microsoft.Windows.Storage.Projection.dll" because AutoUnify is 'true'.
             Using this version instead of original version "6.0.0.0" in "C:\Users\Tony\.nuget\packages\microsoft.windowsappsdk\1.6.250108002\lib\net6.0-windows10.0.18362.0\Microsoft.Windows.System.Power.Projection.dll" because AutoUnify is 'true'.
             Using this version instead of original version "6.0.0.0" in "C:\Users\Tony\.nuget\packages\microsoft.windowsappsdk\1.6.250108002\lib\net6.0-windows10.0.18362.0\Microsoft.Windows.System.Projection.dll" because AutoUnify is 'true'.
             Using this version instead of original version "6.0.0.0" in "C:\Users\Tony\.nuget\packages\microsoft.windowsappsdk\1.6.250108002\lib\net6.0-windows10.0.18362.0\Microsoft.Windows.Widgets.Projection.dll" because AutoUnify is 'true'.
             Resolved file path is "C:\Program Files\dotnet\packs\Microsoft.NETCore.App.Ref\8.0.29\ref\net8.0\System.Runtime.CompilerServices.Unsafe.dll".
             Reference found at search path location "{RawFileName}".
             This reference is not "CopyLocal" because at least one source item had "Private" set to "false" and no source items had "Private" set to "true".
         Primary reference "System.Runtime.CompilerServices.VisualC, Version=8.0.0.0, Culture=neutral, PublicKeyToken=b03f5f7f11d50a3a".
             Resolved file path is "C:\Program Files\dotnet\packs\Microsoft.NETCore.App.Ref\8.0.29\ref\net8.0\System.Runtime.CompilerServices.VisualC.dll".
             Reference found at search path location "{RawFileName}".
             This reference is not "CopyLocal" because at least one source item had "Private" set to "false" and no source items had "Private" set to "true".
         Primary reference "System.Runtime.Extensions, Version=8.0.0.0, Culture=neutral, PublicKeyToken=b03f5f7f11d50a3a".
             Resolved file path is "C:\Program Files\dotnet\packs\Microsoft.NETCore.App.Ref\8.0.29\ref\net8.0\System.Runtime.Extensions.dll".
             Reference found at search path location "{RawFileName}".
             This reference is not "CopyLocal" because at least one source item had "Private" set to "false" and no source items had "Private" set to "true".
         Primary reference "System.Runtime.Handles, Version=8.0.0.0, Culture=neutral, PublicKeyToken=b03f5f7f11d50a3a".
             Resolved file path is "C:\Program Files\dotnet\packs\Microsoft.NETCore.App.Ref\8.0.29\ref\net8.0\System.Runtime.Handles.dll".
             Reference found at search path location "{RawFileName}".
             This reference is not "CopyLocal" because at least one source item had "Private" set to "false" and no source items had "Private" set to "true".
         Primary reference "System.Runtime.InteropServices.JavaScript, Version=8.0.0.0, Culture=neutral, PublicKeyToken=b03f5f7f11d50a3a".
             Resolved file path is "C:\Program Files\dotnet\packs\Microsoft.NETCore.App.Ref\8.0.29\ref\net8.0\System.Runtime.InteropServices.JavaScript.dll".
             Reference found at search path location "{RawFileName}".
             This reference is not "CopyLocal" because at least one source item had "Private" set to "false" and no source items had "Private" set to "true".
         Unified primary reference "System.Runtime.InteropServices.RuntimeInformation, Version=8.0.0.0, Culture=neutral, PublicKeyToken=b03f5f7f11d50a3a".
             Using this version instead of original version "6.0.0.0" in "C:\Users\Tony\.nuget\packages\harfbuzzsharp\7.3.0.3\lib\net6.0\HarfBuzzSharp.dll" because AutoUnify is 'true'.
             Using this version instead of original version "6.0.0.0" in "C:\Users\Tony\.nuget\packages\skiasharp\2.88.9\lib\net6.0\SkiaSharp.dll" because AutoUnify is 'true'.
             Resolved file path is "C:\Program Files\dotnet\packs\Microsoft.NETCore.App.Ref\8.0.29\ref\net8.0\System.Runtime.InteropServices.RuntimeInformation.dll".
             Reference found at search path location "{RawFileName}".
             This reference is not "CopyLocal" because at least one source item had "Private" set to "false" and no source items had "Private" set to "true".
         Unified primary reference "System.Runtime.InteropServices, Version=8.0.0.0, Culture=neutral, PublicKeyToken=b03f5f7f11d50a3a".
             Using this version instead of original version "6.0.0.0" in "C:\Users\Tony\.nuget\packages\harfbuzzsharp\7.3.0.3\lib\net6.0\HarfBuzzSharp.dll" because AutoUnify is 'true'.
             Using this version instead of original version "6.0.0.0" in "C:\Users\Tony\.nuget\packages\microsoft.windowsappsdk\1.6.250108002\lib\net6.0-windows10.0.18362.0\Microsoft.InteractiveExperiences.Projection.dll" because AutoUnify is 'true'.
             Using this version instead of original version "6.0.0.0" in "C:\Users\Tony\.nuget\packages\microsoft.windowsappsdk\1.6.250108002\lib\net6.0-windows10.0.18362.0\Microsoft.WinUI.dll" because AutoUnify is 'true'.
             Using this version instead of original version "6.0.0.0" in "C:\Users\Tony\.nuget\packages\microsoft.windowsappsdk\1.6.250108002\lib\net6.0-windows10.0.18362.0\Microsoft.Windows.AppLifecycle.Projection.dll" because AutoUnify is 'true'.
             Using this version instead of original version "6.0.0.0" in "C:\Users\Tony\.nuget\packages\microsoft.windowsappsdk\1.6.250108002\lib\net6.0-windows10.0.18362.0\Microsoft.Windows.AppNotifications.Builder.Projection.dll" because AutoUnify is 'true'.
             Using this version instead of original version "6.0.0.0" in "C:\Users\Tony\.nuget\packages\microsoft.windowsappsdk\1.6.250108002\lib\net6.0-windows10.0.18362.0\Microsoft.Windows.AppNotifications.Projection.dll" because AutoUnify is 'true'.
             Using this version instead of original version "6.0.0.0" in "C:\Users\Tony\.nuget\packages\microsoft.windowsappsdk\1.6.250108002\lib\net6.0-windows10.0.18362.0\Microsoft.Windows.ApplicationModel.DynamicDependency.Projection.dll" because AutoUnify is 'true'.
             Using this version instead of original version "6.0.0.0" in "C:\Users\Tony\.nuget\packages\microsoft.windowsappsdk\1.6.250108002\lib\net6.0-windows10.0.18362.0\Microsoft.Windows.ApplicationModel.Resources.Projection.dll" because AutoUnify is 'true'.
             Using this version instead of original version "6.0.0.0" in "C:\Users\Tony\.nuget\packages\microsoft.windowsappsdk\1.6.250108002\lib\net6.0-windows10.0.18362.0\Microsoft.Windows.ApplicationModel.WindowsAppRuntime.Projection.dll" because AutoUnify is 'true'.
             Using this version instead of original version "6.0.0.0" in "C:\Users\Tony\.nuget\packages\microsoft.windowsappsdk\1.6.250108002\lib\net6.0-windows10.0.18362.0\Microsoft.Windows.Management.Deployment.Projection.dll" because AutoUnify is 'true'.
             Using this version instead of original version "6.0.0.0" in "C:\Users\Tony\.nuget\packages\microsoft.windowsappsdk\1.6.250108002\lib\net6.0-windows10.0.18362.0\Microsoft.Windows.PushNotifications.Projection.dll" because AutoUnify is 'true'.
             Using this version instead of original version "6.0.0.0" in "C:\Users\Tony\.nuget\packages\microsoft.windowsappsdk\1.6.250108002\lib\net6.0-windows10.0.18362.0\Microsoft.Windows.Security.AccessControl.Projection.dll" because AutoUnify is 'true'.
             Using this version instead of original version "6.0.0.0" in "C:\Users\Tony\.nuget\packages\microsoft.windowsappsdk\1.6.250108002\lib\net6.0-windows10.0.18362.0\Microsoft.Windows.Storage.Projection.dll" because AutoUnify is 'true'.
             Using this version instead of original version "6.0.0.0" in "C:\Users\Tony\.nuget\packages\microsoft.windowsappsdk\1.6.250108002\lib\net6.0-windows10.0.18362.0\Microsoft.Windows.System.Power.Projection.dll" because AutoUnify is 'true'.
             Using this version instead of original version "6.0.0.0" in "C:\Users\Tony\.nuget\packages\microsoft.windowsappsdk\1.6.250108002\lib\net6.0-windows10.0.18362.0\Microsoft.Windows.System.Projection.dll" because AutoUnify is 'true'.
             Using this version instead of original version "6.0.0.0" in "C:\Users\Tony\.nuget\packages\microsoft.windowsappsdk\1.6.250108002\lib\net6.0-windows10.0.18362.0\Microsoft.Windows.Widgets.Projection.dll" because AutoUnify is 'true'.
             Using this version instead of original version "6.0.0.0" in "C:\Users\Tony\.nuget\packages\skiasharp\2.88.9\lib\net6.0\SkiaSharp.dll" because AutoUnify is 'true'.
             Using this version instead of original version "6.0.0.0" in "C:\Users\Tony\.nuget\packages\skiasharp.harfbuzz\2.88.9\lib\net6.0\SkiaSharp.HarfBuzz.dll" because AutoUnify is 'true'.
             Resolved file path is "C:\Program Files\dotnet\packs\Microsoft.NETCore.App.Ref\8.0.29\ref\net8.0\System.Runtime.InteropServices.dll".
             Reference found at search path location "{RawFileName}".
             This reference is not "CopyLocal" because at least one source item had "Private" set to "false" and no source items had "Private" set to "true".
         Primary reference "System.Runtime.Intrinsics, Version=8.0.0.0, Culture=neutral, PublicKeyToken=cc7b13ffcd2ddd51".
             Resolved file path is "C:\Program Files\dotnet\packs\Microsoft.NETCore.App.Ref\8.0.29\ref\net8.0\System.Runtime.Intrinsics.dll".
             Reference found at search path location "{RawFileName}".
             This reference is not "CopyLocal" because at least one source item had "Private" set to "false" and no source items had "Private" set to "true".
         Primary reference "System.Runtime.Loader, Version=8.0.0.0, Culture=neutral, PublicKeyToken=b03f5f7f11d50a3a".
             Resolved file path is "C:\Program Files\dotnet\packs\Microsoft.NETCore.App.Ref\8.0.29\ref\net8.0\System.Runtime.Loader.dll".
             Reference found at search path location "{RawFileName}".
             This reference is not "CopyLocal" because at least one source item had "Private" set to "false" and no source items had "Private" set to "true".
         Primary reference "System.Runtime.Numerics, Version=8.0.0.0, Culture=neutral, PublicKeyToken=b03f5f7f11d50a3a".
             Resolved file path is "C:\Program Files\dotnet\packs\Microsoft.NETCore.App.Ref\8.0.29\ref\net8.0\System.Runtime.Numerics.dll".
             Reference found at search path location "{RawFileName}".
             This reference is not "CopyLocal" because at least one source item had "Private" set to "false" and no source items had "Private" set to "true".
         Primary reference "System.Runtime.Serialization.Formatters, Version=8.0.0.0, Culture=neutral, PublicKeyToken=b03f5f7f11d50a3a".
             Resolved file path is "C:\Program Files\dotnet\packs\Microsoft.NETCore.App.Ref\8.0.29\ref\net8.0\System.Runtime.Serialization.Formatters.dll".
             Reference found at search path location "{RawFileName}".
             This reference is not "CopyLocal" because at least one source item had "Private" set to "false" and no source items had "Private" set to "true".
         Primary reference "System.Runtime.Serialization.Json, Version=8.0.0.0, Culture=neutral, PublicKeyToken=b03f5f7f11d50a3a".
             Resolved file path is "C:\Program Files\dotnet\packs\Microsoft.NETCore.App.Ref\8.0.29\ref\net8.0\System.Runtime.Serialization.Json.dll".
             Reference found at search path location "{RawFileName}".
             This reference is not "CopyLocal" because at least one source item had "Private" set to "false" and no source items had "Private" set to "true".
         Primary reference "System.Runtime.Serialization.Primitives, Version=8.0.0.0, Culture=neutral, PublicKeyToken=b03f5f7f11d50a3a".
             Resolved file path is "C:\Program Files\dotnet\packs\Microsoft.NETCore.App.Ref\8.0.29\ref\net8.0\System.Runtime.Serialization.Primitives.dll".
             Reference found at search path location "{RawFileName}".
             This reference is not "CopyLocal" because at least one source item had "Private" set to "false" and no source items had "Private" set to "true".
         Primary reference "System.Runtime.Serialization.Xml, Version=8.0.0.0, Culture=neutral, PublicKeyToken=b03f5f7f11d50a3a".
             Resolved file path is "C:\Program Files\dotnet\packs\Microsoft.NETCore.App.Ref\8.0.29\ref\net8.0\System.Runtime.Serialization.Xml.dll".
             Reference found at search path location "{RawFileName}".
             This reference is not "CopyLocal" because at least one source item had "Private" set to "false" and no source items had "Private" set to "true".
         Primary reference "System.Runtime.Serialization, Version=4.0.0.0, Culture=neutral, PublicKeyToken=b77a5c561934e089".
             Resolved file path is "C:\Program Files\dotnet\packs\Microsoft.NETCore.App.Ref\8.0.29\ref\net8.0\System.Runtime.Serialization.dll".
             Reference found at search path location "{RawFileName}".
             This reference is not "CopyLocal" because at least one source item had "Private" set to "false" and no source items had "Private" set to "true".
         Unified primary reference "System.Runtime, Version=8.0.0.0, Culture=neutral, PublicKeyToken=b03f5f7f11d50a3a".
             Using this version instead of original version "6.0.0.0" in "C:\Users\Tony\.nuget\packages\harfbuzzsharp\7.3.0.3\lib\net6.0\HarfBuzzSharp.dll" because AutoUnify is 'true'.
             Using this version instead of original version "6.0.0.0" in "C:\Users\Tony\.nuget\packages\microsoft.windowsappsdk\1.6.250108002\lib\net6.0-windows10.0.18362.0\Microsoft.InteractiveExperiences.Projection.dll" because AutoUnify is 'true'.
             Using this version instead of original version "6.0.0.0" in "C:\Users\Tony\.nuget\packages\microsoft.windowsappsdk\1.6.250108002\lib\net6.0-windows10.0.18362.0\Microsoft.WinUI.dll" because AutoUnify is 'true'.
             Using this version instead of original version "6.0.0.0" in "C:\Users\Tony\.nuget\packages\microsoft.windowsappsdk\1.6.250108002\lib\net6.0-windows10.0.18362.0\Microsoft.Windows.AppLifecycle.Projection.dll" because AutoUnify is 'true'.
             Using this version instead of original version "6.0.0.0" in "C:\Users\Tony\.nuget\packages\microsoft.windowsappsdk\1.6.250108002\lib\net6.0-windows10.0.18362.0\Microsoft.Windows.AppNotifications.Builder.Projection.dll" because AutoUnify is 'true'.
             Using this version instead of original version "6.0.0.0" in "C:\Users\Tony\.nuget\packages\microsoft.windowsappsdk\1.6.250108002\lib\net6.0-windows10.0.18362.0\Microsoft.Windows.AppNotifications.Projection.dll" because AutoUnify is 'true'.
             Using this version instead of original version "6.0.0.0" in "C:\Users\Tony\.nuget\packages\microsoft.windowsappsdk\1.6.250108002\lib\net6.0-windows10.0.18362.0\Microsoft.Windows.ApplicationModel.DynamicDependency.Projection.dll" because AutoUnify is 'true'.
             Using this version instead of original version "6.0.0.0" in "C:\Users\Tony\.nuget\packages\microsoft.windowsappsdk\1.6.250108002\lib\net6.0-windows10.0.18362.0\Microsoft.Windows.ApplicationModel.Resources.Projection.dll" because AutoUnify is 'true'.
             Using this version instead of original version "6.0.0.0" in "C:\Users\Tony\.nuget\packages\microsoft.windowsappsdk\1.6.250108002\lib\net6.0-windows10.0.18362.0\Microsoft.Windows.ApplicationModel.WindowsAppRuntime.Projection.dll" because AutoUnify is 'true'.
             Using this version instead of original version "6.0.0.0" in "C:\Users\Tony\.nuget\packages\microsoft.windowsappsdk\1.6.250108002\lib\net6.0-windows10.0.18362.0\Microsoft.Windows.Management.Deployment.Projection.dll" because AutoUnify is 'true'.
             Using this version instead of original version "6.0.0.0" in "C:\Users\Tony\.nuget\packages\microsoft.windowsappsdk\1.6.250108002\lib\net6.0-windows10.0.18362.0\Microsoft.Windows.PushNotifications.Projection.dll" because AutoUnify is 'true'.
             Using this version instead of original version "6.0.0.0" in "C:\Users\Tony\.nuget\packages\microsoft.windowsappsdk\1.6.250108002\lib\net6.0-windows10.0.18362.0\Microsoft.Windows.Security.AccessControl.Projection.dll" because AutoUnify is 'true'.
             Using this version instead of original version "6.0.0.0" in "C:\Users\Tony\.nuget\packages\microsoft.windowsappsdk\1.6.250108002\lib\net6.0-windows10.0.18362.0\Microsoft.Windows.Storage.Projection.dll" because AutoUnify is 'true'.
             Using this version instead of original version "6.0.0.0" in "C:\Users\Tony\.nuget\packages\microsoft.windowsappsdk\1.6.250108002\lib\net6.0-windows10.0.18362.0\Microsoft.Windows.System.Power.Projection.dll" because AutoUnify is 'true'.
             Using this version instead of original version "6.0.0.0" in "C:\Users\Tony\.nuget\packages\microsoft.windowsappsdk\1.6.250108002\lib\net6.0-windows10.0.18362.0\Microsoft.Windows.System.Projection.dll" because AutoUnify is 'true'.
             Using this version instead of original version "6.0.0.0" in "C:\Users\Tony\.nuget\packages\microsoft.windowsappsdk\1.6.250108002\lib\net6.0-windows10.0.18362.0\Microsoft.Windows.Widgets.Projection.dll" because AutoUnify is 'true'.
             Using this version instead of original version "6.0.0.0" in "C:\Users\Tony\.nuget\packages\microsoft.windowsappsdk\1.6.250108002\lib\net6.0-windows10.0.18362.0\Microsoft.WindowsAppRuntime.Bootstrap.Net.dll" because AutoUnify is 'true'.
             Using this version instead of original version "6.0.0.0" in "C:\Users\Tony\.nuget\packages\skiasharp\2.88.9\lib\net6.0\SkiaSharp.dll" because AutoUnify is 'true'.
             Using this version instead of original version "6.0.0.0" in "C:\Users\Tony\.nuget\packages\skiasharp.harfbuzz\2.88.9\lib\net6.0\SkiaSharp.HarfBuzz.dll" because AutoUnify is 'true'.
             Resolved file path is "C:\Program Files\dotnet\packs\Microsoft.NETCore.App.Ref\8.0.29\ref\net8.0\System.Runtime.dll".
             Reference found at search path location "{RawFileName}".
             This reference is not "CopyLocal" because at least one source item had "Private" set to "false" and no source items had "Private" set to "true".
         Primary reference "System.Security.AccessControl, Version=8.0.0.0, Culture=neutral, PublicKeyToken=b03f5f7f11d50a3a".
             Resolved file path is "C:\Program Files\dotnet\packs\Microsoft.NETCore.App.Ref\8.0.29\ref\net8.0\System.Security.AccessControl.dll".
             Reference found at search path location "{RawFileName}".
             This reference is not "CopyLocal" because at least one source item had "Private" set to "false" and no source items had "Private" set to "true".
         Primary reference "System.Security.Claims, Version=8.0.0.0, Culture=neutral, PublicKeyToken=b03f5f7f11d50a3a".
             Resolved file path is "C:\Program Files\dotnet\packs\Microsoft.NETCore.App.Ref\8.0.29\ref\net8.0\System.Security.Claims.dll".
             Reference found at search path location "{RawFileName}".
             This reference is not "CopyLocal" because at least one source item had "Private" set to "false" and no source items had "Private" set to "true".
         Primary reference "System.Security.Cryptography.Algorithms, Version=8.0.0.0, Culture=neutral, PublicKeyToken=b03f5f7f11d50a3a".
             Resolved file path is "C:\Program Files\dotnet\packs\Microsoft.NETCore.App.Ref\8.0.29\ref\net8.0\System.Security.Cryptography.Algorithms.dll".
             Reference found at search path location "{RawFileName}".
             This reference is not "CopyLocal" because at least one source item had "Private" set to "false" and no source items had "Private" set to "true".
         Primary reference "System.Security.Cryptography.Cng, Version=8.0.0.0, Culture=neutral, PublicKeyToken=b03f5f7f11d50a3a".
             Resolved file path is "C:\Program Files\dotnet\packs\Microsoft.NETCore.App.Ref\8.0.29\ref\net8.0\System.Security.Cryptography.Cng.dll".
             Reference found at search path location "{RawFileName}".
             This reference is not "CopyLocal" because at least one source item had "Private" set to "false" and no source items had "Private" set to "true".
         Primary reference "System.Security.Cryptography.Csp, Version=8.0.0.0, Culture=neutral, PublicKeyToken=b03f5f7f11d50a3a".
             Resolved file path is "C:\Program Files\dotnet\packs\Microsoft.NETCore.App.Ref\8.0.29\ref\net8.0\System.Security.Cryptography.Csp.dll".
             Reference found at search path location "{RawFileName}".
             This reference is not "CopyLocal" because at least one source item had "Private" set to "false" and no source items had "Private" set to "true".
         Primary reference "System.Security.Cryptography.Encoding, Version=8.0.0.0, Culture=neutral, PublicKeyToken=b03f5f7f11d50a3a".
             Resolved file path is "C:\Program Files\dotnet\packs\Microsoft.NETCore.App.Ref\8.0.29\ref\net8.0\System.Security.Cryptography.Encoding.dll".
             Reference found at search path location "{RawFileName}".
             This reference is not "CopyLocal" because at least one source item had "Private" set to "false" and no source items had "Private" set to "true".
         Primary reference "System.Security.Cryptography.OpenSsl, Version=8.0.0.0, Culture=neutral, PublicKeyToken=b03f5f7f11d50a3a".
             Resolved file path is "C:\Program Files\dotnet\packs\Microsoft.NETCore.App.Ref\8.0.29\ref\net8.0\System.Security.Cryptography.OpenSsl.dll".
             Reference found at search path location "{RawFileName}".
             This reference is not "CopyLocal" because at least one source item had "Private" set to "false" and no source items had "Private" set to "true".
         Primary reference "System.Security.Cryptography.Primitives, Version=8.0.0.0, Culture=neutral, PublicKeyToken=b03f5f7f11d50a3a".
             Resolved file path is "C:\Program Files\dotnet\packs\Microsoft.NETCore.App.Ref\8.0.29\ref\net8.0\System.Security.Cryptography.Primitives.dll".
             Reference found at search path location "{RawFileName}".
             This reference is not "CopyLocal" because at least one source item had "Private" set to "false" and no source items had "Private" set to "true".
         Primary reference "System.Security.Cryptography.X509Certificates, Version=8.0.0.0, Culture=neutral, PublicKeyToken=b03f5f7f11d50a3a".
             Resolved file path is "C:\Program Files\dotnet\packs\Microsoft.NETCore.App.Ref\8.0.29\ref\net8.0\System.Security.Cryptography.X509Certificates.dll".
             Reference found at search path location "{RawFileName}".
             This reference is not "CopyLocal" because at least one source item had "Private" set to "false" and no source items had "Private" set to "true".
         Primary reference "System.Security.Cryptography, Version=8.0.0.0, Culture=neutral, PublicKeyToken=b03f5f7f11d50a3a".
             Resolved file path is "C:\Program Files\dotnet\packs\Microsoft.NETCore.App.Ref\8.0.29\ref\net8.0\System.Security.Cryptography.dll".
             Reference found at search path location "{RawFileName}".
             This reference is not "CopyLocal" because at least one source item had "Private" set to "false" and no source items had "Private" set to "true".
         Primary reference "System.Security.Principal.Windows, Version=8.0.0.0, Culture=neutral, PublicKeyToken=b03f5f7f11d50a3a".
             Resolved file path is "C:\Program Files\dotnet\packs\Microsoft.NETCore.App.Ref\8.0.29\ref\net8.0\System.Security.Principal.Windows.dll".
             Reference found at search path location "{RawFileName}".
             This reference is not "CopyLocal" because at least one source item had "Private" set to "false" and no source items had "Private" set to "true".
         Primary reference "System.Security.Principal, Version=8.0.0.0, Culture=neutral, PublicKeyToken=b03f5f7f11d50a3a".
             Resolved file path is "C:\Program Files\dotnet\packs\Microsoft.NETCore.App.Ref\8.0.29\ref\net8.0\System.Security.Principal.dll".
             Reference found at search path location "{RawFileName}".
             This reference is not "CopyLocal" because at least one source item had "Private" set to "false" and no source items had "Private" set to "true".
         Primary reference "System.Security.SecureString, Version=8.0.0.0, Culture=neutral, PublicKeyToken=b03f5f7f11d50a3a".
             Resolved file path is "C:\Program Files\dotnet\packs\Microsoft.NETCore.App.Ref\8.0.29\ref\net8.0\System.Security.SecureString.dll".
             Reference found at search path location "{RawFileName}".
             This reference is not "CopyLocal" because at least one source item had "Private" set to "false" and no source items had "Private" set to "true".
         Primary reference "System.Security, Version=4.0.0.0, Culture=neutral, PublicKeyToken=b03f5f7f11d50a3a".
             Resolved file path is "C:\Program Files\dotnet\packs\Microsoft.NETCore.App.Ref\8.0.29\ref\net8.0\System.Security.dll".
             Reference found at search path location "{RawFileName}".
             This reference is not "CopyLocal" because at least one source item had "Private" set to "false" and no source items had "Private" set to "true".
         Primary reference "System.ServiceModel.Web, Version=4.0.0.0, Culture=neutral, PublicKeyToken=31bf3856ad364e35".
             Resolved file path is "C:\Program Files\dotnet\packs\Microsoft.NETCore.App.Ref\8.0.29\ref\net8.0\System.ServiceModel.Web.dll".
             Reference found at search path location "{RawFileName}".
             This reference is not "CopyLocal" because at least one source item had "Private" set to "false" and no source items had "Private" set to "true".
         Primary reference "System.ServiceProcess, Version=4.0.0.0, Culture=neutral, PublicKeyToken=b03f5f7f11d50a3a".
             Resolved file path is "C:\Program Files\dotnet\packs\Microsoft.NETCore.App.Ref\8.0.29\ref\net8.0\System.ServiceProcess.dll".
             Reference found at search path location "{RawFileName}".
             This reference is not "CopyLocal" because at least one source item had "Private" set to "false" and no source items had "Private" set to "true".
         Primary reference "System.Text.Encoding.CodePages, Version=8.0.0.0, Culture=neutral, PublicKeyToken=b03f5f7f11d50a3a".
             Resolved file path is "C:\Program Files\dotnet\packs\Microsoft.NETCore.App.Ref\8.0.29\ref\net8.0\System.Text.Encoding.CodePages.dll".
             Reference found at search path location "{RawFileName}".
             This reference is not "CopyLocal" because at least one source item had "Private" set to "false" and no source items had "Private" set to "true".
         Primary reference "System.Text.Encoding.Extensions, Version=8.0.0.0, Culture=neutral, PublicKeyToken=b03f5f7f11d50a3a".
             Resolved file path is "C:\Program Files\dotnet\packs\Microsoft.NETCore.App.Ref\8.0.29\ref\net8.0\System.Text.Encoding.Extensions.dll".
             Reference found at search path location "{RawFileName}".
             This reference is not "CopyLocal" because at least one source item had "Private" set to "false" and no source items had "Private" set to "true".
         Primary reference "System.Text.Encoding, Version=8.0.0.0, Culture=neutral, PublicKeyToken=b03f5f7f11d50a3a".
             Resolved file path is "C:\Program Files\dotnet\packs\Microsoft.NETCore.App.Ref\8.0.29\ref\net8.0\System.Text.Encoding.dll".
             Reference found at search path location "{RawFileName}".
             This reference is not "CopyLocal" because at least one source item had "Private" set to "false" and no source items had "Private" set to "true".
         Primary reference "System.Text.Encodings.Web, Version=8.0.0.0, Culture=neutral, PublicKeyToken=cc7b13ffcd2ddd51".
             Resolved file path is "C:\Program Files\dotnet\packs\Microsoft.NETCore.App.Ref\8.0.29\ref\net8.0\System.Text.Encodings.Web.dll".
             Reference found at search path location "{RawFileName}".
             This reference is not "CopyLocal" because at least one source item had "Private" set to "false" and no source items had "Private" set to "true".
         Primary reference "System.Text.Json, Version=8.0.0.0, Culture=neutral, PublicKeyToken=cc7b13ffcd2ddd51".
             Resolved file path is "C:\Program Files\dotnet\packs\Microsoft.NETCore.App.Ref\8.0.29\ref\net8.0\System.Text.Json.dll".
             Reference found at search path location "{RawFileName}".
             This reference is not "CopyLocal" because at least one source item had "Private" set to "false" and no source items had "Private" set to "true".
         Primary reference "System.Text.RegularExpressions, Version=8.0.0.0, Culture=neutral, PublicKeyToken=b03f5f7f11d50a3a".
             Resolved file path is "C:\Program Files\dotnet\packs\Microsoft.NETCore.App.Ref\8.0.29\ref\net8.0\System.Text.RegularExpressions.dll".
             Reference found at search path location "{RawFileName}".
             This reference is not "CopyLocal" because at least one source item had "Private" set to "false" and no source items had "Private" set to "true".
         Primary reference "System.Threading.Channels, Version=8.0.0.0, Culture=neutral, PublicKeyToken=cc7b13ffcd2ddd51".
             Resolved file path is "C:\Program Files\dotnet\packs\Microsoft.NETCore.App.Ref\8.0.29\ref\net8.0\System.Threading.Channels.dll".
             Reference found at search path location "{RawFileName}".
             This reference is not "CopyLocal" because at least one source item had "Private" set to "false" and no source items had "Private" set to "true".
         Primary reference "System.Threading.Overlapped, Version=8.0.0.0, Culture=neutral, PublicKeyToken=b03f5f7f11d50a3a".
             Resolved file path is "C:\Program Files\dotnet\packs\Microsoft.NETCore.App.Ref\8.0.29\ref\net8.0\System.Threading.Overlapped.dll".
             Reference found at search path location "{RawFileName}".
             This reference is not "CopyLocal" because at least one source item had "Private" set to "false" and no source items had "Private" set to "true".
         Primary reference "System.Threading.Tasks.Dataflow, Version=8.0.0.0, Culture=neutral, PublicKeyToken=b03f5f7f11d50a3a".
             Resolved file path is "C:\Program Files\dotnet\packs\Microsoft.NETCore.App.Ref\8.0.29\ref\net8.0\System.Threading.Tasks.Dataflow.dll".
             Reference found at search path location "{RawFileName}".
             This reference is not "CopyLocal" because at least one source item had "Private" set to "false" and no source items had "Private" set to "true".
         Primary reference "System.Threading.Tasks.Extensions, Version=8.0.0.0, Culture=neutral, PublicKeyToken=cc7b13ffcd2ddd51".
             Resolved file path is "C:\Program Files\dotnet\packs\Microsoft.NETCore.App.Ref\8.0.29\ref\net8.0\System.Threading.Tasks.Extensions.dll".
             Reference found at search path location "{RawFileName}".
             This reference is not "CopyLocal" because at least one source item had "Private" set to "false" and no source items had "Private" set to "true".
         Primary reference "System.Threading.Tasks.Parallel, Version=8.0.0.0, Culture=neutral, PublicKeyToken=b03f5f7f11d50a3a".
             Resolved file path is "C:\Program Files\dotnet\packs\Microsoft.NETCore.App.Ref\8.0.29\ref\net8.0\System.Threading.Tasks.Parallel.dll".
             Reference found at search path location "{RawFileName}".
             This reference is not "CopyLocal" because at least one source item had "Private" set to "false" and no source items had "Private" set to "true".
         Primary reference "System.Threading.Tasks, Version=8.0.0.0, Culture=neutral, PublicKeyToken=b03f5f7f11d50a3a".
             Resolved file path is "C:\Program Files\dotnet\packs\Microsoft.NETCore.App.Ref\8.0.29\ref\net8.0\System.Threading.Tasks.dll".
             Reference found at search path location "{RawFileName}".
             This reference is not "CopyLocal" because at least one source item had "Private" set to "false" and no source items had "Private" set to "true".
         Primary reference "System.Threading.Thread, Version=8.0.0.0, Culture=neutral, PublicKeyToken=b03f5f7f11d50a3a".
             Resolved file path is "C:\Program Files\dotnet\packs\Microsoft.NETCore.App.Ref\8.0.29\ref\net8.0\System.Threading.Thread.dll".
             Reference found at search path location "{RawFileName}".
             This reference is not "CopyLocal" because at least one source item had "Private" set to "false" and no source items had "Private" set to "true".
         Primary reference "System.Threading.ThreadPool, Version=8.0.0.0, Culture=neutral, PublicKeyToken=b03f5f7f11d50a3a".
             Resolved file path is "C:\Program Files\dotnet\packs\Microsoft.NETCore.App.Ref\8.0.29\ref\net8.0\System.Threading.ThreadPool.dll".
             Reference found at search path location "{RawFileName}".
             This reference is not "CopyLocal" because at least one source item had "Private" set to "false" and no source items had "Private" set to "true".
         Primary reference "System.Threading.Timer, Version=8.0.0.0, Culture=neutral, PublicKeyToken=b03f5f7f11d50a3a".
             Resolved file path is "C:\Program Files\dotnet\packs\Microsoft.NETCore.App.Ref\8.0.29\ref\net8.0\System.Threading.Timer.dll".
             Reference found at search path location "{RawFileName}".
             This reference is not "CopyLocal" because at least one source item had "Private" set to "false" and no source items had "Private" set to "true".
         Unified primary reference "System.Threading, Version=8.0.0.0, Culture=neutral, PublicKeyToken=b03f5f7f11d50a3a".
             Using this version instead of original version "6.0.0.0" in "C:\Users\Tony\.nuget\packages\microsoft.windowsappsdk\1.6.250108002\lib\net6.0-windows10.0.18362.0\Microsoft.InteractiveExperiences.Projection.dll" because AutoUnify is 'true'.
             Using this version instead of original version "6.0.0.0" in "C:\Users\Tony\.nuget\packages\microsoft.windowsappsdk\1.6.250108002\lib\net6.0-windows10.0.18362.0\Microsoft.WinUI.dll" because AutoUnify is 'true'.
             Using this version instead of original version "6.0.0.0" in "C:\Users\Tony\.nuget\packages\microsoft.windowsappsdk\1.6.250108002\lib\net6.0-windows10.0.18362.0\Microsoft.Windows.AppLifecycle.Projection.dll" because AutoUnify is 'true'.
             Using this version instead of original version "6.0.0.0" in "C:\Users\Tony\.nuget\packages\microsoft.windowsappsdk\1.6.250108002\lib\net6.0-windows10.0.18362.0\Microsoft.Windows.AppNotifications.Builder.Projection.dll" because AutoUnify is 'true'.
             Using this version instead of original version "6.0.0.0" in "C:\Users\Tony\.nuget\packages\microsoft.windowsappsdk\1.6.250108002\lib\net6.0-windows10.0.18362.0\Microsoft.Windows.AppNotifications.Projection.dll" because AutoUnify is 'true'.
             Using this version instead of original version "6.0.0.0" in "C:\Users\Tony\.nuget\packages\microsoft.windowsappsdk\1.6.250108002\lib\net6.0-windows10.0.18362.0\Microsoft.Windows.ApplicationModel.DynamicDependency.Projection.dll" because AutoUnify is 'true'.
             Using this version instead of original version "6.0.0.0" in "C:\Users\Tony\.nuget\packages\microsoft.windowsappsdk\1.6.250108002\lib\net6.0-windows10.0.18362.0\Microsoft.Windows.ApplicationModel.Resources.Projection.dll" because AutoUnify is 'true'.
             Using this version instead of original version "6.0.0.0" in "C:\Users\Tony\.nuget\packages\microsoft.windowsappsdk\1.6.250108002\lib\net6.0-windows10.0.18362.0\Microsoft.Windows.ApplicationModel.WindowsAppRuntime.Projection.dll" because AutoUnify is 'true'.
             Using this version instead of original version "6.0.0.0" in "C:\Users\Tony\.nuget\packages\microsoft.windowsappsdk\1.6.250108002\lib\net6.0-windows10.0.18362.0\Microsoft.Windows.Management.Deployment.Projection.dll" because AutoUnify is 'true'.
             Using this version instead of original version "6.0.0.0" in "C:\Users\Tony\.nuget\packages\microsoft.windowsappsdk\1.6.250108002\lib\net6.0-windows10.0.18362.0\Microsoft.Windows.PushNotifications.Projection.dll" because AutoUnify is 'true'.
             Using this version instead of original version "6.0.0.0" in "C:\Users\Tony\.nuget\packages\microsoft.windowsappsdk\1.6.250108002\lib\net6.0-windows10.0.18362.0\Microsoft.Windows.Storage.Projection.dll" because AutoUnify is 'true'.
             Using this version instead of original version "6.0.0.0" in "C:\Users\Tony\.nuget\packages\microsoft.windowsappsdk\1.6.250108002\lib\net6.0-windows10.0.18362.0\Microsoft.Windows.System.Power.Projection.dll" because AutoUnify is 'true'.
             Using this version instead of original version "6.0.0.0" in "C:\Users\Tony\.nuget\packages\microsoft.windowsappsdk\1.6.250108002\lib\net6.0-windows10.0.18362.0\Microsoft.Windows.System.Projection.dll" because AutoUnify is 'true'.
             Using this version instead of original version "6.0.0.0" in "C:\Users\Tony\.nuget\packages\microsoft.windowsappsdk\1.6.250108002\lib\net6.0-windows10.0.18362.0\Microsoft.Windows.Widgets.Projection.dll" because AutoUnify is 'true'.
             Using this version instead of original version "6.0.0.0" in "C:\Users\Tony\.nuget\packages\skiasharp\2.88.9\lib\net6.0\SkiaSharp.dll" because AutoUnify is 'true'.
             Resolved file path is "C:\Program Files\dotnet\packs\Microsoft.NETCore.App.Ref\8.0.29\ref\net8.0\System.Threading.dll".
             Reference found at search path location "{RawFileName}".
             This reference is not "CopyLocal" because at least one source item had "Private" set to "false" and no source items had "Private" set to "true".
         Primary reference "System.Transactions.Local, Version=8.0.0.0, Culture=neutral, PublicKeyToken=cc7b13ffcd2ddd51".
             Resolved file path is "C:\Program Files\dotnet\packs\Microsoft.NETCore.App.Ref\8.0.29\ref\net8.0\System.Transactions.Local.dll".
             Reference found at search path location "{RawFileName}".
             This reference is not "CopyLocal" because at least one source item had "Private" set to "false" and no source items had "Private" set to "true".
         Primary reference "System.Transactions, Version=4.0.0.0, Culture=neutral, PublicKeyToken=b77a5c561934e089".
             Resolved file path is "C:\Program Files\dotnet\packs\Microsoft.NETCore.App.Ref\8.0.29\ref\net8.0\System.Transactions.dll".
             Reference found at search path location "{RawFileName}".
             This reference is not "CopyLocal" because at least one source item had "Private" set to "false" and no source items had "Private" set to "true".
         Primary reference "System.ValueTuple, Version=8.0.0.0, Culture=neutral, PublicKeyToken=cc7b13ffcd2ddd51".
             Resolved file path is "C:\Program Files\dotnet\packs\Microsoft.NETCore.App.Ref\8.0.29\ref\net8.0\System.ValueTuple.dll".
             Reference found at search path location "{RawFileName}".
             This reference is not "CopyLocal" because at least one source item had "Private" set to "false" and no source items had "Private" set to "true".
         Primary reference "System.Web.HttpUtility, Version=8.0.0.0, Culture=neutral, PublicKeyToken=cc7b13ffcd2ddd51".
             Resolved file path is "C:\Program Files\dotnet\packs\Microsoft.NETCore.App.Ref\8.0.29\ref\net8.0\System.Web.HttpUtility.dll".
             Reference found at search path location "{RawFileName}".
             This reference is not "CopyLocal" because at least one source item had "Private" set to "false" and no source items had "Private" set to "true".
         Primary reference "System.Web, Version=4.0.0.0, Culture=neutral, PublicKeyToken=b03f5f7f11d50a3a".
             Resolved file path is "C:\Program Files\dotnet\packs\Microsoft.NETCore.App.Ref\8.0.29\ref\net8.0\System.Web.dll".
             Reference found at search path location "{RawFileName}".
             This reference is not "CopyLocal" because at least one source item had "Private" set to "false" and no source items had "Private" set to "true".
         Primary reference "System.Windows, Version=4.0.0.0, Culture=neutral, PublicKeyToken=b03f5f7f11d50a3a".
             Resolved file path is "C:\Program Files\dotnet\packs\Microsoft.NETCore.App.Ref\8.0.29\ref\net8.0\System.Windows.dll".
             Reference found at search path location "{RawFileName}".
             This reference is not "CopyLocal" because at least one source item had "Private" set to "false" and no source items had "Private" set to "true".
         Primary reference "System.Xml.Linq, Version=4.0.0.0, Culture=neutral, PublicKeyToken=b77a5c561934e089".
             Resolved file path is "C:\Program Files\dotnet\packs\Microsoft.NETCore.App.Ref\8.0.29\ref\net8.0\System.Xml.Linq.dll".
             Reference found at search path location "{RawFileName}".
             This reference is not "CopyLocal" because at least one source item had "Private" set to "false" and no source items had "Private" set to "true".
         Primary reference "System.Xml.ReaderWriter, Version=8.0.0.0, Culture=neutral, PublicKeyToken=b03f5f7f11d50a3a".
             Resolved file path is "C:\Program Files\dotnet\packs\Microsoft.NETCore.App.Ref\8.0.29\ref\net8.0\System.Xml.ReaderWriter.dll".
             Reference found at search path location "{RawFileName}".
             This reference is not "CopyLocal" because at least one source item had "Private" set to "false" and no source items had "Private" set to "true".
         Primary reference "System.Xml.Serialization, Version=4.0.0.0, Culture=neutral, PublicKeyToken=b77a5c561934e089".
             Resolved file path is "C:\Program Files\dotnet\packs\Microsoft.NETCore.App.Ref\8.0.29\ref\net8.0\System.Xml.Serialization.dll".
             Reference found at search path location "{RawFileName}".
             This reference is not "CopyLocal" because at least one source item had "Private" set to "false" and no source items had "Private" set to "true".
         Primary reference "System.Xml.XDocument, Version=8.0.0.0, Culture=neutral, PublicKeyToken=b03f5f7f11d50a3a".
             Resolved file path is "C:\Program Files\dotnet\packs\Microsoft.NETCore.App.Ref\8.0.29\ref\net8.0\System.Xml.XDocument.dll".
             Reference found at search path location "{RawFileName}".
             This reference is not "CopyLocal" because at least one source item had "Private" set to "false" and no source items had "Private" set to "true".
         Primary reference "System.Xml.XPath.XDocument, Version=8.0.0.0, Culture=neutral, PublicKeyToken=b03f5f7f11d50a3a".
             Resolved file path is "C:\Program Files\dotnet\packs\Microsoft.NETCore.App.Ref\8.0.29\ref\net8.0\System.Xml.XPath.XDocument.dll".
             Reference found at search path location "{RawFileName}".
             This reference is not "CopyLocal" because at least one source item had "Private" set to "false" and no source items had "Private" set to "true".
         Primary reference "System.Xml.XPath, Version=8.0.0.0, Culture=neutral, PublicKeyToken=b03f5f7f11d50a3a".
             Resolved file path is "C:\Program Files\dotnet\packs\Microsoft.NETCore.App.Ref\8.0.29\ref\net8.0\System.Xml.XPath.dll".
             Reference found at search path location "{RawFileName}".
             This reference is not "CopyLocal" because at least one source item had "Private" set to "false" and no source items had "Private" set to "true".
         Primary reference "System.Xml.XmlDocument, Version=8.0.0.0, Culture=neutral, PublicKeyToken=b03f5f7f11d50a3a".
             Resolved file path is "C:\Program Files\dotnet\packs\Microsoft.NETCore.App.Ref\8.0.29\ref\net8.0\System.Xml.XmlDocument.dll".
             Reference found at search path location "{RawFileName}".
             This reference is not "CopyLocal" because at least one source item had "Private" set to "false" and no source items had "Private" set to "true".
         Primary reference "System.Xml.XmlSerializer, Version=8.0.0.0, Culture=neutral, PublicKeyToken=b03f5f7f11d50a3a".
             Resolved file path is "C:\Program Files\dotnet\packs\Microsoft.NETCore.App.Ref\8.0.29\ref\net8.0\System.Xml.XmlSerializer.dll".
             Reference found at search path location "{RawFileName}".
             This reference is not "CopyLocal" because at least one source item had "Private" set to "false" and no source items had "Private" set to "true".
         Primary reference "System.Xml, Version=4.0.0.0, Culture=neutral, PublicKeyToken=b77a5c561934e089".
             Resolved file path is "C:\Program Files\dotnet\packs\Microsoft.NETCore.App.Ref\8.0.29\ref\net8.0\System.Xml.dll".
             Reference found at search path location "{RawFileName}".
             This reference is not "CopyLocal" because at least one source item had "Private" set to "false" and no source items had "Private" set to "true".
         Primary reference "System, Version=4.0.0.0, Culture=neutral, PublicKeyToken=b77a5c561934e089".
             Resolved file path is "C:\Program Files\dotnet\packs\Microsoft.NETCore.App.Ref\8.0.29\ref\net8.0\System.dll".
             Reference found at search path location "{RawFileName}".
             This reference is not "CopyLocal" because at least one source item had "Private" set to "false" and no source items had "Private" set to "true".
         Primary reference "WindowsBase, Version=4.0.0.0, Culture=neutral, PublicKeyToken=31bf3856ad364e35".
             Resolved file path is "C:\Program Files\dotnet\packs\Microsoft.NETCore.App.Ref\8.0.29\ref\net8.0\WindowsBase.dll".
             Reference found at search path location "{RawFileName}".
             This reference is not "CopyLocal" because at least one source item had "Private" set to "false" and no source items had "Private" set to "true".
         Primary reference "mscorlib, Version=4.0.0.0, Culture=neutral, PublicKeyToken=b77a5c561934e089".
             Resolved file path is "C:\Program Files\dotnet\packs\Microsoft.NETCore.App.Ref\8.0.29\ref\net8.0\mscorlib.dll".
             Reference found at search path location "{RawFileName}".
             This reference is not "CopyLocal" because at least one source item had "Private" set to "false" and no source items had "Private" set to "true".
         Primary reference "netstandard, Version=2.1.0.0, Culture=neutral, PublicKeyToken=cc7b13ffcd2ddd51".
             Resolved file path is "C:\Program Files\dotnet\packs\Microsoft.NETCore.App.Ref\8.0.29\ref\net8.0\netstandard.dll".
             Reference found at search path location "{RawFileName}".
             This reference is not "CopyLocal" because at least one source item had "Private" set to "false" and no source items had "Private" set to "true".
         Unified primary reference "Microsoft.Windows.SDK.NET, Version=10.0.19041.38, Culture=neutral, PublicKeyToken=31bf3856ad364e35".
             Using this version instead of original version "10.0.17763.38" in "C:\Users\Tony\.nuget\packages\microsoft.web.webview2\1.0.2903.40\lib_manual\net8.0-windows10.0.17763.0\Microsoft.Web.WebView2.Core.Projection.dll" because AutoUnify is 'true'.
             Using this version instead of original version "10.0.17763.38" in "C:\Users\Tony\.nuget\packages\h.notifyicon.winui\2.3.0\lib\net8.0-windows10.0.17763\H.NotifyIcon.WinUI.dll" because AutoUnify is 'true'.
             Using this version instead of original version "10.0.18362.38" in "C:\Users\Tony\.nuget\packages\microsoft.windowsappsdk\1.6.250108002\lib\net6.0-windows10.0.18362.0\Microsoft.InteractiveExperiences.Projection.dll" because AutoUnify is 'true'.
             Using this version instead of original version "10.0.17763.38" in "C:\Users\Tony\.nuget\packages\microsoft.windowsappsdk\1.6.250108002\lib\net6.0-windows10.0.18362.0\Microsoft.WinUI.dll" because AutoUnify is 'true'.
             Using this version instead of original version "10.0.17763.38" in "C:\Users\Tony\.nuget\packages\microsoft.windowsappsdk\1.6.250108002\lib\net6.0-windows10.0.18362.0\Microsoft.Windows.AppLifecycle.Projection.dll" because AutoUnify is 'true'.
             Using this version instead of original version "10.0.17763.38" in "C:\Users\Tony\.nuget\packages\microsoft.windowsappsdk\1.6.250108002\lib\net6.0-windows10.0.18362.0\Microsoft.Windows.AppNotifications.Builder.Projection.dll" because AutoUnify is 'true'.
             Using this version instead of original version "10.0.17763.38" in "C:\Users\Tony\.nuget\packages\microsoft.windowsappsdk\1.6.250108002\lib\net6.0-windows10.0.18362.0\Microsoft.Windows.AppNotifications.Projection.dll" because AutoUnify is 'true'.
             Using this version instead of original version "10.0.17763.38" in "C:\Users\Tony\.nuget\packages\microsoft.windowsappsdk\1.6.250108002\lib\net6.0-windows10.0.18362.0\Microsoft.Windows.ApplicationModel.DynamicDependency.Projection.dll" because AutoUnify is 'true'.
             Using this version instead of original version "10.0.17763.38" in "C:\Users\Tony\.nuget\packages\microsoft.windowsappsdk\1.6.250108002\lib\net6.0-windows10.0.18362.0\Microsoft.Windows.ApplicationModel.Resources.Projection.dll" because AutoUnify is 'true'.
             Using this version instead of original version "10.0.17763.38" in "C:\Users\Tony\.nuget\packages\microsoft.windowsappsdk\1.6.250108002\lib\net6.0-windows10.0.18362.0\Microsoft.Windows.ApplicationModel.WindowsAppRuntime.Projection.dll" because AutoUnify is 'true'.
             Using this version instead of original version "10.0.17763.38" in "C:\Users\Tony\.nuget\packages\microsoft.windowsappsdk\1.6.250108002\lib\net6.0-windows10.0.18362.0\Microsoft.Windows.Management.Deployment.Projection.dll" because AutoUnify is 'true'.
             Using this version instead of original version "10.0.17763.38" in "C:\Users\Tony\.nuget\packages\microsoft.windowsappsdk\1.6.250108002\lib\net6.0-windows10.0.18362.0\Microsoft.Windows.PushNotifications.Projection.dll" because AutoUnify is 'true'.
             Using this version instead of original version "10.0.17763.38" in "C:\Users\Tony\.nuget\packages\microsoft.windowsappsdk\1.6.250108002\lib\net6.0-windows10.0.18362.0\Microsoft.Windows.Security.AccessControl.Projection.dll" because AutoUnify is 'true'.
             Using this version instead of original version "10.0.17763.38" in "C:\Users\Tony\.nuget\packages\microsoft.windowsappsdk\1.6.250108002\lib\net6.0-windows10.0.18362.0\Microsoft.Windows.Storage.Projection.dll" because AutoUnify is 'true'.
             Using this version instead of original version "10.0.17763.38" in "C:\Users\Tony\.nuget\packages\microsoft.windowsappsdk\1.6.250108002\lib\net6.0-windows10.0.18362.0\Microsoft.Windows.System.Power.Projection.dll" because AutoUnify is 'true'.
             Using this version instead of original version "10.0.17763.38" in "C:\Users\Tony\.nuget\packages\microsoft.windowsappsdk\1.6.250108002\lib\net6.0-windows10.0.18362.0\Microsoft.Windows.System.Projection.dll" because AutoUnify is 'true'.
             Using this version instead of original version "10.0.17763.38" in "C:\Users\Tony\.nuget\packages\microsoft.windowsappsdk\1.6.250108002\lib\net6.0-windows10.0.18362.0\Microsoft.Windows.Widgets.Projection.dll" because AutoUnify is 'true'.
             Resolved file path is "C:\Users\Tony\.nuget\packages\microsoft.windows.sdk.net.ref\10.0.19041.56\lib\net8.0\Microsoft.Windows.SDK.NET.dll".
             Reference found at search path location "{RawFileName}".
             This reference is not "CopyLocal" because at least one source item had "Private" set to "false" and no source items had "Private" set to "true".
         Unified primary reference "WinRT.Runtime, Version=2.2.0.0, Culture=neutral, PublicKeyToken=99ea127f02d97709".
             Using this version instead of original version "2.1.0.0" in "C:\Users\Tony\.nuget\packages\microsoft.web.webview2\1.0.2903.40\lib_manual\net8.0-windows10.0.17763.0\Microsoft.Web.WebView2.Core.Projection.dll" because AutoUnify is 'true'.
             Using this version instead of original version "2.1.0.0" in "C:\Users\Tony\.nuget\packages\communitytoolkit.mvvm\8.3.2\lib\net8.0-windows10.0.17763\CommunityToolkit.Mvvm.dll" because AutoUnify is 'true'.
             Using this version instead of original version "2.1.0.0" in "C:\Users\Tony\.nuget\packages\microsoft.windowsappsdk\1.6.250108002\lib\net6.0-windows10.0.18362.0\Microsoft.InteractiveExperiences.Projection.dll" because AutoUnify is 'true'.
             Using this version instead of original version "2.1.0.0" in "C:\Users\Tony\.nuget\packages\microsoft.windowsappsdk\1.6.250108002\lib\net6.0-windows10.0.18362.0\Microsoft.WinUI.dll" because AutoUnify is 'true'.
             Using this version instead of original version "2.1.0.0" in "C:\Users\Tony\.nuget\packages\microsoft.windowsappsdk\1.6.250108002\lib\net6.0-windows10.0.18362.0\Microsoft.Windows.AppLifecycle.Projection.dll" because AutoUnify is 'true'.
             Using this version instead of original version "2.1.0.0" in "C:\Users\Tony\.nuget\packages\microsoft.windowsappsdk\1.6.250108002\lib\net6.0-windows10.0.18362.0\Microsoft.Windows.AppNotifications.Builder.Projection.dll" because AutoUnify is 'true'.
             Using this version instead of original version "2.1.0.0" in "C:\Users\Tony\.nuget\packages\microsoft.windowsappsdk\1.6.250108002\lib\net6.0-windows10.0.18362.0\Microsoft.Windows.AppNotifications.Projection.dll" because AutoUnify is 'true'.
             Using this version instead of original version "2.1.0.0" in "C:\Users\Tony\.nuget\packages\microsoft.windowsappsdk\1.6.250108002\lib\net6.0-windows10.0.18362.0\Microsoft.Windows.ApplicationModel.DynamicDependency.Projection.dll" because AutoUnify is 'true'.
             Using this version instead of original version "2.1.0.0" in "C:\Users\Tony\.nuget\packages\microsoft.windowsappsdk\1.6.250108002\lib\net6.0-windows10.0.18362.0\Microsoft.Windows.ApplicationModel.Resources.Projection.dll" because AutoUnify is 'true'.
             Using this version instead of original version "2.1.0.0" in "C:\Users\Tony\.nuget\packages\microsoft.windowsappsdk\1.6.250108002\lib\net6.0-windows10.0.18362.0\Microsoft.Windows.ApplicationModel.WindowsAppRuntime.Projection.dll" because AutoUnify is 'true'.
             Using this version instead of original version "2.1.0.0" in "C:\Users\Tony\.nuget\packages\microsoft.windowsappsdk\1.6.250108002\lib\net6.0-windows10.0.18362.0\Microsoft.Windows.Management.Deployment.Projection.dll" because AutoUnify is 'true'.
             Using this version instead of original version "2.1.0.0" in "C:\Users\Tony\.nuget\packages\microsoft.windowsappsdk\1.6.250108002\lib\net6.0-windows10.0.18362.0\Microsoft.Windows.PushNotifications.Projection.dll" because AutoUnify is 'true'.
             Using this version instead of original version "2.1.0.0" in "C:\Users\Tony\.nuget\packages\microsoft.windowsappsdk\1.6.250108002\lib\net6.0-windows10.0.18362.0\Microsoft.Windows.Security.AccessControl.Projection.dll" because AutoUnify is 'true'.
             Using this version instead of original version "2.1.0.0" in "C:\Users\Tony\.nuget\packages\microsoft.windowsappsdk\1.6.250108002\lib\net6.0-windows10.0.18362.0\Microsoft.Windows.Storage.Projection.dll" because AutoUnify is 'true'.
             Using this version instead of original version "2.1.0.0" in "C:\Users\Tony\.nuget\packages\microsoft.windowsappsdk\1.6.250108002\lib\net6.0-windows10.0.18362.0\Microsoft.Windows.System.Power.Projection.dll" because AutoUnify is 'true'.
             Using this version instead of original version "2.1.0.0" in "C:\Users\Tony\.nuget\packages\microsoft.windowsappsdk\1.6.250108002\lib\net6.0-windows10.0.18362.0\Microsoft.Windows.System.Projection.dll" because AutoUnify is 'true'.
             Using this version instead of original version "2.1.0.0" in "C:\Users\Tony\.nuget\packages\microsoft.windowsappsdk\1.6.250108002\lib\net6.0-windows10.0.18362.0\Microsoft.Windows.Widgets.Projection.dll" because AutoUnify is 'true'.
             Resolved file path is "C:\Users\Tony\.nuget\packages\microsoft.windows.sdk.net.ref\10.0.19041.56\lib\net8.0\WinRT.Runtime.dll".
             Reference found at search path location "{RawFileName}".
             This reference is not "CopyLocal" because at least one source item had "Private" set to "false" and no source items had "Private" set to "true".
         Dependency "System.Formats.Nrbf, Version=9.0.0.0, Culture=neutral, PublicKeyToken=cc7b13ffcd2ddd51".
             Could not resolve this reference. Could not locate the assembly "System.Formats.Nrbf, Version=9.0.0.0, Culture=neutral, PublicKeyToken=cc7b13ffcd2ddd51". Check to make sure the assembly exists on disk. If this reference is required by your code, you may get compilation errors.
                 For SearchPath "C:\Users\Tony\.nuget\packages\system.drawing.common\9.0.1\lib\net8.0" (added by referencing assembly "C:\Users\Tony\.nuget\packages\system.drawing.common\9.0.1\lib\net8.0\System.Private.Windows.Core.dll").
                 Considered "C:\Users\Tony\.nuget\packages\system.drawing.common\9.0.1\lib\net8.0\System.Formats.Nrbf.winmd", but it didn't exist.
                 Considered "C:\Users\Tony\.nuget\packages\system.drawing.common\9.0.1\lib\net8.0\System.Formats.Nrbf.dll", but it didn't exist.
                 Considered "C:\Users\Tony\.nuget\packages\system.drawing.common\9.0.1\lib\net8.0\System.Formats.Nrbf.exe", but it didn't exist.
             Required by "C:\Users\Tony\.nuget\packages\system.drawing.common\9.0.1\lib\net8.0\System.Private.Windows.Core.dll".
             Required by "C:\Users\Tony\.nuget\packages\system.drawing.common\9.0.1\lib\net8.0\System.Drawing.Common.dll".
             Required by "C:\Users\Tony\.nuget\packages\h.generatedicons.system.drawing\2.3.0\lib\net8.0\H.GeneratedIcons.System.Drawing.dll".
             Required by "C:\Users\Tony\.nuget\packages\h.notifyicon.winui\2.3.0\lib\net8.0-windows10.0.17763\H.NotifyIcon.WinUI.dll".
       Done executing task "ResolveAssemblyReference".
   1:7>Done building target "ResolveAssemblyReferences" in project "MdToPdf.csproj".
       Target "_ErrorOnUnresolvedWindowsSDKAssemblyConflict" skipped, due to false condition; ( '@(ResolveAssemblyReferenceUnresolvedAssemblyConflicts)' != '' ) was evaluated as ( '' != '' ).
       Target "GenerateBindingRedirects" skipped, due to false condition; ('$(AutoGenerateBindingRedirects)' == 'true' and '$(GenerateBindingRedirectsOutputType)' == 'true' and '@(SuggestedBindingRedirects)' != '' and '$(DesignTimeBuild)' != 'true' and '$(BuildingProject)' == 'true') was evaluated as ('' == 'true' and 'true' == 'true' and 'Microsoft.Web.WebView2.Core.Projection, Culture=neutral, PublicKeyToken=2a8ab48044d2601e;System.Collections.Immutable, Culture=neutral, PublicKeyToken=b03f5f7f11d50a3a;System.Collections.Concurrent, Culture=neutral, PublicKeyToken=b03f5f7f11d50a3a;...' != '' and '' != 'true' and 'true' == 'true').
       Target "GenerateSupportedRuntime" skipped, due to false condition; ('$(GenerateSupportedRuntime)' != 'false' and '$(TargetFrameworkIdentifier)' == '.NETFramework' and '$(HasRuntimeOutput)' == 'true') was evaluated as ('' != 'false' and '.NETCoreApp' == '.NETFramework' and 'true' == 'true').
       Target "GenerateBindingRedirectsUpdateAppConfig" skipped, due to false condition; ('$(AutoGenerateBindingRedirects)' == 'true' and '$(GenerateBindingRedirectsOutputType)' == 'true') was evaluated as ('' == 'true' and 'true' == 'true').
       Target "ResolveComReferences" skipped, due to false condition; ('@(COMReference)'!='' or '@(COMFileReference)'!='') was evaluated as (''!='' or ''!='').
   1:7>Target "AfterResolveReferences" in file "C:\Program Files\dotnet\sdk\8.0.423\Microsoft.Common.CurrentVersion.targets" from project "C:\Users\Tony\.gemini\antigravity\scratch\marksmith\MdToPdf\MdToPdf.csproj" (target "ResolveReferences" depends on it):
   1:7>Done building target "AfterResolveReferences" in project "MdToPdf.csproj".
       Target "ImplicitlyExpandTargetFramework" skipped, due to false condition; ('$(ImplicitlyExpandTargetFramework)' == 'true') was evaluated as ('' == 'true').
       Target "ImplicitlyExpandTargetPlatform" skipped, due to false condition; ('$(ImplicitlyExpandTargetPlatform)' == 'true') was evaluated as ('' == 'true').
       Target "ResolveAssemblyReferences" skipped. Previously built successfully.
   1:7>Target "WindowsAppSDKVerifyCsWinRtVersions" in file "C:\Users\Tony\.nuget\packages\microsoft.windowsappsdk\1.6.250108002\buildTransitive\Microsoft.WindowsAppSDK.targets" from project "C:\Users\Tony\.gemini\antigravity\scratch\marksmith\MdToPdf\MdToPdf.csproj" (target "ResolveReferences" depends on it):
       Task "Error" skipped, due to false condition; ('$(_TargetFrameworkCompatible)'!='True') was evaluated as ('True'!='True').
       Task "Error" skipped, due to false condition; ('@(_WindowsSdkCompatible)'=='') was evaluated as ('Microsoft.Windows.SDK.NET.Ref'=='').
       Task "Warning" skipped, due to false condition; ('$(CsWinRTAotOptimizerEnabled)' == '' and '$(PublishAot)'=='true') was evaluated as ('true' == '' and ''=='true').
       Task "Warning" skipped, due to false condition; ('$(CsWinRTAotOptimizerEnabled)' != '' and '$(CsWinRTAotOptimizerEnabled)' != 'true' and '$(PublishAot)'=='true') was evaluated as ('true' != '' and 'true' != 'true' and ''=='true').
   1:7>Done building target "WindowsAppSDKVerifyCsWinRtVersions" in project "MdToPdf.csproj".
       Target "ResolveAssemblyReferences" skipped. Previously built successfully.
   1:7>Target "MvvmToolkitVerifyWindowsSdkPackageVersion" in file "C:\Users\Tony\.nuget\packages\communitytoolkit.mvvm\8.3.2\buildTransitive\CommunityToolkit.Mvvm.WindowsSdk.targets" from project "C:\Users\Tony\.gemini\antigravity\scratch\marksmith\MdToPdf\MdToPdf.csproj" (target "ResolveReferences" depends on it):
       Task "Error" skipped, due to false condition; ('@(_MvvmToolkitCompatibleWindowsSdkPackages)' == '') was evaluated as ('Microsoft.Windows.SDK.NET.Ref' == '').
   1:7>Done building target "MvvmToolkitVerifyWindowsSdkPackageVersion" in project "MdToPdf.csproj".
   1:7>Target "ResolveReferences" in file "C:\Program Files\dotnet\sdk\8.0.423\Microsoft.Common.CurrentVersion.targets" from project "C:\Users\Tony\.gemini\antigravity\scratch\marksmith\MdToPdf\MdToPdf.csproj" (target "_BlockWinMDsOnUnsupportedTFMs" depends on it):
   1:7>Done building target "ResolveReferences" in project "MdToPdf.csproj".
       Target "ReferenceCopyXamlToolingLibs" skipped, due to false condition; (('$(Platform)'=='Win32' or '$(Platform)'=='x86' or '$(Platform)'=='x64' or '$(Platform)'=='arm64') and
                   '$(MSBuildVersion)'<'16.10' and '$(WindowsAppSDKCopyXamlToolingLibs)'!='false' and '$(OutputType)'!='Library') was evaluated as (('x64'=='Win32' or 'x64'=='x86' or 'x64'=='x64' or 'x64'=='arm64') and
                   '17.11.48'<'16.10' and 'false'!='false' and 'WinExe'!='Library').
   1:7>Target "_BlockWinMDsOnUnsupportedTFMs" in file "C:\Program Files\dotnet\sdk\8.0.423\Sdks\Microsoft.NET.Sdk\targets\Microsoft.NET.Sdk.targets" from project "C:\Users\Tony\.gemini\antigravity\scratch\marksmith\MdToPdf\MdToPdf.csproj" (target "CoreBuild" depends on it):
       Using "CheckForUnsupportedWinMDReferences" task from assembly "C:\Program Files\dotnet\sdk\8.0.423\Sdks\Microsoft.NET.Sdk\targets\..\tools\net8.0\Microsoft.NET.Build.Tasks.dll".
       Task "CheckForUnsupportedWinMDReferences"
       Done executing task "CheckForUnsupportedWinMDReferences".
       Task "NETSdkError" skipped, due to false condition; ('$(OutputType)' == 'winmdobj') was evaluated as ('WinExe' == 'winmdobj').
   1:7>Done building target "_BlockWinMDsOnUnsupportedTFMs" in project "MdToPdf.csproj".
       Target "ResolveReferences" skipped. Previously built successfully.
       Target "ResolvePackageDependenciesForBuild" skipped. Previously built successfully.
       Target "_HandlePackageFileConflicts" skipped. Previously built successfully.
       Target "ResolveKeySource" skipped, due to false condition; ($(SignManifests) == 'true' or $(SignAssembly) == 'true') was evaluated as ( == 'true' or false == 'true').
   1:7>Target "GenerateTargetPlatformDefineConstants" in file "C:\Program Files\dotnet\sdk\8.0.423\Sdks\Microsoft.NET.Sdk\targets\Microsoft.NET.Sdk.BeforeCommon.targets" from project "C:\Users\Tony\.gemini\antigravity\scratch\marksmith\MdToPdf\MdToPdf.csproj" (target "AddImplicitDefineConstants" depends on it):
   1:7>Done building target "GenerateTargetPlatformDefineConstants" in project "MdToPdf.csproj".
   1:7>Target "GenerateNETCompatibleDefineConstants" in file "C:\Program Files\dotnet\sdk\8.0.423\Sdks\Microsoft.NET.Sdk\targets\Microsoft.NET.Sdk.BeforeCommon.targets" from project "C:\Users\Tony\.gemini\antigravity\scratch\marksmith\MdToPdf\MdToPdf.csproj" (target "AddImplicitDefineConstants" depends on it):
   1:7>Done building target "GenerateNETCompatibleDefineConstants" in project "MdToPdf.csproj".
   1:7>Target "GeneratePlatformCompatibleDefineConstants" in file "C:\Program Files\dotnet\sdk\8.0.423\Sdks\Microsoft.NET.Sdk\targets\Microsoft.NET.Sdk.BeforeCommon.targets" from project "C:\Users\Tony\.gemini\antigravity\scratch\marksmith\MdToPdf\MdToPdf.csproj" (target "AddImplicitDefineConstants" depends on it):
   1:7>Done building target "GeneratePlatformCompatibleDefineConstants" in project "MdToPdf.csproj".
       Target "_DisableDiagnosticTracing" skipped, due to false condition; ('$(DisableDiagnosticTracing)' == 'true') was evaluated as ('' == 'true').
   1:7>Target "AddImplicitDefineConstants" in file "C:\Program Files\dotnet\sdk\8.0.423\Sdks\Microsoft.NET.Sdk\targets\Microsoft.NET.Sdk.BeforeCommon.targets" from project "C:\Users\Tony\.gemini\antigravity\scratch\marksmith\MdToPdf\MdToPdf.csproj" (target "PrepareResources" depends on it):
   1:7>Done building target "AddImplicitDefineConstants" in project "MdToPdf.csproj".
   1:7>Target "GetVCInstallPath" in file "C:\Users\Tony\.nuget\packages\microsoft.windowsappsdk\1.6.250108002\buildTransitive\Microsoft.UI.Xaml.Markup.Compiler.interop.targets" from project "C:\Users\Tony\.gemini\antigravity\scratch\marksmith\MdToPdf\MdToPdf.csproj" (target "MarkupCompilePass1" depends on it):
       Task "GetLatestMSVCVersion" skipped, due to false condition; ('$(VCToolsInstallDir)' == '' and '$(VsInstallRoot)' != '') was evaluated as ('' == '' and '' != '').
   1:7>Done building target "GetVCInstallPath" in project "MdToPdf.csproj".
       Target "GetXamlCppIncludeDirectories" skipped, due to false condition; ('$(ManagedAssembly)'=='false' and '$(XamlCppIncludeDirectories)' == '') was evaluated as (''=='false' and '' == '').
       Target "_ValidatePresenceOfAppxManifestItems" skipped, due to false condition; ('@(AppxManifest)@(CustomAppxManifest)'!='') was evaluated as (''!='').
   1:7>Target "CalculateAppxGenerateProjectPriEnabled" in file "C:\Users\Tony\.nuget\packages\microsoft.windowsappsdk\1.6.250108002\buildTransitive\Microsoft.Build.Msix.Pri.targets" from project "C:\Users\Tony\.gemini\antigravity\scratch\marksmith\MdToPdf\MdToPdf.csproj" (target "GetPriIndexName" depends on it):
   1:7>Done building target "CalculateAppxGenerateProjectPriEnabled" in project "MdToPdf.csproj".
   1:7>Target "GetPriIndexName" in file "C:\Users\Tony\.nuget\packages\microsoft.windowsappsdk\1.6.250108002\buildTransitive\Microsoft.UI.Xaml.Markup.Compiler.interop.targets" from project "C:\Users\Tony\.gemini\antigravity\scratch\marksmith\MdToPdf\MdToPdf.csproj" (target "MarkupCompilePass1" depends on it):
   1:7>Done building target "GetPriIndexName" in project "MdToPdf.csproj".
   1:7>Target "_UpdatePriIndex" in file "C:\Users\Tony\.nuget\packages\microsoft.windowsappsdk\1.6.250108002\buildTransitive\Microsoft.Build.Msix.Common.props" from project "C:\Users\Tony\.gemini\antigravity\scratch\marksmith\MdToPdf\MdToPdf.csproj" (target "MarkupCompilePass1" depends on it):
   1:7>Done building target "_UpdatePriIndex" in project "MdToPdf.csproj".
   1:7>Target "GetPrecompiledHeaderFile" in file "C:\Users\Tony\.nuget\packages\microsoft.windowsappsdk\1.6.250108002\buildTransitive\Microsoft.UI.Xaml.Markup.Compiler.interop.targets" from project "C:\Users\Tony\.gemini\antigravity\scratch\marksmith\MdToPdf\MdToPdf.csproj" (target "MarkupCompilePass1" depends on it):
   1:7>Done building target "GetPrecompiledHeaderFile" in project "MdToPdf.csproj".
   1:7>Target "_OverrideGetPriIndexName" in file "C:\Users\Tony\.nuget\packages\microsoft.windowsappsdk\1.6.250108002\buildTransitive\Microsoft.WindowsAppSDK.SelfContained.targets" from project "C:\Users\Tony\.gemini\antigravity\scratch\marksmith\MdToPdf\MdToPdf.csproj" (target "MarkupCompilePass1" depends on it):
   1:7>Done building target "_OverrideGetPriIndexName" in project "MdToPdf.csproj".
   1:7>Target "MarkupCompilePass1" in file "C:\Users\Tony\.nuget\packages\microsoft.windowsappsdk\1.6.250108002\buildTransitive\Microsoft.UI.Xaml.Markup.Compiler.interop.targets" from project "C:\Users\Tony\.gemini\antigravity\scratch\marksmith\MdToPdf\MdToPdf.csproj" (target "PrepareResources" depends on it):
       Task "Error" skipped, due to false condition; ( '$(MSBuildRuntimeType)' != 'Core' And '$(UseXamlCompilerExecutable)' == 'true') was evaluated as ( 'Core' != 'Core' And 'true' == 'true').
       Task "MakeDir"
       Done executing task "MakeDir".
       Task "CompileXaml" skipped, due to false condition; ('$(UseXamlCompilerExecutable)' != 'true') was evaluated as ('true' != 'true').
       Assembly loaded during TaskRun: Microsoft.UI.Xaml.Markup.Compiler.IO, Version=3.0.0.2501, Culture=neutral, PublicKeyToken=de31ebe4ad15742b (location: C:\Users\Tony\.nuget\packages\microsoft.windowsappsdk\1.6.250108002\tools\net6.0\Microsoft.UI.Xaml.Markup.Compiler.IO.dll, MVID: af189a78-d568-4dcb-853e-6a0571c76387, AssemblyLoadContext: MSBuild plugin C:\Users\Tony\.nuget\packages\microsoft.windowsappsdk\1.6.250108002\tools\net6.0\Microsoft.UI.Xaml.Markup.Compiler.IO.dll)
       Assembly loaded during TaskRun: Microsoft.UI.Xaml.Markup.Compiler.MSBuildInterop, Version=3.0.0.2501, Culture=neutral, PublicKeyToken=de31ebe4ad15742b (location: C:\Users\Tony\.nuget\packages\microsoft.windowsappsdk\1.6.250108002\tools\net6.0\Microsoft.UI.Xaml.Markup.Compiler.MSBuildInterop.dll, MVID: e64729ac-39f4-4e2b-9879-766b96326123, AssemblyLoadContext: MSBuild plugin C:\Users\Tony\.nuget\packages\microsoft.windowsappsdk\1.6.250108002\tools\net6.0\Microsoft.UI.Xaml.Markup.Compiler.IO.dll)
       Using "InputSerializer" task from assembly "C:\Users\Tony\.nuget\packages\microsoft.windowsappsdk\1.6.250108002\buildTransitive\..\tools\net6.0\Microsoft.UI.Xaml.Markup.Compiler.IO.dll".
       Task "InputSerializer"
         Assembly loaded during TaskRun (Microsoft.UI.Xaml.Markup.Compiler.IO.InputSerializer): System.Text.Json, Version=6.0.0.0, Culture=neutral, PublicKeyToken=cc7b13ffcd2ddd51 (location: C:\Users\Tony\.nuget\packages\microsoft.windowsappsdk\1.6.250108002\tools\net6.0\System.Text.Json.dll, MVID: 086d512a-2bc5-4265-aa92-dae69baacd13, AssemblyLoadContext: MSBuild plugin C:\Users\Tony\.nuget\packages\microsoft.windowsappsdk\1.6.250108002\tools\net6.0\Microsoft.UI.Xaml.Markup.Compiler.IO.dll)
         Assembly loaded during TaskRun (Microsoft.UI.Xaml.Markup.Compiler.IO.InputSerializer): Microsoft.Bcl.AsyncInterfaces, Version=6.0.0.0, Culture=neutral, PublicKeyToken=cc7b13ffcd2ddd51 (location: C:\Users\Tony\.nuget\packages\microsoft.windowsappsdk\1.6.250108002\tools\net6.0\Microsoft.Bcl.AsyncInterfaces.dll, MVID: b2422c07-7a9d-4584-af3f-f1d7011f6a5a, AssemblyLoadContext: MSBuild plugin C:\Users\Tony\.nuget\packages\microsoft.windowsappsdk\1.6.250108002\tools\net6.0\Microsoft.UI.Xaml.Markup.Compiler.IO.dll)
         Assembly loaded during TaskRun (Microsoft.UI.Xaml.Markup.Compiler.IO.InputSerializer): System.Text.Encodings.Web, Version=6.0.0.0, Culture=neutral, PublicKeyToken=cc7b13ffcd2ddd51 (location: C:\Users\Tony\.nuget\packages\microsoft.windowsappsdk\1.6.250108002\tools\net6.0\System.Text.Encodings.Web.dll, MVID: c7521d8a-f0e7-4fc7-b157-923bd9b7a91e, AssemblyLoadContext: MSBuild plugin C:\Users\Tony\.nuget\packages\microsoft.windowsappsdk\1.6.250108002\tools\net6.0\Microsoft.UI.Xaml.Markup.Compiler.IO.dll)
         Assembly loaded during TaskRun (Microsoft.UI.Xaml.Markup.Compiler.IO.InputSerializer): mscorlib, Version=4.0.0.0, Culture=neutral, PublicKeyToken=b77a5c561934e089 (location: C:\Program Files\dotnet\shared\Microsoft.NETCore.App\8.0.29\mscorlib.dll, MVID: 6d93aaf1-3bc0-401f-80eb-3046ea352bc9, AssemblyLoadContext: Default)
         Assembly loaded during TaskRun (Microsoft.UI.Xaml.Markup.Compiler.IO.InputSerializer): System.Core, Version=4.0.0.0, Culture=neutral, PublicKeyToken=b77a5c561934e089 (location: C:\Program Files\dotnet\shared\Microsoft.NETCore.App\8.0.29\System.Core.dll, MVID: 376d4e88-5220-400a-9cc4-838ee9233dd4, AssemblyLoadContext: Default)
         Assembly loaded during TaskRun (Microsoft.UI.Xaml.Markup.Compiler.IO.InputSerializer): System.Threading.Tasks.Extensions, Version=8.0.0.0, Culture=neutral, PublicKeyToken=cc7b13ffcd2ddd51 (location: C:\Program Files\dotnet\shared\Microsoft.NETCore.App\8.0.29\System.Threading.Tasks.Extensions.dll, MVID: 13089f58-a0ec-4f2b-a724-00359424e9c5, AssemblyLoadContext: Default)
         Assembly loaded during TaskRun (Microsoft.UI.Xaml.Markup.Compiler.IO.InputSerializer): System.Buffers, Version=8.0.0.0, Culture=neutral, PublicKeyToken=cc7b13ffcd2ddd51 (location: C:\Program Files\dotnet\shared\Microsoft.NETCore.App\8.0.29\System.Buffers.dll, MVID: 867aee40-658e-47ab-80b6-11be3ff2ad93, AssemblyLoadContext: Default)
       Done executing task "InputSerializer".
       Using "Exec" task from assembly "Microsoft.Build.Tasks.Core, Version=15.1.0.0, Culture=neutral, PublicKeyToken=b03f5f7f11d50a3a".
       Task "Exec"
         "C:\Users\Tony\.nuget\packages\microsoft.windowsappsdk\1.6.250108002\buildTransitive\..\tools\net6.0\..\net472\XamlCompiler.exe" "obj\x64\Debug\net8.0-windows10.0.19041.0\win-x64\\input.json" "obj\x64\Debug\net8.0-windows10.0.19041.0\win-x64\\output.json"
   1:7>C:\Users\Tony\.nuget\packages\microsoft.windowsappsdk\1.6.250108002\buildTransitive\Microsoft.UI.Xaml.Markup.Compiler.interop.targets(590,9): error MSB3073: The command ""C:\Users\Tony\.nuget\packages\microsoft.windowsappsdk\1.6.250108002\buildTransitive\..\tools\net6.0\..\net472\XamlCompiler.exe" "obj\x64\Debug\net8.0-windows10.0.19041.0\win-x64\\input.json" "obj\x64\Debug\net8.0-windows10.0.19041.0\win-x64\\output.json"" exited with code 1. [C:\Users\Tony\.gemini\antigravity\scratch\marksmith\MdToPdf\MdToPdf.csproj]
       Done executing task "Exec" -- FAILED.
   1:7>Done building target "MarkupCompilePass1" in project "MdToPdf.csproj" -- FAILED.
   1:7>Target "_CheckForCompileOutputs" in file "C:\Program Files\dotnet\sdk\8.0.423\Microsoft.Common.CurrentVersion.targets" from project "C:\Users\Tony\.gemini\antigravity\scratch\marksmith\MdToPdf\MdToPdf.csproj" (target "_CleanGetCurrentAndPriorFileWrites" depends on it):
   1:7>Done building target "_CheckForCompileOutputs" in project "MdToPdf.csproj".
       Target "_SGenCheckForOutputs" skipped, due to false condition; ('$(_SGenGenerateSerializationAssembliesConfig)' == 'On' or ('@(WebReferenceUrl)'!='' and '$(_SGenGenerateSerializationAssembliesConfig)' == 'Auto')) was evaluated as ('Off' == 'On' or (''!='' and 'Off' == 'Auto')).
   1:7>Target "_CleanGetCurrentAndPriorFileWrites" in file "C:\Program Files\dotnet\sdk\8.0.423\Microsoft.Common.CurrentVersion.targets" from project "C:\Users\Tony\.gemini\antigravity\scratch\marksmith\MdToPdf\MdToPdf.csproj" (target "_CleanRecordFileWrites" depends on it):
       Task "ReadLinesFromFile"
       Done executing task "ReadLinesFromFile".
       Task "ConvertToAbsolutePath"
       Done executing task "ConvertToAbsolutePath".
       Task "FindUnderPath"
         Comparison path is "C:\Users\Tony\.gemini\antigravity\scratch\marksmith\MdToPdf".
       Done executing task "FindUnderPath".
       Task "FindUnderPath"
         Comparison path is "bin\x64\Debug\net8.0-windows10.0.19041.0\win-x64\".
       Done executing task "FindUnderPath".
       Task "FindUnderPath"
         Comparison path is "obj\x64\Debug\net8.0-windows10.0.19041.0\win-x64\".
       Done executing task "FindUnderPath".
       Task "RemoveDuplicates"
       Done executing task "RemoveDuplicates".
   1:7>Done building target "_CleanGetCurrentAndPriorFileWrites" in project "MdToPdf.csproj".
   1:7>Target "_CleanRecordFileWrites" in file "C:\Program Files\dotnet\sdk\8.0.423\Microsoft.Common.CurrentVersion.targets" from project "C:\Users\Tony\.gemini\antigravity\scratch\marksmith\MdToPdf\MdToPdf.csproj" (target "CoreBuild" depends on it):
       Task "RemoveDuplicates"
       Done executing task "RemoveDuplicates".
       Task "MakeDir"
       Done executing task "MakeDir".
       Task "WriteLinesToFile"
         Skipping write to file "obj\x64\Debug\net8.0-windows10.0.19041.0\win-x64\MdToPdf.csproj.FileListAbsolute.txt" because content would not change.
       Done executing task "WriteLinesToFile".
   1:7>Done building target "_CleanRecordFileWrites" in project "MdToPdf.csproj".
   1:7>Done Building Project "C:\Users\Tony\.gemini\antigravity\scratch\marksmith\MdToPdf\MdToPdf.csproj" (default targets) -- FAILED.

Build FAILED.

       "C:\Users\Tony\.gemini\antigravity\scratch\marksmith\MdToPdf\MdToPdf.csproj" (default target) (1:7) ->
       (MarkupCompilePass1 target) -> 
         C:\Users\Tony\.nuget\packages\microsoft.windowsappsdk\1.6.250108002\buildTransitive\Microsoft.UI.Xaml.Markup.Compiler.interop.targets(590,9): error MSB3073: The command ""C:\Users\Tony\.nuget\packages\microsoft.windowsappsdk\1.6.250108002\buildTransitive\..\tools\net6.0\..\net472\XamlCompiler.exe" "obj\x64\Debug\net8.0-windows10.0.19041.0\win-x64\\input.json" "obj\x64\Debug\net8.0-windows10.0.19041.0\win-x64\\output.json"" exited with code 1. [C:\Users\Tony\.gemini\antigravity\scratch\marksmith\MdToPdf\MdToPdf.csproj]

    0 Warning(s)
    1 Error(s)

Time Elapsed 00:00:05.76
